,Year,Player,mvp,G!,MP!,FG!,3P!,FT!,ORB!,DRB!,TRB!,AST!,STL!,BLK!,TOV!,PF!,PTS!,FG%!,3P%!,FT%!,eFG%!,rel_Q4_eFG%!,rel_WL_eFG%!,PTS_CV!,rel_closeout_PTS!,Series_G,GM
0,2026,Jalen Brunson,True,1,1,1,2,1,4,5,5,1,1,7,8,3,1,5,4,3,6,2,5,8,1,5,0
1,2026,OG Anunoby,False,1,2,2,1,2,8,3,4,6,2,1,4,6,2,1,1,2,1,3,6,7,7,5,0
2,2026,Karl-Anthony Towns,False,1,4,3,6,3,2,1,1,4,2,2,7,8,3,3,5,1,3,7,3,6,8,5,0
3,2026,Mikal Bridges,False,1,3,4,3,4,5,4,6,3,5,4,4,2,4,4,2,4,2,8,1,4,3,5,0
4,2026,Josh Hart,False,1,5,5,3,4,3,1,2,1,2,4,6,7,5,6,3,6,4,6,8,1,2,5,0
5,2026,Landry Shamet,False,1,6,5,3,8,5,8,8,6,8,4,1,5,6,7,6,8,7,4,2,2,5,5,0
6,2026,Jose Alvarado,False,1,8,7,7,7,5,7,7,5,6,7,2,3,7,7,7,4,8,1,4,3,6,5,0
7,2026,Mitchell Robinson,False,1,7,8,8,4,1,6,3,8,6,3,2,1,8,2,8,7,4,5,7,5,4,5,0
8,2025,Shai Gilgeous-Alexander,True,1,1,1,4,1,7,2,4,1,2,1,8,6,1,3,6,1,6,6,6,8,6,7,0
9,2025,Jalen Williams,False,1,2,2,4,2,5,3,3,2,5,8,7,7,2,5,5,4,7,4,5,7,7,7,0
10,2025,Chet Holmgren,False,1,4,3,7,3,2,1,1,8,7,1,6,3,3,7,7,2,8,3,3,6,1,7,0
11,2025,Alex Caruso,False,1,5,4,2,4,4,6,6,4,1,3,4,5,4,4,3,3,4,1,4,2,5,7,0
12,2025,Luguentz Dort,False,1,3,5,1,7,3,5,4,5,4,5,1,8,5,6,2,7,1,8,7,5,4,7,0
13,2025,Cason Wallace,False,1,6,6,6,8,6,7,7,5,3,4,2,4,6,2,4,7,3,2,1,3,2,7,0
14,2025,Aaron Wiggins,False,1,8,8,2,6,7,8,8,5,7,6,4,1,7,8,1,5,5,5,2,1,8,7,0
15,2025,Isaiah Hartenstein,False,1,7,7,8,5,1,3,2,3,5,6,3,2,8,1,8,6,2,7,8,4,3,7,0
16,2024,Jayson Tatum,False,1,1,1,3,1,5,1,1,1,4,4,8,5,1,7,5,4,7,5,5,6,1,5,0
17,2024,Jaylen Brown,True,1,2,2,4,2,5,4,4,2,1,3,7,8,2,5,6,6,6,2,1,7,4,5,0
18,2024,Jrue Holiday,False,1,3,3,4,5,1,3,2,3,5,4,6,7,3,2,3,1,4,4,3,4,3,5,0
19,2024,Derrick White,False,1,4,4,1,3,2,5,5,4,2,1,5,5,4,6,4,1,5,1,2,8,4,5,0
20,2024,Sam Hauser,False,1,6,5,2,6,3,7,6,7,6,7,1,3,5,4,1,1,1,6,7,3,6,5,0
21,2024,Kristaps Porzingis,False,8,8,5,8,4,8,6,7,8,8,1,2,1,6,1,7,5,3,8,4,2,8,5,2
22,2024,Al Horford,False,1,5,7,4,7,3,2,3,4,2,4,3,4,7,3,2,7,2,7,8,5,2,5,0
23,2024,Payton Pritchard,False,1,7,8,7,8,7,8,8,6,6,7,3,2,8,8,8,8,8,3,6,1,7,5,0
24,2023,Nikola Jokic,True,1,2,1,2,1,1,1,1,2,5,1,7,8,1,4,3,3,4,4,4,8,6,5,0
25,2023,Jamal Murray,False,1,1,2,1,2,4,4,4,1,2,7,7,5,2,6,4,2,6,5,5,6,7,5,0
26,2023,Aaron Gordon,False,1,3,3,4,5,1,3,3,3,5,4,3,7,3,3,2,8,3,7,6,3,8,5,0
27,2023,Bruce Brown,False,1,6,4,3,4,4,5,5,6,2,3,6,4,4,5,5,6,5,3,3,4,5,5,0
28,2023,Michael Porter Jr.,False,1,5,5,6,6,3,2,2,7,8,5,1,1,5,8,7,5,8,8,2,2,1,5,0
29,2023,Kentavious Caldwell-Pope,False,1,4,7,4,3,6,6,6,4,1,2,5,6,6,7,6,4,7,2,1,7,2,5,0
30,2023,Christian Braun,False,1,7,6,8,8,6,7,7,5,2,5,3,1,7,2,8,7,2,6,7,1,3,5,0
31,2023,Jeff Green,False,1,8,8,7,6,8,8,8,8,7,7,1,1,8,1,1,1,1,1,8,5,4,5,0
32,2022,Stephen Curry,True,1,3,1,1,1,5,2,4,2,1,6,7,7,1,4,2,5,4,8,6,6,2,6,0
33,2022,Andrew Wiggins,False,1,1,2,4,4,3,1,1,4,3,1,5,3,2,5,5,7,6,2,5,7,5,6,0
34,2022,Klay Thompson,False,1,2,3,2,2,5,5,5,5,4,4,3,3,3,7,4,1,7,5,7,5,7,6,0
35,2022,Jordan Poole,False,1,6,4,3,2,8,7,8,6,8,6,6,2,4,6,3,4,5,7,4,8,3,6,0
36,2022,Draymond Green,False,1,4,5,6,5,2,2,2,1,2,3,7,8,5,8,7,8,8,3,2,4,1,6,0
37,2022,Gary Payton II,False,8,8,7,6,5,4,6,6,7,4,5,1,3,6,2,6,6,2,1,1,3,6,6,1
38,2022,Otto Porter Jr.,False,1,7,8,5,7,5,7,7,8,6,6,1,1,7,3,1,1,1,6,8,2,4,6,0
39,2022,Kevon Looney,False,1,5,5,8,7,1,4,3,3,7,2,4,6,8,1,8,1,2,4,3,1,7,6,0
40,2021,Giannis Antetokounmpo,True,1,3,1,7,1,1,1,1,3,3,1,7,7,1,1,8,5,2,3,6,7,1,6,0
41,2021,Khris Middleton,False,1,1,2,1,2,7,2,2,2,2,5,8,5,2,5,4,3,5,4,2,5,7,6,0
42,2021,Jrue Holiday,False,1,2,3,3,3,6,3,3,1,1,2,6,3,3,7,6,2,8,6,1,6,6,6,0
43,2021,Brook Lopez,False,1,6,4,5,4,3,5,5,6,5,2,5,4,4,3,7,4,4,1,4,8,4,6,0
44,2021,Pat Connaughton,False,1,5,5,2,6,4,4,4,4,7,5,4,5,5,4,2,6,1,5,5,4,8,6,0
45,2021,Bobby Portis,False,1,7,6,4,5,4,6,6,6,5,4,1,2,6,6,3,1,5,7,3,3,2,6,0
46,2021,P.J. Tucker,False,1,4,7,6,7,2,7,7,4,4,5,3,8,7,2,1,7,3,8,7,2,5,6,0
47,2021,Bryn Forbes,False,8,8,8,7,7,8,8,8,8,7,5,1,1,8,8,5,7,7,2,8,1,3,6,3
48,2020,LeBron James,True,1,1,1,1,2,2,1,1,1,2,3,8,4,1,1,2,8,1,3,8,8,4,6,0
49,2020,Anthony Davis,False,1,2,2,6,1,1,2,2,3,1,1,7,8,2,2,1,2,2,6,7,7,7,6,0
50,2020,Kentavious Caldwell-Pope,False,1,3,3,2,3,7,5,5,5,3,4,1,6,3,5,7,4,5,2,4,6,2,6,0
51,2020,Rajon Rondo,False,1,4,4,7,5,4,3,3,2,3,7,6,1,4,4,5,3,6,7,1,2,1,6,0
52,2020,Kyle Kuzma,False,1,7,5,5,4,4,7,5,8,7,4,4,5,5,7,6,6,7,4,5,3,8,6,0
53,2020,Danny Green,False,1,6,6,4,8,7,5,5,6,3,2,2,1,6,8,8,1,8,5,2,4,3,6,0
54,2020,Markieff Morris,False,1,8,7,3,7,6,4,4,6,8,7,3,6,6,6,3,5,4,1,6,1,6,6,0
55,2020,Alex Caruso,False,1,5,8,8,6,3,8,8,4,6,4,5,1,8,3,4,7,3,8,3,5,5,6,0
56,2019,Kawhi Leonard,True,1,1,1,2,1,1,1,1,2,1,2,8,4,1,5,4,3,7,6,3,8,6,6,0
57,2019,Pascal Siakam,False,1,2,1,6,3,2,3,2,3,6,3,6,2,2,2,7,7,4,2,1,6,3,6,0
58,2019,Kyle Lowry,False,1,3,3,3,4,7,4,5,1,2,4,7,8,3,6,2,5,5,3,6,5,1,6,0
59,2019,Fred VanVleet,False,1,4,4,1,5,6,7,7,5,3,7,2,3,4,4,1,4,2,4,4,7,2,6,0
60,2019,Marc Gasol,False,1,5,6,5,2,5,2,3,4,6,6,3,7,5,3,6,2,6,1,7,3,8,6,0
61,2019,Serge Ibaka,False,1,7,4,7,6,3,5,4,7,5,1,4,6,6,1,5,6,1,7,5,4,4,6,0
62,2019,Danny Green,False,1,6,7,4,8,4,6,6,6,3,4,4,4,7,7,3,8,3,8,2,2,7,6,0
63,2019,Norman Powell,False,1,8,8,8,7,8,8,8,8,8,7,1,1,8,8,8,1,8,5,8,1,5,6,0
64,2018,Kevin Durant,True,1,1,1,3,1,5,1,1,2,3,1,7,6,1,5,4,4,6,7,1,7,8,4,0
65,2018,Stephen Curry,False,1,3,2,1,2,4,2,2,3,2,4,8,5,2,8,3,1,8,5,1,5,1,4,0
66,2018,Klay Thompson,False,1,4,3,2,3,8,4,4,5,5,7,5,6,3,7,2,5,5,8,1,4,7,4,0
67,2018,Draymond Green,False,1,1,5,4,3,1,3,2,1,1,2,5,8,4,6,5,5,7,3,1,6,3,4,0
68,2018,JaVale McGee,False,1,6,4,6,8,1,7,7,8,8,3,2,2,5,2,6,8,2,6,1,3,5,4,0
69,2018,Shaun Livingston,False,1,5,6,6,3,6,5,6,4,6,8,2,4,6,1,6,1,1,4,1,1,6,4,0
70,2018,Jordan Bell,False,1,7,7,6,6,1,6,5,5,6,5,1,1,7,3,6,7,3,2,1,2,4,4,0
71,2018,Andre Iguodala,False,8,8,8,4,7,6,8,8,7,3,5,2,2,8,4,1,1,4,1,1,8,2,4,2
72,2017,Kevin Durant,True,1,1,1,2,1,3,2,2,2,4,1,6,5,1,2,1,3,1,1,1,8,3,5,0
73,2017,Stephen Curry,False,1,2,2,1,2,1,3,3,1,1,6,8,6,2,5,3,4,5,4,2,6,2,5,0
74,2017,Klay Thompson,False,1,3,3,3,4,4,4,4,5,5,5,4,7,3,7,2,5,4,3,4,3,8,5,0
75,2017,Draymond Green,False,1,4,4,4,3,2,1,1,3,2,3,7,8,4,8,5,6,8,6,5,7,6,5,0
76,2017,Andre Iguodala,False,1,5,5,5,6,4,5,5,4,3,2,5,3,5,4,4,8,2,7,3,2,1,5,0
77,2017,Shaun Livingston,False,1,6,6,7,5,6,8,7,6,6,6,1,3,6,3,7,1,6,8,8,5,7,5,0
78,2017,David West,False,1,7,7,7,8,6,6,6,7,8,3,2,2,7,1,7,7,3,2,7,4,5,5,0
79,2017,Ian Clark,False,8,8,8,6,6,8,7,8,7,6,6,2,1,8,6,6,1,7,5,6,1,4,5,1
80,2016,LeBron James,True,1,1,1,3,1,2,1,1,1,1,1,8,4,1,3,2,4,2,5,4,8,7,7,0
81,2016,Kyrie Irving,False,1,2,2,2,1,4,5,5,2,2,3,7,6,2,4,1,2,5,7,2,6,5,7,0
82,2016,J.R. Smith,False,1,3,4,1,6,7,6,6,3,3,4,3,8,3,5,3,6,4,1,3,5,2,7,0
83,2016,Tristan Thompson,False,1,4,3,8,3,1,2,2,6,6,2,1,7,4,1,8,8,1,4,1,7,6,7,0
84,2016,Kevin Love,False,7,6,5,4,4,4,3,3,4,5,4,6,3,5,6,5,5,6,6,8,3,3,7,1
85,2016,Richard Jefferson,False,1,5,6,6,5,3,4,4,7,4,7,5,4,6,2,6,7,3,8,6,2,8,7,0
86,2016,Iman Shumpert,False,1,7,7,5,8,6,7,7,8,7,4,4,2,7,7,4,1,7,2,7,4,1,7,0
87,2016,Matthew Dellavedova,False,7,8,8,6,7,7,8,8,5,8,8,1,1,8,8,6,3,8,3,4,1,4,7,1
88,2015,Stephen Curry,False,1,1,1,1,2,5,3,4,1,2,7,8,4,1,5,4,3,2,3,4,8,7,6,0
89,2015,Andre Iguodala,True,1,3,2,2,4,4,2,2,3,3,5,5,6,2,1,3,8,1,2,6,6,1,6,0
90,2015,Klay Thompson,False,1,2,3,3,3,7,4,5,5,5,2,4,7,3,6,5,2,5,4,8,3,8,6,0
91,2015,Draymond Green,False,1,3,4,5,1,2,1,1,2,1,1,7,8,4,7,6,6,8,7,2,7,4,6,0
92,2015,Harrison Barnes,False,1,5,5,4,6,1,5,2,6,4,3,1,5,5,8,2,4,7,1,1,5,5,6,0
93,2015,Leandro Barbosa,False,1,7,6,6,8,7,8,8,7,5,7,1,1,6,4,1,1,3,8,5,2,6,6,0
94,2015,Shaun Livingston,False,1,6,6,7,7,5,6,6,4,7,5,5,3,7,2,7,5,4,5,7,4,3,6,0
95,2015,Festus Ezeli,False,8,8,8,7,5,3,7,7,8,8,3,1,2,8,3,7,7,6,6,3,1,2,6,1
96,2014,Tony Parker,False,1,1,1,5,3,7,8,8,2,4,7,6,3,1,7,4,4,7,1,7,8,6,5,0
97,2014,Kawhi Leonard,True,1,3,2,2,2,3,3,3,4,2,1,5,8,2,2,1,2,2,3,2,4,3,5,0
98,2014,Tim Duncan,False,1,4,3,7,1,1,1,1,4,7,2,7,5,3,3,7,6,6,5,5,7,5,5,0
99,2014,Manu Ginóbili,False,1,5,4,3,4,7,4,5,3,3,5,7,7,4,6,4,1,5,7,4,6,2,5,0
100,2014,Patty Mills,False,1,8,5,1,8,6,7,7,7,7,7,1,1,5,4,2,8,1,8,3,3,1,5,0
101,2014,Danny Green,False,1,6,6,4,7,5,6,6,8,1,4,2,6,6,5,3,4,4,4,8,2,8,5,0
102,2014,Boris Diaw,False,1,1,7,6,6,2,2,2,1,4,5,4,1,7,8,6,7,8,6,6,5,4,5,0
103,2014,Tiago Splitter,False,1,7,7,7,5,4,5,4,4,6,3,2,3,7,1,7,3,3,2,1,1,7,5,0
104,2013,LeBron James,True,1,1,1,2,1,2,1,1,1,1,3,7,1,1,6,5,3,5,3,4,8,2,7,0
105,2013,Dwyane Wade,False,1,2,2,6,2,3,3,3,2,2,2,6,1,2,4,6,4,7,7,5,7,3,7,0
106,2013,Chris Bosh,False,1,3,3,6,4,1,2,2,3,2,1,4,8,3,5,6,5,8,4,6,6,8,7,0
107,2013,Ray Allen,False,1,5,5,2,3,5,6,6,5,7,7,5,6,4,3,2,2,3,2,7,5,7,7,0
108,2013,Mario Chalmers,False,1,4,4,1,5,8,4,4,3,4,7,7,6,4,8,4,6,6,5,2,4,3,7,0
109,2013,Shane Battier,False,1,7,7,2,7,5,7,8,6,7,5,1,1,6,7,3,1,4,8,1,1,1,7,0
110,2013,Mike Miller,False,1,6,6,5,8,5,5,4,6,5,5,2,5,7,2,1,8,1,1,8,2,6,7,0
111,2013,Chris Andersen,False,8,8,8,6,6,4,7,7,8,5,4,3,4,8,1,6,7,2,6,3,3,5,7,2
112,2012,LeBron James,True,1,1,1,4,1,1,1,1,1,2,3,8,4,1,3,7,5,4,7,5,8,7,5,0
113,2012,Dwyane Wade,False,1,2,2,6,2,4,3,3,2,3,1,7,7,2,6,4,6,6,4,3,7,7,5,0
114,2012,Chris Bosh,False,1,4,3,6,3,1,2,2,7,5,1,4,2,3,4,4,2,5,8,4,6,2,5,0
115,2012,Shane Battier,False,1,3,4,1,6,5,4,5,4,4,7,2,8,4,1,2,7,1,6,7,5,5,5,0
116,2012,Mario Chalmers,False,1,4,4,2,4,6,6,6,3,1,3,6,6,5,5,6,3,3,3,8,4,4,5,0
117,2012,Mike Miller,False,1,7,6,3,4,6,7,7,4,6,6,1,2,6,2,1,1,2,2,1,1,1,5,0
118,2012,Norris Cole,False,8,7,7,4,8,8,8,8,8,7,7,2,1,7,8,3,8,7,5,6,2,3,5,1
119,2012,Udonis Haslem,False,1,6,8,8,6,3,5,4,4,7,3,4,5,7,7,8,4,8,1,2,3,6,5,0
120,2011,Dirk Nowitzki,True,1,1,1,4,1,6,1,1,5,5,3,7,7,1,6,4,1,7,1,7,8,8,6,0
121,2011,Jason Terry,False,1,5,2,3,2,4,5,6,2,1,6,4,3,2,4,3,3,4,7,3,7,1,6,0
122,2011,Shawn Marion,False,1,4,3,6,4,2,4,3,4,4,3,6,5,3,5,6,2,6,5,5,6,6,6,0
123,2011,Tyson Chandler,False,1,3,5,6,3,1,2,2,6,2,1,3,8,4,2,6,7,3,6,4,4,7,6,0
124,2011,J.J. Barea,False,1,6,4,5,6,3,5,5,2,7,6,5,3,5,8,5,6,8,3,2,1,2,6,0
125,2011,Jason Kidd,False,1,2,6,2,5,6,3,4,1,2,2,8,1,6,7,2,3,5,2,6,2,4,6,0
126,2011,DeShawn Stevenson,False,1,7,7,1,7,8,7,7,7,5,5,2,2,7,3,1,3,1,8,8,3,3,6,0
127,2011,Ian Mahinmi,False,8,8,8,6,7,4,8,8,8,8,6,1,5,8,1,6,8,2,4,1,5,5,6,3
128,2010,Kobe Bryant,True,1,2,1,1,1,3,2,2,1,1,3,8,8,1,6,2,3,4,7,7,8,8,7,0
129,2010,Pau Gasol,False,1,1,2,6,2,1,1,1,2,5,1,7,4,2,2,6,4,2,2,6,7,3,7,0
130,2010,Metta World Peace,False,1,3,3,2,5,3,4,5,4,2,4,6,6,3,7,1,6,7,6,3,4,1,7,0
131,2010,Derek Fisher,False,1,4,5,3,3,6,6,6,3,4,7,4,7,4,5,3,2,6,4,1,5,2,7,0
132,2010,Lamar Odom,False,1,5,4,5,6,5,3,3,4,6,4,5,5,5,1,5,7,1,5,4,6,4,7,0
133,2010,Andrew Bynum,False,1,6,6,6,4,2,4,4,8,7,2,2,3,6,3,6,5,3,1,8,1,7,7,0
134,2010,Shannon Brown,False,1,8,7,6,7,8,8,8,7,8,6,1,1,7,4,6,1,5,8,1,2,5,7,0
135,2010,Jordan Farmar,False,1,7,7,3,8,7,7,7,6,3,7,3,1,7,8,3,8,8,3,5,3,5,7,0
136,2009,Kobe Bryant,True,1,1,1,2,1,5,3,4,1,2,2,8,3,1,5,4,3,5,7,4,8,7,5,0
137,2009,Pau Gasol,False,1,2,2,6,2,1,1,1,2,5,1,5,4,2,2,6,4,2,5,7,6,8,5,0
138,2009,Lamar Odom,False,1,5,3,4,3,1,2,2,6,4,3,7,7,3,3,1,5,3,4,5,4,2,5,0
139,2009,Trevor Ariza,False,1,3,5,1,6,4,4,3,4,1,5,5,5,4,8,3,7,6,6,3,3,1,5,0
140,2009,Derek Fisher,False,1,4,4,3,4,5,5,6,3,3,6,2,5,4,4,2,1,3,2,1,7,3,5,0
141,2009,Andrew Bynum,False,1,6,6,6,4,1,6,5,7,6,4,2,7,6,7,6,6,8,8,2,5,4,5,0
142,2009,Luke Walton,False,1,7,7,6,7,5,7,7,5,8,6,1,2,7,1,6,7,1,1,6,2,6,5,0
143,2009,Jordan Farmar,False,1,8,8,5,8,8,8,8,8,6,6,2,1,8,6,5,1,7,3,8,1,5,5,0
144,2008,Paul Pierce,True,1,2,2,3,1,6,2,3,2,5,5,8,8,1,4,4,4,4,6,2,4,8,6,0
145,2008,Ray Allen,False,1,1,3,1,2,2,3,2,4,3,2,6,4,2,2,1,2,2,2,6,8,3,6,0
146,2008,Kevin Garnett,False,1,3,1,5,3,1,1,1,3,1,1,7,4,3,5,5,5,6,5,5,6,2,6,0
147,2008,Rajon Rondo,False,1,4,4,5,4,3,5,4,1,2,3,5,2,4,7,5,8,8,4,7,2,1,6,0
148,2008,James Posey,False,1,5,5,2,6,6,4,4,7,3,6,4,4,5,3,2,1,1,1,3,3,4,6,0
149,2008,Leon Powe,False,1,8,6,5,5,3,7,6,8,8,7,1,2,6,1,5,7,3,3,1,1,6,6,0
150,2008,Eddie House,False,8,7,7,4,8,8,8,8,5,7,7,1,1,7,8,3,3,5,7,8,6,7,6,2
151,2008,P.J. Brown,False,1,6,8,5,7,5,6,6,6,6,3,1,7,8,6,5,6,7,8,4,5,5,6,0
152,2007,Tony Parker,True,1,2,1,3,3,4,4,4,2,4,3,8,3,1,2,1,5,2,6,1,8,5,4,0
153,2007,Tim Duncan,False,1,3,2,6,2,1,1,1,1,1,1,7,7,2,4,6,4,6,5,1,7,8,4,0
154,2007,Manu Ginóbili,False,1,4,3,1,1,6,2,2,3,1,3,6,8,3,5,2,1,5,2,1,5,1,4,0
155,2007,Bruce Bowen,False,1,1,4,2,6,4,3,3,4,5,2,2,5,4,7,4,7,7,8,1,2,7,4,0
156,2007,Fabricio Oberto,False,1,5,4,6,6,2,5,5,6,6,3,5,6,5,3,6,6,4,3,1,3,2,4,0
157,2007,Francisco Elson,False,1,7,6,6,4,3,8,6,8,6,3,2,3,6,1,6,2,1,4,1,6,4,4,0
158,2007,Michael Finley,False,1,6,6,5,5,6,6,7,5,1,3,1,2,7,8,5,3,8,1,1,4,3,4,0
159,2007,Brent Barry,False,1,8,8,3,8,6,7,8,6,6,3,2,1,8,6,3,8,3,7,1,1,6,4,0
160,2006,Dwyane Wade,True,1,1,1,4,1,3,2,2,2,1,2,8,5,1,4,3,1,5,2,3,8,3,6,0
161,2006,Antoine Walker,False,1,2,2,1,6,5,4,5,4,5,4,5,4,2,6,4,5,7,4,7,7,4,6,0
162,2006,Shaquille O'Neal,False,1,3,2,6,2,2,1,1,3,6,3,7,5,3,2,6,8,2,6,6,6,7,6,0
163,2006,Jason Williams,False,1,4,4,1,5,8,7,8,1,6,5,4,1,4,8,2,4,6,8,4,5,8,6,0
164,2006,James Posey,False,1,5,6,3,3,4,3,4,6,3,5,3,5,5,5,1,2,3,4,2,4,6,6,0
165,2006,Udonis Haslem,False,1,6,4,6,7,1,5,3,6,2,5,6,8,6,3,6,7,4,3,5,3,1,6,0
166,2006,Alonzo Mourning,False,1,8,7,6,4,5,6,6,8,8,1,1,2,7,1,6,3,1,7,8,2,2,6,0
167,2006,Gary Payton,False,1,7,8,5,8,7,8,7,5,3,5,2,2,8,7,5,6,8,1,1,1,5,6,0
168,2005,Tim Duncan,True,1,1,1,7,1,1,1,1,3,5,1,6,5,1,5,7,6,8,4,5,8,1,7,0
169,2005,Manu Ginóbili,False,1,4,3,3,2,4,2,3,1,1,6,8,6,2,1,4,2,2,5,3,6,3,7,0
170,2005,Tony Parker,False,1,3,2,5,5,6,6,6,2,6,6,7,7,3,2,6,8,5,2,6,7,8,7,0
171,2005,Robert Horry,False,1,5,4,1,3,3,4,4,3,2,3,2,2,4,3,2,4,1,1,2,5,1,7,0
172,2005,Bruce Bowen,False,1,2,5,2,6,8,5,5,5,3,3,5,8,5,7,3,6,4,3,7,3,6,7,0
173,2005,Nazr Mohammed,False,1,6,6,7,4,2,3,2,8,6,2,1,2,6,4,7,5,7,7,4,4,7,7,0
174,2005,Brent Barry,False,1,7,7,4,6,5,7,7,6,3,5,2,2,7,6,5,3,3,6,8,2,4,7,0
175,2005,Beno Udrih,False,8,8,8,5,8,6,8,8,7,8,8,2,1,8,8,1,1,6,8,1,1,5,7,2
176,2004,Richard Hamilton,False,1,1,1,2,2,3,4,4,2,5,6,8,3,1,4,2,4,4,4,5,7,5,5,0
177,2004,Chauncey Billups,True,1,4,2,1,1,7,5,5,1,3,6,7,2,2,1,1,2,1,6,2,8,8,5,0
178,2004,Rasheed Wallace,False,1,5,3,3,3,4,2,2,5,7,1,4,8,3,3,3,5,2,3,1,3,7,5,0
179,2004,Ben Wallace,False,1,2,4,6,4,1,1,1,5,1,2,6,7,4,2,6,8,3,2,3,6,1,5,0
180,2004,Tayshaun Prince,False,1,3,5,3,7,2,3,3,3,1,4,2,3,5,6,5,7,5,7,4,4,2,5,0
181,2004,Corliss Williamson,False,1,8,6,6,5,6,6,7,8,8,6,4,1,6,5,6,3,6,8,6,1,3,5,0
182,2004,Lindsey Hunter,False,1,7,8,5,6,8,8,8,7,6,4,1,5,7,8,3,1,8,1,8,5,6,5,0
183,2004,Elden Campbell,False,1,6,6,6,7,5,7,6,4,4,3,3,6,8,7,6,6,7,5,7,2,4,5,0
184,2003,Tim Duncan,True,1,1,1,5,1,1,1,1,1,4,1,7,5,1,3,5,6,3,8,3,8,7,6,0
185,2003,Tony Parker,False,1,3,2,2,4,6,5,6,2,8,8,5,1,2,5,1,7,6,3,2,2,8,6,0
186,2003,David Robinson,False,1,6,4,5,2,2,2,2,7,2,2,1,7,3,1,5,5,1,5,5,7,4,6,0
187,2003,Stephen Jackson,False,1,2,3,1,7,5,3,4,3,2,6,8,5,4,6,2,8,4,2,6,5,2,6,0
188,2003,Manu Ginóbili,False,1,5,6,4,3,4,4,3,4,1,4,4,7,5,7,4,3,7,6,4,6,3,6,0
189,2003,Malik Rose,False,1,7,5,5,6,3,7,5,7,7,4,5,3,6,4,5,1,5,1,1,2,6,6,0
190,2003,Speedy Claxton,False,1,8,7,5,5,8,8,8,5,5,3,2,2,7,2,5,4,2,7,7,1,1,6,0
191,2003,Bruce Bowen,False,1,4,8,3,8,6,5,6,6,5,6,2,3,8,8,3,1,8,3,8,4,5,6,0
192,2002,Shaquille O'Neal,True,1,2,1,7,1,1,1,1,3,4,1,7,3,1,1,7,6,3,7,1,7,8,4,0
193,2002,Kobe Bryant,False,1,1,2,2,2,5,3,4,1,2,3,8,6,2,4,3,5,5,2,1,6,6,4,0
194,2002,Derek Fisher,False,1,5,3,1,4,8,6,6,3,5,8,5,5,3,3,1,7,1,1,1,8,5,4,0
195,2002,Rick Fox,False,1,4,4,3,3,2,4,3,5,2,4,6,8,4,2,4,3,2,6,1,5,6,4,0
196,2002,Robert Horry,False,1,3,5,3,5,2,2,2,2,1,2,4,7,5,5,4,3,4,4,1,4,2,4,0
197,2002,Devean George,False,1,6,6,5,6,4,5,5,7,5,4,1,3,6,6,2,1,6,3,1,3,1,4,0
198,2002,Brian Shaw,False,1,7,7,6,8,5,8,8,6,5,4,1,1,7,7,6,8,7,8,1,2,3,4,0
199,2002,Samaki Walker,False,1,8,8,7,7,5,7,7,7,8,7,3,2,8,8,7,1,8,5,1,1,4,4,0
200,2001,Shaquille O'Neal,True,1,2,1,7,1,1,1,1,2,7,1,8,7,1,2,7,7,3,7,5,8,8,5,0
201,2001,Kobe Bryant,False,1,1,2,5,2,4,2,2,1,2,2,7,5,2,6,5,3,6,5,3,7,3,5,0
202,2001,Derek Fisher,False,1,4,3,1,6,7,7,7,5,1,6,4,7,3,5,3,4,4,3,1,3,2,5,0
203,2001,Rick Fox,False,1,3,4,3,3,5,3,5,3,4,5,6,4,3,4,4,2,5,2,7,1,1,5,0
204,2001,Robert Horry,False,1,5,5,2,4,3,5,4,7,5,2,1,6,5,3,2,1,2,4,2,5,5,5,0
205,2001,Horace Grant,False,1,6,6,7,4,2,4,3,8,7,2,1,2,6,8,7,5,8,8,4,6,4,5,0
206,2001,Tyronn Lue,False,1,8,7,4,8,7,8,8,6,2,6,3,1,7,1,1,8,1,6,6,4,7,5,0
207,2001,Brian Shaw,False,1,7,8,5,7,5,6,6,4,5,8,5,3,7,7,6,6,7,1,8,2,6,5,0
208,2000,Shaquille O'Neal,True,1,1,1,7,1,1,1,1,5,2,1,8,6,1,1,7,8,2,2,7,8,3,6,0
209,2000,Kobe Bryant,False,8,5,2,6,4,4,3,3,3,3,2,4,5,2,8,5,1,8,8,2,1,1,6,1
210,2000,Glen Rice,False,1,2,4,1,2,8,5,6,6,3,4,5,3,3,7,1,7,7,7,4,3,2,6,0
211,2000,Ron Harper,False,1,3,3,3,6,5,4,4,1,1,4,7,3,4,5,4,6,6,6,5,2,8,6,0
212,2000,Robert Horry,False,1,4,4,5,5,3,2,2,4,3,3,5,8,5,4,5,5,5,4,6,5,7,6,0
213,2000,Rick Fox,False,1,7,8,4,2,6,7,7,7,7,6,3,6,6,1,2,2,1,1,3,4,5,6,0
214,2000,Derek Fisher,False,1,6,6,2,8,7,8,8,2,3,6,2,2,7,6,3,4,4,5,1,6,6,6,0
215,2000,A.C. Green,False,1,8,6,7,7,2,6,4,8,8,6,1,1,8,3,7,3,3,3,8,7,4,6,0
216,1999,Tim Duncan,True,1,1,1,6,1,1,1,1,4,2,2,7,4,1,2,6,2,2,6,3,8,2,5,0
217,1999,David Robinson,False,1,3,2,6,2,1,2,2,4,2,1,4,8,2,5,6,3,7,2,6,7,4,5,0
218,1999,Mario Elie,False,1,5,4,3,3,4,3,3,3,1,4,4,6,3,4,4,1,3,5,2,5,4,5,0
219,1999,Avery Johnson,False,1,2,3,6,5,4,4,5,1,6,4,8,3,4,3,6,5,3,7,5,6,3,5,0
220,1999,Sean Elliott,False,1,4,5,2,4,3,4,4,2,5,3,3,6,5,7,5,4,8,4,4,4,8,5,0
221,1999,Jaren Jackson,False,1,6,6,1,6,7,6,6,6,2,4,6,5,6,8,3,6,6,1,1,3,1,5,0
222,1999,Antonio Daniels,False,8,8,7,4,6,8,8,8,7,7,4,1,1,7,1,1,6,1,8,8,1,7,5,1
223,1999,Steve Kerr,False,1,7,7,5,6,4,7,7,8,8,4,1,1,8,6,2,6,5,3,7,2,6,5,0
224,1998,Michael Jordan,True,1,1,1,4,1,5,6,6,5,1,3,5,3,1,4,2,3,6,7,4,8,1,6,0
225,1998,Scottie Pippen,False,1,2,3,2,2,2,2,2,1,2,1,8,6,2,5,5,2,4,8,1,5,8,6,0
226,1998,Toni Kukoč,False,1,3,2,1,3,4,4,4,3,4,3,5,5,3,1,3,7,1,6,7,6,4,6,0
227,1998,Ron Harper,False,1,5,4,5,5,6,2,5,2,3,3,4,3,4,7,6,8,8,1,5,7,3,6,0
228,1998,Luc Longley,False,1,6,4,7,6,3,4,3,6,7,1,7,8,5,3,7,4,5,5,6,4,7,6,0
229,1998,Steve Kerr,False,1,7,7,3,7,7,8,8,4,8,8,1,2,6,8,1,1,2,2,8,2,6,6,0
230,1998,Scott Burrell,False,1,8,6,5,8,8,6,7,8,4,7,1,1,7,6,4,5,7,4,3,1,5,6,0
231,1998,Dennis Rodman,False,1,4,8,7,3,1,1,1,7,4,6,3,7,8,2,7,5,3,3,2,3,2,6,0
232,1997,Michael Jordan,True,1,1,1,3,1,4,3,3,1,2,3,7,3,1,3,3,4,4,2,5,7,1,6,0
233,1997,Scottie Pippen,False,1,1,2,1,2,1,1,1,2,1,1,8,6,2,4,2,3,3,3,7,6,3,6,0
234,1997,Toni Kukoč,False,1,5,5,2,3,7,5,7,3,8,4,3,1,3,5,1,2,2,7,3,8,4,6,0
235,1997,Bison Dele,False,1,7,4,7,4,6,6,6,8,3,6,3,7,4,2,7,6,5,8,8,4,6,6,0
236,1997,Luc Longley,False,1,6,3,7,8,2,7,5,6,5,4,6,4,4,1,7,8,1,5,6,5,8,6,0
237,1997,Ron Harper,False,1,4,6,5,5,5,4,4,4,3,2,1,4,6,7,4,5,7,6,2,3,6,6,0
238,1997,Steve Kerr,False,1,8,7,4,5,8,8,8,7,5,6,1,2,7,6,5,1,6,4,4,2,2,6,0
239,1997,Dennis Rodman,False,1,3,8,6,7,3,2,2,5,5,6,5,8,8,8,6,7,8,1,1,1,5,6,0
240,1996,Michael Jordan,True,1,1,1,3,1,4,3,3,2,2,5,8,5,1,5,2,3,5,1,5,8,8,6,0
241,1996,Scottie Pippen,False,1,2,2,2,2,2,2,2,1,1,2,4,6,2,7,5,6,7,1,1,5,4,6,0
242,1996,Toni Kukoč,False,1,4,3,1,6,3,4,4,3,3,3,4,4,3,4,3,4,3,1,6,7,7,6,0
243,1996,Luc Longley,False,1,5,4,7,3,5,5,5,5,7,1,7,7,4,1,7,5,2,1,8,4,5,6,0
244,1996,Dennis Rodman,False,1,3,5,7,4,1,1,1,4,3,5,4,8,5,3,7,7,4,1,7,6,3,6,0
245,1996,Ron Harper,False,1,6,6,4,4,6,6,6,6,5,3,1,1,6,6,4,1,6,1,4,2,1,6,0
246,1996,Steve Kerr,False,1,7,7,4,7,7,7,7,7,8,7,3,1,7,8,6,2,8,1,2,3,2,6,0
247,1996,Randy Brown,False,1,8,8,6,8,8,8,8,7,5,7,1,3,8,2,1,8,1,1,3,1,6,6,0
248,1995,Hakeem Olajuwon,True,1,2,1,6,3,2,1,1,2,2,2,8,8,1,3,1,6,6,1,1,8,3,4,0
249,1995,Clyde Drexler,False,1,3,2,5,1,1,3,3,1,5,4,5,6,2,5,6,5,7,1,1,7,8,4,0
250,1995,Robert Horry,False,1,1,4,1,4,3,2,2,4,1,1,4,3,3,6,5,7,2,1,1,6,2,4,0
251,1995,Mario Elie,False,1,4,3,2,5,4,4,4,5,2,5,7,3,4,1,2,3,1,1,1,5,1,4,0
252,1995,Sam Cassell,False,1,6,5,4,2,7,6,6,6,4,5,5,3,5,7,3,4,3,1,1,4,5,4,0
253,1995,Kenny Smith,False,1,5,6,2,8,6,8,6,3,6,5,3,2,6,8,4,8,4,1,1,1,6,4,0
254,1995,Chucky Brown,False,1,8,7,7,6,5,5,5,7,7,3,1,1,7,4,7,1,8,1,1,2,7,4,0
255,1995,Charles Jones,False,1,7,8,7,6,7,6,6,7,7,5,1,7,8,2,7,1,5,1,1,2,4,4,0
256,1994,Hakeem Olajuwon,True,1,1,1,6,1,2,2,2,2,1,1,8,8,1,3,1,3,3,1,8,8,5,7,0
257,1994,Vernon Maxwell,False,1,4,2,2,3,6,4,5,5,6,6,7,3,2,6,6,6,6,1,7,5,1,7,0
258,1994,Robert Horry,False,1,3,4,1,4,2,3,3,1,2,2,4,7,3,7,5,7,7,1,4,7,6,7,0
259,1994,Sam Cassell,False,1,6,6,3,2,5,6,6,5,2,3,6,5,4,4,2,2,4,1,1,6,3,7,0
260,1994,Otis Thorpe,False,1,2,3,7,5,1,1,1,3,4,6,3,6,5,2,7,8,2,1,5,4,8,7,0
261,1994,Carl Herrera,False,1,7,5,7,6,4,5,4,8,7,4,2,4,6,1,7,5,1,1,6,3,4,7,0
262,1994,Kenny Smith,False,1,5,7,4,6,8,7,7,4,5,6,5,2,7,5,4,1,5,1,2,2,2,7,0
263,1994,Mario Elie,False,1,8,8,5,8,6,8,8,7,8,4,1,1,8,8,3,4,8,1,3,1,7,7,0
264,1993,Michael Jordan,True,1,1,1,1,1,3,3,3,2,2,4,7,6,1,4,4,2,4,1,6,8,7,6,0
265,1993,Scottie Pippen,False,1,2,2,5,2,2,1,2,1,1,3,8,4,2,6,5,4,6,1,2,7,4,6,0
266,1993,B.J. Armstrong,False,1,3,3,1,4,7,6,6,3,4,5,4,7,3,4,3,1,3,1,5,6,2,6,0
267,1993,Horace Grant,False,1,4,4,5,3,1,2,1,4,3,1,4,8,4,3,5,3,5,1,1,2,8,6,0
268,1993,John Paxson,False,1,7,5,3,7,6,7,7,7,5,5,1,2,5,2,1,7,2,1,7,4,3,6,0
269,1993,Scott Williams,False,1,5,5,5,5,4,4,4,5,5,1,6,4,6,7,5,6,7,1,4,5,5,6,0
270,1993,Bill Cartwright,False,1,6,7,5,5,5,5,5,5,5,5,3,3,7,8,5,5,8,1,3,3,6,6,0
271,1993,Trent Tucker,False,1,8,8,4,7,8,8,8,8,8,8,1,1,8,1,2,7,1,1,8,1,1,6,0
272,1992,Michael Jordan,True,1,1,1,1,1,5,4,4,2,1,4,8,5,1,3,1,1,2,1,2,8,6,6,0
273,1992,Scottie Pippen,False,1,2,2,3,2,1,2,1,1,2,3,7,5,2,6,4,2,6,1,5,7,1,6,0
274,1992,John Paxson,False,1,4,3,2,8,8,7,7,4,3,7,4,3,3,4,2,4,1,1,7,5,2,6,0
275,1992,Horace Grant,False,1,3,4,5,3,3,1,2,3,4,1,3,4,4,1,5,6,3,1,3,4,8,6,0
276,1992,Bill Cartwright,False,1,5,5,5,5,3,5,5,6,5,5,6,5,5,5,5,7,5,1,8,6,5,6,0
277,1992,B.J. Armstrong,False,1,7,6,4,7,7,8,7,5,6,7,5,2,6,8,3,5,8,1,4,3,3,6,0
278,1992,Scott Williams,False,1,6,7,5,4,2,3,3,7,7,2,2,5,7,2,5,3,4,1,6,2,4,6,0
279,1992,Cliff Levingston,False,1,8,8,5,6,5,6,6,8,7,5,1,1,8,7,5,7,7,1,1,1,6,6,0
280,1991,Michael Jordan,True,1,1,1,1,1,3,2,3,1,1,1,7,7,1,4,1,3,4,1,7,8,6,5,0
281,1991,Scottie Pippen,False,1,2,2,2,2,1,1,1,2,2,2,8,8,2,6,3,2,5,1,4,7,1,5,0
282,1991,Horace Grant,False,1,3,3,5,3,2,2,2,5,3,4,6,3,3,2,5,4,2,1,1,4,8,5,0
283,1991,John Paxson,False,1,5,3,2,5,6,6,6,3,4,6,3,3,4,1,2,1,1,1,2,5,2,5,0
284,1991,Bill Cartwright,False,1,4,5,5,4,4,4,4,4,6,4,5,6,5,7,5,5,7,1,5,6,5,5,0
285,1991,Craig Hodges,False,1,7,6,2,6,8,7,7,8,8,6,3,2,6,8,4,6,8,1,6,3,3,5,0
286,1991,Cliff Levingston,False,1,6,7,5,6,4,5,5,7,4,2,1,5,7,3,5,6,3,1,3,1,7,5,0
287,1991,B.J. Armstrong,False,1,8,8,5,6,7,8,7,6,7,6,1,1,8,5,5,6,6,1,8,2,4,5,0
288,1990,Isiah Thomas,True,1,2,1,1,2,3,2,3,1,1,5,8,6,1,2,1,4,1,1,4,8,2,5,0
289,1990,Joe Dumars,False,1,1,2,4,1,8,7,7,2,3,7,7,1,2,6,4,2,6,1,7,6,8,5,0
290,1990,James Edwards,False,1,5,3,5,3,3,6,5,5,4,2,3,7,3,3,5,7,4,1,6,5,6,5,0
291,1990,Bill Laimbeer,False,1,3,5,2,6,2,1,1,3,2,2,1,8,4,4,3,1,3,1,8,4,7,5,0
292,1990,Vinnie Johnson,False,1,7,4,5,5,5,8,8,4,7,2,6,1,5,1,5,3,2,1,2,2,1,5,0
293,1990,Mark Aguirre,False,1,6,6,3,3,6,5,6,5,4,7,4,3,6,8,2,6,7,1,3,3,4,5,0
294,1990,John Salley,False,1,4,7,5,7,1,4,2,8,7,1,2,5,7,7,5,5,8,1,5,7,2,5,0
295,1990,Dennis Rodman,False,8,8,8,5,8,6,3,4,7,4,5,4,4,8,4,5,8,5,1,1,1,5,5,1
296,1989,Joe Dumars,True,1,1,1,4,1,8,8,8,2,2,4,6,1,1,3,4,1,4,1,1,7,6,4,0
297,1989,Isiah Thomas,False,1,2,2,1,2,6,5,6,1,1,4,8,3,2,6,2,3,6,1,1,5,8,4,0
298,1989,Vinnie Johnson,False,1,6,3,3,4,4,4,5,3,7,4,2,2,3,2,3,7,2,1,1,8,5,4,0
299,1989,James Edwards,False,1,5,5,4,3,2,5,4,8,7,2,4,7,4,7,4,4,7,1,1,4,3,4,0
300,1989,Bill Laimbeer,False,1,7,5,1,5,4,1,2,4,2,7,4,6,5,5,1,2,3,1,1,3,1,4,0
301,1989,Mark Aguirre,False,1,3,5,4,5,1,2,1,5,2,7,7,3,6,8,4,4,8,1,1,2,7,4,0
302,1989,John Salley,False,1,8,4,4,7,6,5,6,6,5,1,2,5,6,1,4,8,1,1,1,6,4,4,0
303,1989,Rick Mahorn,False,1,4,8,4,7,2,2,2,7,5,2,1,8,8,4,4,6,5,1,1,1,2,4,0
304,1988,James Worthy,True,1,3,1,4,2,1,3,2,2,4,2,7,3,1,5,4,4,6,1,3,6,1,7,0
305,1988,Magic Johnson,False,1,1,3,3,1,6,2,3,1,1,6,8,8,2,3,2,2,2,1,5,8,6,7,0
306,1988,Byron Scott,False,1,2,2,1,3,4,4,4,4,2,3,6,4,3,6,1,3,4,1,2,7,4,7,0
307,1988,Kareem Abdul-Jabbar,False,1,5,4,4,5,4,5,5,5,5,1,5,5,4,7,4,6,7,1,7,5,8,7,0
308,1988,A.C. Green,False,1,4,5,4,4,2,1,1,6,6,7,3,5,5,2,4,5,3,1,4,4,7,7,0
309,1988,Mychal Thompson,False,1,7,6,4,6,3,6,6,7,7,3,4,2,6,4,4,8,4,1,8,3,3,7,0
310,1988,Michael Cooper,False,1,6,7,2,7,7,7,7,3,3,5,2,5,7,8,3,7,8,1,1,1,2,7,0
311,1988,Tony Campbell,False,8,8,8,4,8,8,8,8,8,7,7,1,1,8,1,4,1,1,1,6,2,5,7,5
312,1987,Magic Johnson,True,1,2,1,2,2,3,1,1,1,1,4,7,1,1,2,2,2,3,1,7,8,8,6,0
313,1987,Kareem Abdul-Jabbar,False,1,3,3,4,1,1,2,2,5,5,1,5,6,2,5,4,7,5,1,3,7,1,6,0
314,1987,James Worthy,False,1,1,2,4,4,3,4,3,3,2,3,6,3,3,4,4,8,4,1,1,6,3,6,0
315,1987,Michael Cooper,False,1,5,5,1,8,8,6,8,2,2,4,7,4,4,3,1,1,1,1,8,5,7,6,0
316,1987,Byron Scott,False,1,4,4,2,4,6,7,6,4,5,7,4,6,5,7,3,3,7,1,2,2,6,6,0
317,1987,Mychal Thompson,False,1,6,6,4,3,5,3,4,6,4,2,2,8,6,1,4,5,2,1,5,3,2,6,0
318,1987,A.C. Green,False,1,7,7,4,6,1,5,4,8,7,4,3,5,7,6,4,6,6,1,4,4,5,6,0
319,1987,Kurt Rambis,False,1,8,8,4,7,7,7,7,7,8,8,1,2,8,8,4,4,8,1,6,1,4,6,0
320,1986,Kevin McHale,False,1,3,1,4,1,1,2,2,4,4,1,8,7,1,3,4,4,4,1,7,8,3,6,0
321,1986,Larry Bird,True,1,1,2,1,3,5,1,1,1,1,4,6,5,2,5,2,1,5,1,3,7,1,6,0
322,1986,Dennis Johnson,False,1,2,4,3,2,4,4,5,3,3,4,7,4,3,7,3,3,7,1,4,6,8,6,0
323,1986,Danny Ainge,False,1,4,3,2,4,6,6,6,2,2,6,4,8,4,4,1,2,3,1,5,5,2,6,0
324,1986,Robert Parish,False,1,5,5,4,5,2,5,3,7,5,2,4,3,5,8,4,5,8,1,1,3,6,6,0
325,1986,Bill Walton,False,1,6,6,4,6,3,3,4,4,5,3,3,5,6,2,4,5,2,1,2,4,5,6,0
326,1986,Jerry Sichting,False,1,7,7,4,7,7,7,7,4,7,7,2,2,7,6,4,7,6,1,6,1,7,6,0
327,1986,Rick Carlisle,False,8,8,8,4,7,8,8,8,8,7,7,1,1,8,1,4,7,1,1,8,2,4,6,3
328,1985,Kareem Abdul-Jabbar,True,1,3,1,4,3,1,2,1,2,5,1,7,8,1,1,4,3,2,1,3,6,2,6,0
329,1985,James Worthy,False,1,2,2,4,1,3,4,4,4,6,2,4,1,2,3,4,5,3,1,2,7,1,6,0
330,1985,Magic Johnson,False,1,1,3,3,2,6,1,3,1,2,8,8,4,3,6,1,2,5,1,5,8,7,6,0
331,1985,Byron Scott,False,1,4,4,1,7,4,5,5,5,1,6,4,1,4,7,2,7,7,1,4,5,3,6,0
332,1985,Michael Cooper,False,1,5,6,1,4,8,8,8,3,4,5,2,4,5,2,2,1,1,1,1,2,6,6,0
333,1985,Bob McAdoo,False,1,7,5,4,7,6,6,7,6,8,2,6,7,6,8,4,4,8,1,6,1,8,6,0
334,1985,Kurt Rambis,False,1,6,7,4,6,2,3,2,6,3,2,3,1,7,5,4,8,5,1,8,3,4,6,0
335,1985,Mitch Kupchak,False,1,8,8,4,5,4,7,6,8,7,6,1,6,8,4,4,6,4,1,7,4,5,6,0
336,1984,Larry Bird,True,1,1,1,1,1,2,1,1,3,1,2,8,4,1,1,1,3,1,1,8,8,8,7,0
337,1984,Dennis Johnson,False,1,3,2,3,3,7,5,5,1,2,4,7,7,2,8,2,1,8,1,2,6,2,7,0
338,1984,Robert Parish,False,1,2,3,5,5,1,2,2,7,2,1,4,8,3,6,5,6,7,1,5,7,5,7,0
339,1984,Kevin McHale,False,1,5,5,5,4,3,3,3,8,7,2,3,4,4,5,5,4,5,1,6,3,7,7,0
340,1984,Cedric Maxwell,False,1,4,6,5,2,4,4,4,4,5,4,4,4,5,4,5,2,4,1,4,5,1,7,0
341,1984,Gerald Henderson,False,1,6,4,5,6,6,7,7,2,4,6,4,3,6,2,5,5,3,1,7,4,6,7,0
342,1984,Danny Ainge,False,1,7,7,3,7,8,8,8,5,6,6,1,2,7,7,4,7,6,1,1,1,3,7,0
343,1984,Scott Wedman,False,8,8,8,2,8,5,6,5,6,8,6,2,1,8,3,2,8,1,1,3,2,4,7,3
344,1983,Moses Malone,True,1,1,1,1,1,1,1,1,5,3,3,6,7,1,4,1,5,4,1,1,8,7,4,0
345,1983,Andrew Toney,False,1,3,2,1,2,5,8,6,2,4,5,8,5,2,6,1,1,6,1,1,7,3,4,0
346,1983,Julius Erving,False,1,2,2,1,3,2,2,2,3,4,1,5,5,3,5,1,2,5,1,1,6,2,4,0
347,1983,Maurice Cheeks,False,1,4,4,1,4,8,6,6,1,1,8,6,4,4,3,1,6,3,1,1,5,1,4,0
348,1983,Bobby Jones,False,1,5,5,1,5,2,4,4,4,2,2,4,2,5,2,1,4,2,1,1,2,3,4,0
349,1983,Clint Richardson,False,1,7,6,1,6,6,5,5,7,4,5,2,2,6,7,1,3,7,1,1,1,6,4,0
350,1983,Marc Iavaroni,False,1,6,7,1,6,4,3,3,5,7,4,3,7,7,1,1,7,1,1,1,3,7,4,0
351,1983,Clemon Johnson,False,8,8,8,1,8,6,7,6,8,7,5,1,1,8,8,1,8,8,1,1,4,5,4,1
352,1982,Jamaal Wilkes,False,1,3,1,2,3,2,6,4,5,3,7,7,4,1,8,2,2,8,1,5,6,1,6,0
353,1982,Kareem Abdul-Jabbar,False,1,4,3,2,2,4,2,2,3,4,1,6,4,2,4,2,6,4,1,6,4,4,6,0
354,1982,Norm Nixon,False,1,2,2,2,4,5,7,7,1,2,6,5,2,3,7,2,4,7,1,4,1,7,6,0
355,1982,Bob McAdoo,False,1,5,4,2,4,5,3,5,7,6,2,3,7,4,1,2,5,2,1,8,8,6,6,0
356,1982,Magic Johnson,True,1,1,5,2,1,1,1,1,2,1,4,8,8,5,3,2,1,3,1,3,3,8,6,0
357,1982,Michael Cooper,False,1,6,5,1,6,7,5,6,4,4,4,4,2,6,2,1,2,1,1,7,5,2,6,0
358,1982,Kurt Rambis,False,1,7,7,2,7,2,3,3,6,6,3,2,4,7,5,2,7,5,1,2,2,3,6,0
359,1982,Mike McGee,False,8,8,8,2,8,8,8,8,8,8,7,1,1,8,6,2,8,6,1,1,7,4,6,4
360,1981,Cedric Maxwell,True,1,2,1,3,1,1,3,2,3,7,2,6,7,1,1,3,5,1,1,4,4,4,6,0
361,1981,Larry Bird,False,1,1,2,2,3,2,1,1,1,1,4,6,5,2,7,1,3,7,1,2,3,1,6,0
362,1981,Robert Parish,False,1,5,2,3,4,2,2,3,6,2,1,6,8,3,4,3,7,5,1,3,7,2,6,0
363,1981,Chris Ford,False,1,4,4,1,6,4,5,5,4,3,7,4,3,4,5,2,4,4,1,1,6,5,6,0
364,1981,Tiny Archibald,False,1,3,5,3,2,8,6,8,2,3,7,5,3,5,8,3,1,8,1,6,8,3,6,0
365,1981,Rick Robey,False,1,7,6,3,5,5,4,4,8,8,6,3,6,6,2,3,8,2,1,7,2,7,6,0
366,1981,Gerald Henderson,False,1,8,6,3,8,5,7,6,5,3,5,2,1,7,3,3,2,3,1,8,1,8,6,0
367,1981,M.L. Carr,False,1,6,8,3,7,5,7,6,6,3,3,1,1,8,6,3,6,6,1,5,5,6,6,0
368,1980,Kareem Abdul-Jabbar,False,7,4,1,1,2,3,1,1,5,6,1,6,4,1,3,1,5,3,1,4,8,7,6,1
369,1980,Magic Johnson,True,1,1,3,1,1,2,2,2,1,1,4,8,2,2,2,1,2,2,1,7,4,1,6,0
370,1980,Jamaal Wilkes,False,1,3,2,1,4,1,5,3,4,4,6,4,8,3,5,1,3,5,1,5,7,2,6,0
371,1980,Norm Nixon,False,1,2,4,1,3,7,6,7,2,2,6,7,3,4,6,1,6,6,1,2,6,8,6,0
372,1980,Michael Cooper,False,1,5,5,1,5,6,7,6,3,3,2,3,6,5,8,1,4,8,1,2,3,3,6,0
373,1980,Jim Chones,False,1,5,6,1,6,4,3,4,6,4,2,5,6,6,4,1,7,4,1,8,5,5,6,0
374,1980,Mark Landsberger,False,1,7,7,1,8,4,4,5,7,6,4,2,5,7,7,1,8,7,1,1,2,6,6,0
375,1980,Brad Holland,False,8,8,8,1,7,8,8,8,7,6,8,1,1,8,1,1,1,1,1,6,1,4,6,3
376,1979,Gus Williams,False,1,4,1,1,1,4,6,6,3,5,3,7,3,1,2,1,5,2,1,8,8,8,5,0
377,1979,Dennis Johnson,True,1,1,2,1,2,5,3,4,2,1,2,7,5,2,6,1,2,6,1,6,7,6,5,0
378,1979,Jack Sikma,False,1,2,3,1,4,3,1,1,5,3,1,5,7,3,1,1,4,1,1,3,6,7,5,0
379,1979,John Johnson,False,1,3,4,1,3,1,2,2,1,3,7,6,4,4,7,1,3,7,1,5,4,4,5,0
380,1979,Fred Brown,False,1,7,6,1,5,7,7,7,4,5,3,3,2,5,4,1,1,4,1,1,3,2,5,0
381,1979,Lonnie Shelton,False,1,5,5,1,6,1,4,3,6,2,3,4,8,6,8,1,6,8,1,4,5,1,5,0
382,1979,Paul Silas,False,1,6,7,1,7,6,5,5,7,7,3,2,5,7,5,1,6,5,1,2,2,5,5,0
383,1979,Dennis Awtrey,False,8,8,8,1,8,8,8,8,8,7,7,1,1,8,2,1,8,2,1,7,1,3,5,1
384,1978,Elvin Hayes,False,1,2,1,1,3,1,2,1,6,2,1,7,8,1,3,1,7,3,1,7,8,8,7,0
385,1978,Bob Dandridge,False,1,1,2,1,2,4,3,3,2,4,2,8,7,2,4,1,6,4,1,5,6,5,7,0
386,1978,Kevin Grevey,False,1,5,3,1,4,5,5,5,5,7,3,4,5,3,7,1,2,7,1,6,2,7,7,0
387,1978,Tom Henderson,False,1,4,5,1,1,7,6,6,1,1,3,4,4,4,5,1,3,5,1,3,7,4,7,0
388,1978,Charles Johnson,False,1,6,4,1,7,6,7,7,4,2,7,3,1,5,6,1,3,6,1,4,4,1,7,0
389,1978,Mitch Kupchak,False,1,7,5,1,5,3,4,4,8,8,5,6,3,5,1,1,5,1,1,2,5,3,7,0
390,1978,Wes Unseld,True,1,3,7,1,6,2,1,2,3,5,6,2,6,7,2,1,8,2,1,8,3,2,7,0
391,1978,Larry Wright,False,1,8,8,1,8,8,8,8,6,6,7,1,1,8,8,1,1,8,1,1,1,6,7,0
392,1977,Maurice Lucas,False,1,2,3,1,1,3,2,2,4,1,2,1,8,1,5,1,6,5,1,7,8,8,6,0
393,1977,Bill Walton,True,1,1,1,1,4,1,1,1,1,5,1,1,6,2,2,1,4,2,1,6,7,4,6,0
394,1977,Bob Gross,False,1,5,2,1,6,2,4,4,4,1,4,1,7,3,1,1,1,1,1,1,5,1,6,0
395,1977,Lionel Hollins,False,1,3,4,1,2,6,6,6,3,4,4,1,5,4,8,1,7,8,1,5,6,2,6,0
396,1977,Johnny Davis,False,1,4,5,1,3,5,5,5,2,1,7,1,4,5,6,1,3,6,1,2,4,3,6,0
397,1977,Lloyd Neal,False,1,7,6,1,7,4,3,3,6,8,3,1,2,6,3,1,5,3,1,3,3,7,6,0
398,1977,Dave Twardzik,False,1,6,7,1,5,8,7,7,7,5,6,1,2,6,4,1,8,4,1,4,2,5,6,0
399,1977,Herm Gilliam,False,8,8,8,1,8,7,8,8,7,7,7,1,1,8,7,1,2,7,1,8,1,6,6,1
400,1976,Jo Jo White,True,1,1,2,1,1,6,3,5,1,2,6,1,5,1,4,1,3,4,1,4,6,8,6,0
401,1976,Dave Cowens,False,1,2,1,1,2,2,1,1,3,3,2,1,7,2,2,1,8,2,1,7,8,2,6,0
402,1976,John Havlicek,False,1,3,3,1,2,4,5,4,2,5,1,1,4,3,7,1,7,7,1,1,5,7,6,0
403,1976,Charlie Scott,False,1,5,4,1,4,3,3,3,3,1,2,1,8,4,8,1,4,8,1,2,4,1,6,0
404,1976,Paul Silas,False,1,4,5,1,4,1,2,2,5,3,6,1,6,5,3,1,6,3,1,6,7,4,6,0
405,1976,Steve Kuberski,False,1,6,6,1,6,5,6,6,7,7,5,1,3,6,5,1,1,5,1,5,3,3,6,0
406,1976,Don Nelson,False,1,7,7,1,7,6,7,7,8,6,6,1,1,7,6,1,1,6,1,8,1,5,6,0
407,1976,Jim Ard,False,8,8,7,1,8,6,8,8,6,7,2,1,1,8,1,1,5,1,1,3,2,6,6,1
408,1975,Rick Barry,True,1,1,1,1,1,5,5,5,1,1,3,1,5,1,4,1,2,4,1,1,6,8,4,0
409,1975,Jamaal Wilkes,False,1,3,2,1,3,2,1,2,7,3,3,1,2,2,8,1,3,8,1,1,8,3,4,0
410,1975,Phil Smith,False,1,5,4,1,2,4,7,8,3,7,2,1,7,3,5,1,4,5,1,1,4,7,4,0
411,1975,Derrek Dickey,False,1,8,3,1,7,5,3,3,8,8,7,1,5,4,1,1,1,1,1,1,5,5,4,0
412,1975,Jeff Mullins,False,1,6,4,1,8,3,8,6,6,6,5,1,1,5,3,1,8,3,1,1,7,4,4,0
413,1975,Charles Johnson,False,1,4,6,1,5,7,4,4,4,4,5,1,3,6,7,1,6,7,1,1,3,6,4,0
414,1975,Butch Beard,False,1,7,8,1,4,8,5,6,4,2,7,1,8,7,6,1,5,6,1,1,1,1,4,0
415,1975,Clifford Ray,False,1,2,7,1,5,1,2,1,2,4,1,1,4,8,2,1,7,2,1,1,2,2,4,0
416,1974,John Havlicek,True,1,1,1,1,1,4,3,3,2,2,4,1,6,1,6,1,3,6,1,7,8,8,7,0
417,1974,Dave Cowens,False,1,3,2,1,2,1,1,1,3,4,1,1,8,2,5,1,5,5,1,2,7,3,7,0
418,1974,Jo Jo White,False,1,2,3,1,5,5,5,6,1,3,4,1,3,3,1,1,6,1,1,4,6,5,7,0
419,1974,Don Chaney,False,1,4,4,1,3,2,6,5,5,1,1,1,7,4,3,1,2,3,1,5,5,7,7,0
420,1974,Paul Silas,False,1,5,5,1,4,3,1,2,4,4,3,1,2,5,8,1,4,8,1,3,4,1,7,0
421,1974,Don Nelson,False,1,6,5,1,6,7,4,4,7,7,4,1,3,6,2,1,8,2,1,6,3,4,7,0
422,1974,Paul Westphal,False,1,7,7,1,7,8,7,8,6,6,4,1,5,7,7,1,7,7,1,8,2,2,7,0
423,1974,Hank Finkel,False,1,8,8,1,8,6,8,7,8,7,4,1,1,8,4,1,1,4,1,1,1,6,7,0
424,1973,Bill Bradley,False,1,2,1,1,1,1,1,5,3,1,1,1,4,1,5,1,1,5,1,6,6,5,5,0
425,1973,Walt Frazier,False,1,1,3,1,1,1,1,3,1,1,1,1,5,2,4,1,7,4,1,3,8,5,5,0
426,1973,Willis Reed,True,1,5,2,1,6,1,1,2,5,1,1,1,8,3,3,1,2,3,1,4,7,4,5,0
427,1973,Earl Monroe,False,1,4,4,1,3,1,1,7,2,1,1,1,2,4,1,1,6,1,1,8,5,1,5,0
428,1973,Dave DeBusschere,False,1,3,5,1,3,1,1,1,6,1,1,1,7,5,6,1,4,6,1,7,2,8,5,0
429,1973,Phil Jackson,False,1,6,7,1,5,1,1,4,6,1,1,1,5,6,8,1,3,8,1,2,4,7,5,0
430,1973,Jerry Lucas,False,1,7,6,1,7,1,1,6,4,1,1,1,3,7,7,1,4,7,1,5,3,3,5,0
431,1973,Dean Meminger,False,1,8,8,1,8,1,1,8,8,1,1,1,1,8,2,1,8,2,1,1,1,2,5,0
432,1972,Gail Goodrich,False,1,5,1,1,1,1,1,6,2,1,1,1,8,1,3,1,3,3,1,4,8,5,5,0
433,1972,Jerry West,False,1,3,3,1,2,1,1,5,1,1,1,1,3,2,7,1,4,7,1,3,5,2,5,0
434,1972,Wilt Chamberlain,True,1,1,2,1,4,1,1,1,2,1,1,1,7,3,1,1,7,1,1,1,4,1,5,0
435,1972,Jim McMillian,False,1,2,4,1,3,1,1,3,4,1,1,1,6,4,6,1,2,6,1,5,6,2,5,0
436,1972,Happy Hairston,False,1,4,5,1,5,1,1,2,4,1,1,1,4,5,4,1,5,4,1,6,7,6,5,0
437,1972,Pat Riley,False,1,6,6,1,6,1,1,7,7,1,1,1,4,6,8,1,6,8,1,2,3,4,5,0
438,1972,Leroy Ellis,False,1,7,7,1,7,1,1,3,6,1,1,1,2,7,2,1,8,2,1,7,2,7,5,0
439,1972,Flynn Robinson,False,8,8,8,1,7,1,1,8,8,1,1,1,1,8,5,1,1,5,1,8,1,8,5,3
440,1971,Kareem Abdul-Jabbar,True,1,1,1,1,2,1,1,1,3,1,1,1,4,1,1,1,5,1,1,1,8,6,4,0
441,1971,Oscar Robertson,False,1,2,3,1,1,1,1,4,1,1,1,1,8,2,3,1,4,3,1,1,7,1,4,0
442,1971,Bob Dandridge,False,1,3,2,1,3,1,1,2,2,1,1,1,7,3,4,1,6,4,1,1,5,5,4,0
443,1971,Jon McGlocklin,False,1,5,5,1,5,1,1,8,3,1,1,1,3,4,2,1,2,2,1,1,6,4,4,0
444,1971,Greg Smith,False,1,4,4,1,7,1,1,3,5,1,1,1,4,5,5,1,7,5,1,1,3,2,4,0
445,1971,Lucius Allen,False,1,6,6,1,4,1,1,6,5,1,1,1,2,6,7,1,1,7,1,1,4,8,4,0
446,1971,Bob Boozer,False,1,7,7,1,6,1,1,5,7,1,1,1,4,7,6,1,3,6,1,1,2,7,4,0
447,1971,McCoy McLemore,False,8,8,8,1,8,1,1,7,7,1,1,1,1,8,8,1,7,8,1,1,1,3,4,1
448,1970,Willis Reed,True,8,5,2,1,3,1,1,2,5,1,1,1,4,1,3,1,8,3,1,3,4,8,7,1
449,1970,Dave DeBusschere,False,1,3,1,1,4,1,1,1,4,1,1,1,6,2,4,1,7,4,1,5,8,5,7,0
450,1970,Dick Barnett,False,1,2,3,1,2,1,1,7,2,1,1,1,8,3,5,1,5,5,1,7,7,3,7,0
451,1970,Walt Frazier,False,1,1,4,1,1,1,1,3,1,1,1,1,5,4,1,1,6,1,1,2,5,1,7,0
452,1970,Bill Bradley,False,1,4,5,1,5,1,1,5,3,1,1,1,7,5,7,1,3,7,1,4,6,2,7,0
453,1970,Cazzie Russell,False,1,6,6,1,6,1,1,6,7,1,1,1,2,6,2,1,1,2,1,8,2,7,7,0
454,1970,Dave Stallworth,False,1,7,7,1,6,1,1,4,6,1,1,1,1,7,6,1,1,6,1,6,3,6,7,0
455,1970,Mike Riordan,False,1,8,8,1,8,1,1,8,7,1,1,1,2,8,8,1,4,8,1,1,1,4,7,0
456,1969,John Havlicek,False,1,1,1,1,1,1,1,2,2,1,1,1,4,1,3,1,4,3,1,4,7,6,7,0
457,1969,Sam Jones,False,1,4,2,1,3,1,1,6,5,1,1,1,2,2,1,1,5,1,1,2,8,2,7,0
458,1969,Larry Siegfried,False,1,6,3,1,2,1,1,7,3,1,1,1,7,3,7,1,2,7,1,3,4,8,7,0
459,1969,Don Nelson,False,1,7,4,1,3,1,1,3,6,1,1,1,3,4,4,1,6,4,1,1,2,3,7,0
460,1969,Em Bryant,False,1,3,5,1,5,1,1,5,4,1,1,1,5,5,5,1,3,5,1,5,3,1,7,0
461,1969,Bailey Howell,False,1,5,5,1,7,1,1,4,7,1,1,1,8,6,8,1,7,8,1,6,5,5,7,0
462,1969,Bill Russell,False,1,1,7,1,6,1,1,1,1,1,1,1,6,7,6,1,8,6,1,7,6,7,7,0
463,1969,Tom Sanders,False,8,8,8,1,8,1,1,8,8,1,1,1,1,8,2,1,1,2,1,8,1,4,7,2
