Year,Series,Team,Player,PTS_mean,PTS_std,PTS_CV,PTS_G
2026,2026_nba_finals_knicks_vs_spurs,NYK,Jalen Brunson,32.6,9.099,0.279,5
2026,2026_nba_finals_knicks_vs_spurs,SAS,Victor Wembanyama,26.0,4.95,0.19,5
2026,2026_nba_finals_knicks_vs_spurs,NYK,OG Anunoby,21.2,9.011,0.425,5
2026,2026_nba_finals_knicks_vs_spurs,SAS,Dylan Harper,18.0,4.899,0.272,5
2026,2026_nba_finals_knicks_vs_spurs,SAS,Stephon Castle,14.6,6.189,0.424,5
2026,2026_nba_finals_knicks_vs_spurs,NYK,Karl-Anthony Towns,13.0,7.314,0.563,5
2026,2026_nba_finals_knicks_vs_spurs,SAS,De'Aaron Fox,12.8,6.058,0.473,5
2026,2026_nba_finals_knicks_vs_spurs,SAS,Devin Vassell,12.8,3.421,0.267,5
2026,2026_nba_finals_knicks_vs_spurs,SAS,Julian Champagnie,11.0,4.472,0.407,5
2026,2026_nba_finals_knicks_vs_spurs,NYK,Mikal Bridges,10.4,6.877,0.661,5
2026,2026_nba_finals_knicks_vs_spurs,NYK,Josh Hart,7.6,6.731,0.886,5
2026,2026_nba_finals_knicks_vs_spurs,NYK,Landry Shamet,6.8,5.933,0.872,5
2026,2026_nba_finals_knicks_vs_spurs,SAS,Keldon Johnson,4.4,2.408,0.547,5
2026,2026_nba_finals_knicks_vs_spurs,NYK,Jose Alvarado,4.2,3.347,0.797,5
2026,2026_nba_finals_knicks_vs_spurs,NYK,Mitchell Robinson,3.6,2.302,0.639,5
2026,2026_nba_finals_knicks_vs_spurs,NYK,Jordan Clarkson,3.5,4.435,1.267,4
2026,2026_nba_finals_knicks_vs_spurs,NYK,Miles McBride,2.2,3.033,1.379,5
2026,2026_nba_finals_knicks_vs_spurs,SAS,Carter Bryant,1.8,2.168,1.204,5
2026,2026_nba_finals_knicks_vs_spurs,SAS,Luke Kornet,0.6,0.894,1.491,5
2026,2026_nba_finals_knicks_vs_spurs,NYK,Ariel Hukporti,0.0,0.0,0.0,2
2026,2026_nba_finals_knicks_vs_spurs,SAS,Harrison Barnes,0.0,0.0,0.0,2
2026,2026_nba_finals_knicks_vs_spurs,NYK,Jeremy Sochan,0.0,0.0,0.0,3
2025,2025_nba_finals_pacers_vs_thunder,OKC,Shai Gilgeous-Alexander,30.286,6.102,0.201,7
2025,2025_nba_finals_pacers_vs_thunder,OKC,Jalen Williams,23.571,8.384,0.356,7
2025,2025_nba_finals_pacers_vs_thunder,IND,Pascal Siakam,19.286,4.461,0.231,7
2025,2025_nba_finals_pacers_vs_thunder,IND,Tyrese Haliburton,14.0,5.972,0.427,7
2025,2025_nba_finals_pacers_vs_thunder,IND,Bennedict Mathurin,12.429,9.676,0.779,7
2025,2025_nba_finals_pacers_vs_thunder,OKC,Chet Holmgren,12.286,6.075,0.494,7
2025,2025_nba_finals_pacers_vs_thunder,IND,T.J. McConnell,12.0,3.697,0.308,7
2025,2025_nba_finals_pacers_vs_thunder,IND,Andrew Nembhard,11.714,3.729,0.318,7
2025,2025_nba_finals_pacers_vs_thunder,IND,Obi Toppin,11.0,7.616,0.692,7
2025,2025_nba_finals_pacers_vs_thunder,IND,Myles Turner,10.571,4.791,0.453,7
2025,2025_nba_finals_pacers_vs_thunder,OKC,Alex Caruso,10.143,7.841,0.773,7
2025,2025_nba_finals_pacers_vs_thunder,IND,Aaron Nesmith,9.429,3.91,0.415,7
2025,2025_nba_finals_pacers_vs_thunder,OKC,Luguentz Dort,8.143,4.488,0.551,7
2025,2025_nba_finals_pacers_vs_thunder,OKC,Cason Wallace,6.0,3.606,0.601,7
2025,2025_nba_finals_pacers_vs_thunder,OKC,Aaron Wiggins,5.857,7.244,1.237,7
2025,2025_nba_finals_pacers_vs_thunder,OKC,Isaiah Hartenstein,5.571,3.101,0.557,7
2025,2025_nba_finals_pacers_vs_thunder,OKC,Isaiah Joe,4.8,4.207,0.876,5
2025,2025_nba_finals_pacers_vs_thunder,OKC,Jaylin Williams,3.333,3.512,1.054,3
2025,2025_nba_finals_pacers_vs_thunder,IND,Tony Bradley,3.0,1.0,0.333,3
2025,2025_nba_finals_pacers_vs_thunder,IND,Ben Sheppard,2.857,2.41,0.844,7
2025,2025_nba_finals_pacers_vs_thunder,IND,Thomas Bryant,1.667,2.251,1.351,6
2025,2025_nba_finals_pacers_vs_thunder,OKC,Dillon Jones,1.333,2.309,1.732,3
2025,2025_nba_finals_pacers_vs_thunder,OKC,Ajay Mitchell,1.0,1.155,1.155,4
2025,2025_nba_finals_pacers_vs_thunder,IND,James Johnson,1.0,1.414,1.414,2
2025,2025_nba_finals_pacers_vs_thunder,OKC,Kenrich Williams,1.0,1.732,1.732,7
2025,2025_nba_finals_pacers_vs_thunder,OKC,Ousmane Dieng,1.0,1.732,1.732,3
2025,2025_nba_finals_pacers_vs_thunder,IND,Johnny Furphy,0.5,1.0,2.0,4
2024,2024_nba_finals_mavericks_vs_celtics,DAL,Luka Dončić,29.2,1.924,0.066,5
2024,2024_nba_finals_mavericks_vs_celtics,BOS,Jayson Tatum,22.2,8.106,0.365,5
2024,2024_nba_finals_mavericks_vs_celtics,BOS,Jaylen Brown,20.8,7.12,0.342,5
2024,2024_nba_finals_mavericks_vs_celtics,DAL,Kyrie Irving,19.8,9.094,0.459,5
2024,2024_nba_finals_mavericks_vs_celtics,BOS,Jrue Holiday,14.4,6.877,0.478,5
2024,2024_nba_finals_mavericks_vs_celtics,BOS,Derrick White,13.8,4.604,0.334,5
2024,2024_nba_finals_mavericks_vs_celtics,BOS,Kristaps Porziņģis,12.333,7.506,0.609,3
2024,2024_nba_finals_mavericks_vs_celtics,DAL,P.J. Washington,10.8,5.541,0.513,5
2024,2024_nba_finals_mavericks_vs_celtics,BOS,Sam Hauser,8.2,4.266,0.52,5
2024,2024_nba_finals_mavericks_vs_celtics,DAL,Daniel Gafford,8.0,2.915,0.364,5
2024,2024_nba_finals_mavericks_vs_celtics,BOS,Al Horford,7.0,2.915,0.416,5
2024,2024_nba_finals_mavericks_vs_celtics,DAL,Derrick Jones Jr.,6.6,3.782,0.573,5
2024,2024_nba_finals_mavericks_vs_celtics,DAL,Dereck Lively II,5.6,4.93,0.88,5
2024,2024_nba_finals_mavericks_vs_celtics,DAL,Josh Green,5.4,4.827,0.894,5
2024,2024_nba_finals_mavericks_vs_celtics,DAL,Jaden Hardy,4.2,5.357,1.276,5
2024,2024_nba_finals_mavericks_vs_celtics,DAL,Danté Exum,3.8,3.768,0.992,5
2024,2024_nba_finals_mavericks_vs_celtics,DAL,Tim Hardaway Jr.,3.75,7.5,2.0,4
2024,2024_nba_finals_mavericks_vs_celtics,BOS,Payton Pritchard,3.4,4.506,1.325,5
2024,2024_nba_finals_mavericks_vs_celtics,DAL,Markieff Morris,3.0,0.0,0.0,1
2024,2024_nba_finals_mavericks_vs_celtics,BOS,Xavier Tillman Sr.,3.0,0.0,0.0,2
2024,2024_nba_finals_mavericks_vs_celtics,BOS,Oshae Brissett,2.333,4.041,1.732,3
2024,2024_nba_finals_mavericks_vs_celtics,BOS,Neemias Queta,2.0,0.0,0.0,1
2024,2024_nba_finals_mavericks_vs_celtics,DAL,Maxi Kleber,1.8,2.049,1.139,5
2024,2024_nba_finals_mavericks_vs_celtics,BOS,Svi Mykhailiuk,1.667,1.528,0.917,3
2024,2024_nba_finals_mavericks_vs_celtics,DAL,A.J. Lawson,1.0,1.414,1.414,2
2024,2024_nba_finals_mavericks_vs_celtics,BOS,Luke Kornet,0.667,1.155,1.732,3
2024,2024_nba_finals_mavericks_vs_celtics,DAL,Dwight Powell,0.0,0.0,0.0,3
2024,2024_nba_finals_mavericks_vs_celtics,BOS,Jaden Springer,0.0,0.0,0.0,1
2024,2024_nba_finals_mavericks_vs_celtics,BOS,Jordan Walsh,0.0,0.0,0.0,1
2024,2024_nba_finals_mavericks_vs_celtics,DAL,Olivier-Maxence Prosper,0.0,0.0,0.0,2
2023,2023_nba_finals_heat_vs_nuggets,DEN,Nikola Jokić,30.2,6.834,0.226,5
2023,2023_nba_finals_heat_vs_nuggets,MIA,Bam Adebayo,21.8,2.49,0.114,5
2023,2023_nba_finals_heat_vs_nuggets,MIA,Jimmy Butler,21.6,5.639,0.261,5
2023,2023_nba_finals_heat_vs_nuggets,DEN,Jamal Murray,21.4,8.473,0.396,5
2023,2023_nba_finals_heat_vs_nuggets,DEN,Aaron Gordon,14.0,8.456,0.604,5
2023,2023_nba_finals_heat_vs_nuggets,DEN,Bruce Brown,11.4,5.857,0.514,5
2023,2023_nba_finals_heat_vs_nuggets,MIA,Gabe Vincent,11.4,9.072,0.796,5
2023,2023_nba_finals_heat_vs_nuggets,MIA,Kyle Lowry,10.8,1.789,0.166,5
2023,2023_nba_finals_heat_vs_nuggets,DEN,Michael Porter Jr.,9.6,5.941,0.619,5
2023,2023_nba_finals_heat_vs_nuggets,MIA,Duncan Robinson,7.8,3.701,0.475,5
2023,2023_nba_finals_heat_vs_nuggets,MIA,Caleb Martin,7.4,4.037,0.546,5
2023,2023_nba_finals_heat_vs_nuggets,DEN,Kentavious Caldwell-Pope,7.4,2.074,0.28,5
2023,2023_nba_finals_heat_vs_nuggets,MIA,Kevin Love,6.75,3.775,0.559,4
2023,2023_nba_finals_heat_vs_nuggets,DEN,Christian Braun,5.8,5.975,1.03,5
2023,2023_nba_finals_heat_vs_nuggets,MIA,Max Strus,5.8,6.723,1.159,5
2023,2023_nba_finals_heat_vs_nuggets,DEN,Jeff Green,4.8,2.387,0.497,5
2023,2023_nba_finals_heat_vs_nuggets,MIA,Haywood Highsmith,3.6,8.05,2.236,5
2023,2023_nba_finals_heat_vs_nuggets,MIA,Cody Zeller,0.8,1.789,2.236,5
2023,2023_nba_finals_heat_vs_nuggets,DEN,DeAndre Jordan,0.0,0.0,0.0,1
2023,2023_nba_finals_heat_vs_nuggets,MIA,Nikola Jović,0.0,0.0,0.0,2
2023,2023_nba_finals_heat_vs_nuggets,MIA,Omer Yurtseven,0.0,0.0,0.0,2
2023,2023_nba_finals_heat_vs_nuggets,DEN,Peyton Watson,0.0,0.0,0.0,1
2023,2023_nba_finals_heat_vs_nuggets,DEN,Reggie Jackson,0.0,0.0,0.0,1
2023,2023_nba_finals_heat_vs_nuggets,DEN,Thomas Bryant,0.0,0.0,0.0,1
2023,2023_nba_finals_heat_vs_nuggets,MIA,Udonis Haslem,0.0,0.0,0.0,1
2023,2023_nba_finals_heat_vs_nuggets,DEN,Vlatko Čančar,0.0,0.0,0.0,1
2023,2023_nba_finals_heat_vs_nuggets,DEN,Zeke Nnaji,0.0,0.0,0.0,1
2022,2022_nba_finals_celtics_vs_warriors,GSW,Stephen Curry,31.167,8.841,0.284,6
2022,2022_nba_finals_celtics_vs_warriors,BOS,Jaylen Brown,23.5,6.348,0.27,6
2022,2022_nba_finals_celtics_vs_warriors,BOS,Jayson Tatum,21.5,7.176,0.334,6
2022,2022_nba_finals_celtics_vs_warriors,GSW,Andrew Wiggins,18.333,4.844,0.264,6
2022,2022_nba_finals_celtics_vs_warriors,GSW,Klay Thompson,17.0,5.404,0.318,6
2022,2022_nba_finals_celtics_vs_warriors,BOS,Marcus Smart,15.167,8.11,0.535,6
2022,2022_nba_finals_celtics_vs_warriors,GSW,Jordan Poole,13.167,3.061,0.232,6
2022,2022_nba_finals_celtics_vs_warriors,BOS,Al Horford,12.5,8.597,0.688,6
2022,2022_nba_finals_celtics_vs_warriors,BOS,Derrick White,9.833,7.935,0.807,6
2022,2022_nba_finals_celtics_vs_warriors,BOS,Robert Williams,7.5,2.95,0.393,6
2022,2022_nba_finals_celtics_vs_warriors,GSW,Gary Payton II,7.0,4.848,0.693,5
2022,2022_nba_finals_celtics_vs_warriors,GSW,Draymond Green,6.167,4.119,0.668,6
2022,2022_nba_finals_celtics_vs_warriors,GSW,Otto Porter Jr.,5.167,3.817,0.739,6
2022,2022_nba_finals_celtics_vs_warriors,GSW,Kevon Looney,5.0,4.147,0.829,6
2022,2022_nba_finals_celtics_vs_warriors,BOS,Grant Williams,4.167,3.43,0.823,6
2022,2022_nba_finals_celtics_vs_warriors,BOS,Payton Pritchard,2.667,3.077,1.154,6
2022,2022_nba_finals_celtics_vs_warriors,GSW,Nemanja Bjelica,1.8,2.683,1.491,5
2022,2022_nba_finals_celtics_vs_warriors,GSW,Andre Iguodala,1.75,3.5,2.0,4
2022,2022_nba_finals_celtics_vs_warriors,BOS,Luke Kornet,1.667,1.528,0.917,3
2022,2022_nba_finals_celtics_vs_warriors,BOS,Daniel Theis,1.5,2.121,1.414,2
2022,2022_nba_finals_celtics_vs_warriors,BOS,Aaron Nesmith,1.4,1.949,1.392,5
2022,2022_nba_finals_celtics_vs_warriors,BOS,Malik Fitts,1.0,1.732,1.732,3
2022,2022_nba_finals_celtics_vs_warriors,BOS,Nik Stauskas,0.6,1.342,2.236,5
2022,2022_nba_finals_celtics_vs_warriors,BOS,Sam Hauser,0.6,1.342,2.236,5
2022,2022_nba_finals_celtics_vs_warriors,GSW,Moses Moody,0.5,1.0,2.0,4
2022,2022_nba_finals_celtics_vs_warriors,GSW,Damion Lee,0.0,0.0,0.0,4
2022,2022_nba_finals_celtics_vs_warriors,GSW,Jonathan Kuminga,0.0,0.0,0.0,4
2022,2022_nba_finals_celtics_vs_warriors,GSW,Juan Toscano-Anderson,0.0,0.0,0.0,4
2022,2022_nba_finals_celtics_vs_warriors,BOS,Juwan Morgan,0.0,0.0,0.0,4
2021,2021_nba_finals_bucks_vs_suns,MIL,Giannis Antetokounmpo,35.167,11.179,0.318,6
2021,2021_nba_finals_bucks_vs_suns,PHO,Devin Booker,28.167,12.287,0.436,6
2021,2021_nba_finals_bucks_vs_suns,MIL,Khris Middleton,24.0,10.583,0.441,6
2021,2021_nba_finals_bucks_vs_suns,PHO,Chris Paul,21.833,7.36,0.337,6
2021,2021_nba_finals_bucks_vs_suns,MIL,Jrue Holiday,16.667,6.408,0.384,6
2021,2021_nba_finals_bucks_vs_suns,PHO,Deandre Ayton,14.667,6.282,0.428,6
2021,2021_nba_finals_bucks_vs_suns,PHO,Mikal Bridges,12.0,8.295,0.691,6
2021,2021_nba_finals_bucks_vs_suns,PHO,Jae Crowder,11.667,5.989,0.513,6
2021,2021_nba_finals_bucks_vs_suns,MIL,Brook Lopez,11.5,3.391,0.295,6
2021,2021_nba_finals_bucks_vs_suns,MIL,Pat Connaughton,9.167,5.231,0.571,6
2021,2021_nba_finals_bucks_vs_suns,PHO,Cameron Johnson,8.5,3.782,0.445,6
2021,2021_nba_finals_bucks_vs_suns,MIL,Bobby Portis,7.667,5.354,0.698,6
2021,2021_nba_finals_bucks_vs_suns,PHO,Cameron Payne,7.333,3.077,0.42,6
2021,2021_nba_finals_bucks_vs_suns,MIL,P.J. Tucker,4.0,3.464,0.866,6
2021,2021_nba_finals_bucks_vs_suns,MIL,Bryn Forbes,3.0,3.0,1.0,3
2021,2021_nba_finals_bucks_vs_suns,PHO,Frank Kaminsky,3.0,3.464,1.155,4
2021,2021_nba_finals_bucks_vs_suns,MIL,Jordan Nwora,3.0,0.0,0.0,1
2021,2021_nba_finals_bucks_vs_suns,PHO,Torrey Craig,2.833,2.041,0.72,6
2021,2021_nba_finals_bucks_vs_suns,PHO,Ty-Shon Alexander,2.0,0.0,0.0,1
2021,2021_nba_finals_bucks_vs_suns,MIL,Jeff Teague,1.5,1.761,1.174,6
2021,2021_nba_finals_bucks_vs_suns,PHO,Abdel Nader,0.0,0.0,0.0,2
2021,2021_nba_finals_bucks_vs_suns,PHO,Dario Šarić,0.0,0.0,0.0,1
2021,2021_nba_finals_bucks_vs_suns,MIL,Elijah Bryant,0.0,0.0,0.0,1
2021,2021_nba_finals_bucks_vs_suns,MIL,Sam Merrill,0.0,0.0,0.0,1
2021,2021_nba_finals_bucks_vs_suns,MIL,Thanasis Antetokounmpo,0.0,0.0,0.0,1
2020,2020_nba_finals_heat_vs_lakers,LAL,LeBron James,29.833,5.776,0.194,6
2020,2020_nba_finals_heat_vs_lakers,MIA,Jimmy Butler,26.167,9.988,0.382,6
2020,2020_nba_finals_heat_vs_lakers,LAL,Anthony Davis,25.0,7.537,0.301,6
2020,2020_nba_finals_heat_vs_lakers,MIA,Bam Adebayo,15.25,7.136,0.468,4
2020,2020_nba_finals_heat_vs_lakers,MIA,Tyler Herro,14.667,4.844,0.33,6
2020,2020_nba_finals_heat_vs_lakers,LAL,Kentavious Caldwell-Pope,12.833,4.401,0.343,6
2020,2020_nba_finals_heat_vs_lakers,MIA,Duncan Robinson,12.5,8.689,0.695,6
2020,2020_nba_finals_heat_vs_lakers,MIA,Kelly Olynyk,11.6,8.735,0.753,5
2020,2020_nba_finals_heat_vs_lakers,MIA,Jae Crowder,11.167,1.602,0.143,6
2020,2020_nba_finals_heat_vs_lakers,MIA,Kendrick Nunn,10.5,5.357,0.51,6
2020,2020_nba_finals_heat_vs_lakers,LAL,Rajon Rondo,8.667,7.09,0.818,6
2020,2020_nba_finals_heat_vs_lakers,LAL,Kyle Kuzma,8.5,6.189,0.728,6
2020,2020_nba_finals_heat_vs_lakers,LAL,Danny Green,7.5,4.037,0.538,6
2020,2020_nba_finals_heat_vs_lakers,LAL,Markieff Morris,7.5,6.535,0.871,6
2020,2020_nba_finals_heat_vs_lakers,MIA,Meyers Leonard,7.0,0.0,0.0,2
2020,2020_nba_finals_heat_vs_lakers,LAL,Alex Caruso,6.333,2.582,0.408,6
2020,2020_nba_finals_heat_vs_lakers,MIA,Goran Dragić,5.5,0.707,0.129,2
2020,2020_nba_finals_heat_vs_lakers,MIA,Andre Iguodala,3.167,3.189,1.007,6
2020,2020_nba_finals_heat_vs_lakers,MIA,Solomon Hill,3.0,2.16,0.72,4
2020,2020_nba_finals_heat_vs_lakers,LAL,Dwight Howard,2.833,2.041,0.72,6
2020,2020_nba_finals_heat_vs_lakers,LAL,Quinn Cook,1.5,2.121,1.414,2
2020,2020_nba_finals_heat_vs_lakers,LAL,J.R. Smith,1.0,1.732,1.732,3
2020,2020_nba_finals_heat_vs_lakers,MIA,Derrick Jones Jr.,0.5,1.0,2.0,4
2020,2020_nba_finals_heat_vs_lakers,LAL,Jared Dudley,0.0,0.0,0.0,3
2019,2019_nba_finals_warriors_vs_raptors,GSW,Stephen Curry,30.5,9.418,0.309,6
2019,2019_nba_finals_warriors_vs_raptors,TOR,Kawhi Leonard,28.5,5.788,0.203,6
2019,2019_nba_finals_warriors_vs_raptors,GSW,Klay Thompson,26.0,3.391,0.13,5
2019,2019_nba_finals_warriors_vs_raptors,TOR,Pascal Siakam,19.833,7.91,0.399,6
2019,2019_nba_finals_warriors_vs_raptors,TOR,Kyle Lowry,16.167,7.468,0.462,6
2019,2019_nba_finals_warriors_vs_raptors,TOR,Fred VanVleet,14.0,5.06,0.361,6
2019,2019_nba_finals_warriors_vs_raptors,GSW,Draymond Green,12.5,3.507,0.281,6
2019,2019_nba_finals_warriors_vs_raptors,TOR,Marc Gasol,12.0,6.928,0.577,6
2019,2019_nba_finals_warriors_vs_raptors,TOR,Serge Ibaka,11.333,6.154,0.543,6
2019,2019_nba_finals_warriors_vs_raptors,GSW,Kevin Durant,11.0,0.0,0.0,1
2019,2019_nba_finals_warriors_vs_raptors,GSW,Andre Iguodala,9.167,6.853,0.748,6
2019,2019_nba_finals_warriors_vs_raptors,GSW,DeMarcus Cousins,8.333,4.59,0.551,6
2019,2019_nba_finals_warriors_vs_raptors,TOR,Danny Green,7.333,6.501,0.887,6
2019,2019_nba_finals_warriors_vs_raptors,GSW,Kevon Looney,5.8,4.025,0.694,5
2019,2019_nba_finals_warriors_vs_raptors,GSW,Quinn Cook,4.833,3.764,0.779,6
2019,2019_nba_finals_warriors_vs_raptors,GSW,Shaun Livingston,4.667,2.422,0.519,6
2019,2019_nba_finals_warriors_vs_raptors,GSW,Jonas Jerebko,3.5,3.0,0.857,4
2019,2019_nba_finals_warriors_vs_raptors,GSW,Andrew Bogut,2.4,3.286,1.369,5
2019,2019_nba_finals_warriors_vs_raptors,GSW,Alfonzo McKinnie,2.167,2.229,1.029,6
2019,2019_nba_finals_warriors_vs_raptors,TOR,Norman Powell,1.833,2.714,1.48,6
2019,2019_nba_finals_warriors_vs_raptors,GSW,Jordan Bell,1.5,1.0,0.667,4
2019,2019_nba_finals_warriors_vs_raptors,TOR,Patrick McCaw,0.75,1.5,2.0,4
2019,2019_nba_finals_warriors_vs_raptors,GSW,Damian Jones,0.0,0.0,0.0,1
2019,2019_nba_finals_warriors_vs_raptors,GSW,Jacob Evans,0.0,0.0,0.0,3
2019,2019_nba_finals_warriors_vs_raptors,TOR,Jeremy Lin,0.0,0.0,0.0,1
2019,2019_nba_finals_warriors_vs_raptors,TOR,Jodie Meeks,0.0,0.0,0.0,1
2019,2019_nba_finals_warriors_vs_raptors,TOR,Malcolm Miller,0.0,0.0,0.0,1
2018,2018_nba_finals_cavaliers_vs_warriors,CLE,LeBron James,34.0,12.055,0.355,4
2018,2018_nba_finals_cavaliers_vs_warriors,GSW,Kevin Durant,28.75,9.912,0.345,4
2018,2018_nba_finals_cavaliers_vs_warriors,GSW,Stephen Curry,27.5,11.475,0.417,4
2018,2018_nba_finals_cavaliers_vs_warriors,CLE,Kevin Love,19.0,4.082,0.215,4
2018,2018_nba_finals_cavaliers_vs_warriors,GSW,Klay Thompson,16.0,7.118,0.445,4
2018,2018_nba_finals_cavaliers_vs_warriors,GSW,Andre Iguodala,9.5,2.121,0.223,2
2018,2018_nba_finals_cavaliers_vs_warriors,CLE,J.R. Smith,9.5,3.317,0.349,4
2018,2018_nba_finals_cavaliers_vs_warriors,GSW,Draymond Green,9.25,3.304,0.357,4
2018,2018_nba_finals_cavaliers_vs_warriors,GSW,JaVale McGee,8.0,3.651,0.456,4
2018,2018_nba_finals_cavaliers_vs_warriors,CLE,George Hill,7.5,5.26,0.701,4
2018,2018_nba_finals_cavaliers_vs_warriors,GSW,Shaun Livingston,7.5,3.786,0.505,4
2018,2018_nba_finals_cavaliers_vs_warriors,CLE,Rodney Hood,6.75,6.994,1.036,4
2018,2018_nba_finals_cavaliers_vs_warriors,CLE,Tristan Thompson,6.75,3.775,0.559,4
2018,2018_nba_finals_cavaliers_vs_warriors,GSW,Jordan Bell,5.75,2.872,0.5,4
2018,2018_nba_finals_cavaliers_vs_warriors,CLE,Larry Nance Jr.,5.75,2.986,0.519,4
2018,2018_nba_finals_cavaliers_vs_warriors,CLE,Jeff Green,5.25,1.708,0.325,4
2018,2018_nba_finals_cavaliers_vs_warriors,GSW,Zaza Pachulia,4.0,2.828,0.707,2
2018,2018_nba_finals_cavaliers_vs_warriors,CLE,Jordan Clarkson,3.0,1.414,0.471,2
2018,2018_nba_finals_cavaliers_vs_warriors,GSW,Kevon Looney,2.5,3.786,1.514,4
2018,2018_nba_finals_cavaliers_vs_warriors,CLE,Ante Žižić,2.0,2.0,1.0,3
2018,2018_nba_finals_cavaliers_vs_warriors,GSW,David West,1.75,1.258,0.719,4
2018,2018_nba_finals_cavaliers_vs_warriors,CLE,Kyle Korver,1.5,1.291,0.861,4
2018,2018_nba_finals_cavaliers_vs_warriors,CLE,Cedi Osman,1.333,1.155,0.866,3
2018,2018_nba_finals_cavaliers_vs_warriors,CLE,José Calderón,1.333,2.309,1.732,3
2018,2018_nba_finals_cavaliers_vs_warriors,GSW,Nick Young,1.25,1.5,1.2,4
2018,2018_nba_finals_cavaliers_vs_warriors,GSW,Quinn Cook,1.0,1.414,1.414,2
2018,2018_nba_finals_cavaliers_vs_warriors,GSW,Patrick McCaw,0.5,1.0,2.0,4
2017,2017_nba_finals_cavaliers_vs_warriors,GSW,Kevin Durant,35.2,3.347,0.095,5
2017,2017_nba_finals_cavaliers_vs_warriors,CLE,LeBron James,33.6,5.983,0.178,5
2017,2017_nba_finals_cavaliers_vs_warriors,CLE,Kyrie Irving,29.4,9.154,0.311,5
2017,2017_nba_finals_cavaliers_vs_warriors,GSW,Stephen Curry,26.8,7.823,0.292,5
2017,2017_nba_finals_cavaliers_vs_warriors,GSW,Klay Thompson,16.4,9.555,0.583,5
2017,2017_nba_finals_cavaliers_vs_warriors,CLE,Kevin Love,16.0,8.944,0.559,5
2017,2017_nba_finals_cavaliers_vs_warriors,CLE,J.R. Smith,11.8,10.232,0.867,5
2017,2017_nba_finals_cavaliers_vs_warriors,GSW,Draymond Green,11.0,3.162,0.287,5
2017,2017_nba_finals_cavaliers_vs_warriors,GSW,Andre Iguodala,8.6,6.504,0.756,5
2017,2017_nba_finals_cavaliers_vs_warriors,GSW,Shaun Livingston,6.6,3.435,0.52,5
2017,2017_nba_finals_cavaliers_vs_warriors,CLE,Richard Jefferson,5.8,3.271,0.564,5
2017,2017_nba_finals_cavaliers_vs_warriors,CLE,Tristan Thompson,5.6,6.269,1.119,5
2017,2017_nba_finals_cavaliers_vs_warriors,GSW,Ian Clark,4.75,4.113,0.866,4
2017,2017_nba_finals_cavaliers_vs_warriors,CLE,Kyle Korver,4.4,3.507,0.797,5
2017,2017_nba_finals_cavaliers_vs_warriors,GSW,David West,4.2,2.28,0.543,5
2017,2017_nba_finals_cavaliers_vs_warriors,CLE,Iman Shumpert,3.6,2.51,0.697,5
2017,2017_nba_finals_cavaliers_vs_warriors,GSW,Zaza Pachulia,3.2,3.633,1.135,5
2017,2017_nba_finals_cavaliers_vs_warriors,CLE,Dahntay Jones,3.0,3.606,1.202,3
2017,2017_nba_finals_cavaliers_vs_warriors,GSW,JaVale McGee,2.75,1.5,0.545,4
2017,2017_nba_finals_cavaliers_vs_warriors,CLE,Derrick Williams,2.333,2.517,1.079,3
2017,2017_nba_finals_cavaliers_vs_warriors,GSW,Patrick McCaw,2.2,2.49,1.132,5
2017,2017_nba_finals_cavaliers_vs_warriors,CLE,Channing Frye,2.0,0.0,0.0,1
2017,2017_nba_finals_cavaliers_vs_warriors,CLE,Deron Williams,1.0,2.236,2.236,5
2017,2017_nba_finals_cavaliers_vs_warriors,GSW,James Michael McAdoo,1.0,1.155,1.155,4
2017,2017_nba_finals_cavaliers_vs_warriors,GSW,Matt Barnes,0.6,1.342,2.236,5
2017,2017_nba_finals_cavaliers_vs_warriors,CLE,James Jones,0.0,0.0,0.0,3
2016,2016_nba_finals_cavaliers_vs_warriors,CLE,LeBron James,29.714,8.655,0.291,7
2016,2016_nba_finals_cavaliers_vs_warriors,CLE,Kyrie Irving,27.143,9.668,0.356,7
2016,2016_nba_finals_cavaliers_vs_warriors,GSW,Stephen Curry,22.571,9.108,0.404,7
2016,2016_nba_finals_cavaliers_vs_warriors,GSW,Klay Thompson,19.571,10.031,0.513,7
2016,2016_nba_finals_cavaliers_vs_warriors,GSW,Draymond Green,16.5,11.059,0.67,6
2016,2016_nba_finals_cavaliers_vs_warriors,CLE,J.R. Smith,10.571,5.653,0.535,7
2016,2016_nba_finals_cavaliers_vs_warriors,CLE,Tristan Thompson,10.286,3.2,0.311,7
2016,2016_nba_finals_cavaliers_vs_warriors,GSW,Harrison Barnes,9.286,6.264,0.675,7
2016,2016_nba_finals_cavaliers_vs_warriors,GSW,Andre Iguodala,9.143,3.976,0.435,7
2016,2016_nba_finals_cavaliers_vs_warriors,CLE,Kevin Love,8.5,5.206,0.612,6
2016,2016_nba_finals_cavaliers_vs_warriors,GSW,Shaun Livingston,8.286,5.469,0.66,7
2016,2016_nba_finals_cavaliers_vs_warriors,GSW,Leandro Barbosa,8.167,4.446,0.544,6
2016,2016_nba_finals_cavaliers_vs_warriors,CLE,Richard Jefferson,5.714,3.904,0.683,7
2016,2016_nba_finals_cavaliers_vs_warriors,CLE,Jordan McRae,4.0,0.0,0.0,1
2016,2016_nba_finals_cavaliers_vs_warriors,GSW,Ian Clark,3.25,2.872,0.884,4
2016,2016_nba_finals_cavaliers_vs_warriors,GSW,Andrew Bogut,3.2,4.147,1.296,5
2016,2016_nba_finals_cavaliers_vs_warriors,CLE,Iman Shumpert,3.0,1.826,0.609,7
2016,2016_nba_finals_cavaliers_vs_warriors,CLE,Matthew Dellavedova,2.667,2.338,0.877,6
2016,2016_nba_finals_cavaliers_vs_warriors,GSW,Festus Ezeli,2.0,2.309,1.155,7
2016,2016_nba_finals_cavaliers_vs_warriors,GSW,Marreese Speights,2.0,2.646,1.323,7
2016,2016_nba_finals_cavaliers_vs_warriors,CLE,Mo Williams,1.5,1.761,1.174,6
2016,2016_nba_finals_cavaliers_vs_warriors,CLE,Timofey Mozgov,1.4,2.191,1.565,5
2016,2016_nba_finals_cavaliers_vs_warriors,CLE,Dahntay Jones,1.333,2.16,1.62,6
2016,2016_nba_finals_cavaliers_vs_warriors,GSW,James Michael McAdoo,1.333,1.155,0.866,3
2016,2016_nba_finals_cavaliers_vs_warriors,GSW,Anderson Varejão,1.167,1.169,1.002,6
2016,2016_nba_finals_cavaliers_vs_warriors,CLE,Channing Frye,0.5,1.0,2.0,4
2016,2016_nba_finals_cavaliers_vs_warriors,GSW,Brandon Rush,0.2,0.447,2.236,5
2016,2016_nba_finals_cavaliers_vs_warriors,CLE,James Jones,0.2,0.447,2.236,5
2015,2015_nba_finals_cavaliers_vs_warriors,CLE,LeBron James,35.833,8.681,0.242,6
2015,2015_nba_finals_cavaliers_vs_warriors,GSW,Stephen Curry,26.0,6.132,0.236,6
2015,2015_nba_finals_cavaliers_vs_warriors,CLE,Kyrie Irving,23.0,0.0,0.0,1
2015,2015_nba_finals_cavaliers_vs_warriors,GSW,Andre Iguodala,16.333,6.377,0.39,6
2015,2015_nba_finals_cavaliers_vs_warriors,GSW,Klay Thompson,15.833,10.381,0.656,6
2015,2015_nba_finals_cavaliers_vs_warriors,CLE,Timofey Mozgov,14.0,9.778,0.698,6
2015,2015_nba_finals_cavaliers_vs_warriors,GSW,Draymond Green,13.0,4.0,0.308,6
2015,2015_nba_finals_cavaliers_vs_warriors,CLE,J.R. Smith,11.5,5.089,0.443,6
2015,2015_nba_finals_cavaliers_vs_warriors,CLE,Tristan Thompson,10.0,6.899,0.69,6
2015,2015_nba_finals_cavaliers_vs_warriors,GSW,Harrison Barnes,8.833,4.792,0.543,6
2015,2015_nba_finals_cavaliers_vs_warriors,CLE,Matthew Dellavedova,7.5,7.342,0.979,6
2015,2015_nba_finals_cavaliers_vs_warriors,CLE,Iman Shumpert,6.5,2.429,0.374,6
2015,2015_nba_finals_cavaliers_vs_warriors,GSW,David Lee,5.5,5.323,0.968,4
2015,2015_nba_finals_cavaliers_vs_warriors,GSW,Leandro Barbosa,5.167,4.07,0.788,6
2015,2015_nba_finals_cavaliers_vs_warriors,GSW,Shaun Livingston,5.0,2.966,0.593,6
2015,2015_nba_finals_cavaliers_vs_warriors,GSW,Festus Ezeli,4.4,3.782,0.859,5
2015,2015_nba_finals_cavaliers_vs_warriors,CLE,James Jones,3.333,3.777,1.133,6
2015,2015_nba_finals_cavaliers_vs_warriors,GSW,Marreese Speights,3.0,4.359,1.453,3
2015,2015_nba_finals_cavaliers_vs_warriors,GSW,Andrew Bogut,2.5,1.915,0.766,4
2015,2015_nba_finals_cavaliers_vs_warriors,CLE,Kendrick Perkins,2.0,0.0,0.0,1
2015,2015_nba_finals_cavaliers_vs_warriors,CLE,Mike Miller,0.6,1.342,2.236,5
2015,2015_nba_finals_cavaliers_vs_warriors,CLE,Joe Harris,0.5,0.707,1.414,2
2015,2015_nba_finals_cavaliers_vs_warriors,GSW,James Michael McAdoo,0.0,0.0,0.0,1
2015,2015_nba_finals_cavaliers_vs_warriors,GSW,Justin Holiday,0.0,0.0,0.0,1
2014,2014_nba_finals_heat_vs_spurs,MIA,LeBron James,28.2,5.07,0.18,5
2014,2014_nba_finals_heat_vs_spurs,SAS,Tony Parker,18.0,2.449,0.136,5
2014,2014_nba_finals_heat_vs_spurs,SAS,Kawhi Leonard,17.8,8.701,0.489,5
2014,2014_nba_finals_heat_vs_spurs,SAS,Tim Duncan,15.4,4.219,0.274,5
2014,2014_nba_finals_heat_vs_spurs,MIA,Dwyane Wade,15.2,5.167,0.34,5
2014,2014_nba_finals_heat_vs_spurs,SAS,Manu Ginóbili,14.4,5.273,0.366,5
2014,2014_nba_finals_heat_vs_spurs,MIA,Chris Bosh,14.0,3.937,0.281,5
2014,2014_nba_finals_heat_vs_spurs,SAS,Patty Mills,10.2,5.07,0.497,5
2014,2014_nba_finals_heat_vs_spurs,MIA,Ray Allen,9.8,4.087,0.417,5
2014,2014_nba_finals_heat_vs_spurs,SAS,Danny Green,9.2,5.762,0.626,5
2014,2014_nba_finals_heat_vs_spurs,MIA,Michael Beasley,9.0,0.0,0.0,1
2014,2014_nba_finals_heat_vs_spurs,MIA,Rashard Lewis,8.6,5.814,0.676,5
2014,2014_nba_finals_heat_vs_spurs,SAS,Boris Diaw,6.2,2.775,0.448,5
2014,2014_nba_finals_heat_vs_spurs,SAS,Tiago Splitter,6.2,4.712,0.76,5
2014,2014_nba_finals_heat_vs_spurs,SAS,Marco Belinelli,4.6,2.51,0.546,5
2014,2014_nba_finals_heat_vs_spurs,MIA,Mario Chalmers,4.4,2.302,0.523,5
2014,2014_nba_finals_heat_vs_spurs,MIA,Norris Cole,3.2,3.033,0.948,5
2014,2014_nba_finals_heat_vs_spurs,MIA,James Jones,2.75,5.5,2.0,4
2014,2014_nba_finals_heat_vs_spurs,MIA,Chris Andersen,2.6,1.817,0.699,5
2014,2014_nba_finals_heat_vs_spurs,SAS,Aron Baynes,2.0,0.0,0.0,3
2014,2014_nba_finals_heat_vs_spurs,SAS,Jeff Ayres,1.667,1.528,0.917,3
2014,2014_nba_finals_heat_vs_spurs,MIA,Toney Douglas,1.333,1.528,1.146,3
2014,2014_nba_finals_heat_vs_spurs,SAS,Matt Bonner,1.25,1.5,1.2,4
2014,2014_nba_finals_heat_vs_spurs,MIA,Udonis Haslem,1.0,1.155,1.155,4
2014,2014_nba_finals_heat_vs_spurs,SAS,Cory Joseph,0.667,1.155,1.732,3
2014,2014_nba_finals_heat_vs_spurs,MIA,Greg Oden,0.0,0.0,0.0,2
2014,2014_nba_finals_heat_vs_spurs,MIA,Shane Battier,0.0,0.0,0.0,4
2013,2013_nba_finals_spurs_vs_heat,MIA,LeBron James,25.286,8.845,0.35,7
2013,2013_nba_finals_spurs_vs_heat,MIA,Dwyane Wade,19.571,7.502,0.383,7
2013,2013_nba_finals_spurs_vs_heat,SAS,Tim Duncan,18.857,7.081,0.376,7
2013,2013_nba_finals_spurs_vs_heat,SAS,Tony Parker,15.714,6.824,0.434,7
2013,2013_nba_finals_spurs_vs_heat,SAS,Kawhi Leonard,14.571,4.756,0.326,7
2013,2013_nba_finals_spurs_vs_heat,SAS,Danny Green,14.0,9.129,0.652,7
2013,2013_nba_finals_spurs_vs_heat,MIA,Chris Bosh,11.857,6.176,0.521,7
2013,2013_nba_finals_spurs_vs_heat,SAS,Manu Ginóbili,11.571,7.208,0.623,7
2013,2013_nba_finals_spurs_vs_heat,MIA,Mario Chalmers,10.571,7.345,0.695,7
2013,2013_nba_finals_spurs_vs_heat,MIA,Ray Allen,10.571,6.949,0.657,7
2013,2013_nba_finals_spurs_vs_heat,SAS,Gary Neal,9.429,7.368,0.781,7
2013,2013_nba_finals_spurs_vs_heat,MIA,Shane Battier,5.571,6.451,1.158,7
2013,2013_nba_finals_spurs_vs_heat,MIA,Mike Miller,5.286,5.765,1.091,7
2013,2013_nba_finals_spurs_vs_heat,SAS,Tiago Splitter,4.857,2.035,0.419,7
2013,2013_nba_finals_spurs_vs_heat,MIA,Chris Andersen,4.4,3.435,0.781,5
2013,2013_nba_finals_spurs_vs_heat,SAS,Boris Diaw,4.0,3.578,0.894,6
2013,2013_nba_finals_spurs_vs_heat,SAS,DeJuan Blair,3.667,4.726,1.289,3
2013,2013_nba_finals_spurs_vs_heat,MIA,Norris Cole,3.0,3.464,1.155,5
2013,2013_nba_finals_spurs_vs_heat,MIA,James Jones,2.0,1.732,0.866,3
2013,2013_nba_finals_spurs_vs_heat,SAS,Patty Mills,2.0,0.0,0.0,2
2013,2013_nba_finals_spurs_vs_heat,SAS,Cory Joseph,1.833,3.125,1.705,6
2013,2013_nba_finals_spurs_vs_heat,SAS,Matt Bonner,1.833,2.229,1.216,6
2013,2013_nba_finals_spurs_vs_heat,MIA,Udonis Haslem,1.5,1.975,1.317,6
2013,2013_nba_finals_spurs_vs_heat,MIA,Rashard Lewis,1.333,2.309,1.732,3
2013,2013_nba_finals_spurs_vs_heat,MIA,Joel Anthony,0.5,1.0,2.0,4
2013,2013_nba_finals_spurs_vs_heat,SAS,Nando De Colo,0.0,0.0,0.0,2
2013,2013_nba_finals_spurs_vs_heat,SAS,Tracy McGrady,0.0,0.0,0.0,2
2012,2012_nba_finals_heat_vs_thunder,OKC,Kevin Durant,30.6,4.219,0.138,5
2012,2012_nba_finals_heat_vs_thunder,MIA,LeBron James,28.6,2.608,0.091,5
2012,2012_nba_finals_heat_vs_thunder,OKC,Russell Westbrook,27.0,9.798,0.363,5
2012,2012_nba_finals_heat_vs_thunder,MIA,Dwyane Wade,22.6,2.881,0.127,5
2012,2012_nba_finals_heat_vs_thunder,MIA,Chris Bosh,14.6,5.814,0.398,5
2012,2012_nba_finals_heat_vs_thunder,OKC,James Harden,12.4,7.127,0.575,5
2012,2012_nba_finals_heat_vs_thunder,MIA,Shane Battier,11.6,5.55,0.478,5
2012,2012_nba_finals_heat_vs_thunder,MIA,Mario Chalmers,10.4,9.236,0.888,5
2012,2012_nba_finals_heat_vs_thunder,OKC,Serge Ibaka,7.0,2.55,0.364,5
2012,2012_nba_finals_heat_vs_thunder,MIA,Mike Miller,6.2,9.497,1.532,5
2012,2012_nba_finals_heat_vs_thunder,OKC,Royal Ivey,6.0,0.0,0.0,1
2012,2012_nba_finals_heat_vs_thunder,OKC,Derek Fisher,5.6,4.615,0.824,5
2012,2012_nba_finals_heat_vs_thunder,OKC,Kendrick Perkins,4.8,3.033,0.632,5
2012,2012_nba_finals_heat_vs_thunder,OKC,Thabo Sefolosha,4.6,3.362,0.731,5
2012,2012_nba_finals_heat_vs_thunder,OKC,Nick Collison,3.6,3.286,0.913,5
2012,2012_nba_finals_heat_vs_thunder,MIA,Norris Cole,3.25,3.403,1.047,4
2012,2012_nba_finals_heat_vs_thunder,MIA,Terrel Harris,3.0,0.0,0.0,1
2012,2012_nba_finals_heat_vs_thunder,MIA,James Jones,2.75,2.5,0.909,4
2012,2012_nba_finals_heat_vs_thunder,MIA,Udonis Haslem,2.6,2.408,0.926,5
2012,2012_nba_finals_heat_vs_thunder,OKC,Cole Aldrich,2.0,0.0,0.0,1
2012,2012_nba_finals_heat_vs_thunder,OKC,Lazar Hayward,2.0,0.0,0.0,1
2012,2012_nba_finals_heat_vs_thunder,OKC,Daequan Cook,0.667,1.155,1.732,3
2012,2012_nba_finals_heat_vs_thunder,MIA,Joel Anthony,0.0,0.0,0.0,1
2012,2012_nba_finals_heat_vs_thunder,MIA,Juwan Howard,0.0,0.0,0.0,1
2012,2012_nba_finals_heat_vs_thunder,MIA,Ronny Turiaf,0.0,0.0,0.0,1
2011,2011_nba_finals_mavericks_vs_heat,MIA,Dwyane Wade,26.5,7.064,0.267,6
2011,2011_nba_finals_mavericks_vs_heat,DAL,Dirk Nowitzki,26.0,5.06,0.195,6
2011,2011_nba_finals_mavericks_vs_heat,MIA,Chris Bosh,18.5,3.834,0.207,6
2011,2011_nba_finals_mavericks_vs_heat,DAL,Jason Terry,18.0,5.292,0.294,6
2011,2011_nba_finals_mavericks_vs_heat,MIA,LeBron James,17.833,5.492,0.308,6
2011,2011_nba_finals_mavericks_vs_heat,DAL,Shawn Marion,13.667,4.457,0.326,6
2011,2011_nba_finals_mavericks_vs_heat,MIA,Mario Chalmers,11.833,4.535,0.383,6
2011,2011_nba_finals_mavericks_vs_heat,DAL,Tyson Chandler,9.667,3.933,0.407,6
2011,2011_nba_finals_mavericks_vs_heat,DAL,J.J. Barea,8.833,5.913,0.669,6
2011,2011_nba_finals_mavericks_vs_heat,DAL,Jason Kidd,7.667,4.367,0.57,6
2011,2011_nba_finals_mavericks_vs_heat,DAL,DeShawn Stevenson,7.0,3.162,0.452,6
2011,2011_nba_finals_mavericks_vs_heat,MIA,Udonis Haslem,6.667,3.445,0.517,6
2011,2011_nba_finals_mavericks_vs_heat,MIA,Eddie House,4.5,6.364,1.414,2
2011,2011_nba_finals_mavericks_vs_heat,MIA,Mike Bibby,3.8,5.848,1.539,5
2011,2011_nba_finals_mavericks_vs_heat,MIA,Mike Miller,3.5,3.987,1.139,6
2011,2011_nba_finals_mavericks_vs_heat,DAL,Ian Mahinmi,3.0,1.0,0.333,3
2011,2011_nba_finals_mavericks_vs_heat,MIA,Juwan Howard,1.8,2.49,1.383,5
2011,2011_nba_finals_mavericks_vs_heat,DAL,Brendan Haywood,1.667,1.528,0.917,3
2011,2011_nba_finals_mavericks_vs_heat,DAL,Brian Cardinal,1.4,1.949,1.392,5
2011,2011_nba_finals_mavericks_vs_heat,MIA,Joel Anthony,1.333,1.633,1.225,6
2011,2011_nba_finals_mavericks_vs_heat,DAL,Peja Stojaković,0.5,1.0,2.0,4
2010,2010_nba_finals_celtics_vs_lakers,LAL,Kobe Bryant,28.571,5.855,0.205,7
2010,2010_nba_finals_celtics_vs_lakers,LAL,Pau Gasol,18.571,4.894,0.264,7
2010,2010_nba_finals_celtics_vs_lakers,BOS,Paul Pierce,18.0,6.0,0.333,7
2010,2010_nba_finals_celtics_vs_lakers,BOS,Kevin Garnett,15.286,5.88,0.385,7
2010,2010_nba_finals_celtics_vs_lakers,BOS,Ray Allen,14.571,9.163,0.629,7
2010,2010_nba_finals_celtics_vs_lakers,BOS,Rajon Rondo,13.571,3.69,0.272,7
2010,2010_nba_finals_celtics_vs_lakers,LAL,Metta World Peace,10.571,6.294,0.595,7
2010,2010_nba_finals_celtics_vs_lakers,LAL,Derek Fisher,8.571,3.91,0.456,7
2010,2010_nba_finals_celtics_vs_lakers,LAL,Lamar Odom,7.571,2.992,0.395,7
2010,2010_nba_finals_celtics_vs_lakers,LAL,Andrew Bynum,7.429,6.876,0.926,7
2010,2010_nba_finals_celtics_vs_lakers,BOS,Glen Davis,6.714,6.601,0.983,7
2010,2010_nba_finals_celtics_vs_lakers,BOS,Kendrick Perkins,5.833,4.021,0.689,6
2010,2010_nba_finals_celtics_vs_lakers,BOS,Rasheed Wallace,5.286,3.946,0.747,7
2010,2010_nba_finals_celtics_vs_lakers,BOS,Nate Robinson,4.857,4.18,0.861,7
2010,2010_nba_finals_celtics_vs_lakers,BOS,Tony Allen,3.143,2.193,0.698,7
2010,2010_nba_finals_celtics_vs_lakers,LAL,Jordan Farmar,3.0,2.309,0.77,7
2010,2010_nba_finals_celtics_vs_lakers,LAL,Sasha Vujačić,3.0,3.162,1.054,7
2010,2010_nba_finals_celtics_vs_lakers,LAL,Shannon Brown,3.0,2.38,0.793,7
2010,2010_nba_finals_celtics_vs_lakers,BOS,Marquis Daniels,2.5,3.536,1.414,2
2010,2010_nba_finals_celtics_vs_lakers,LAL,Luke Walton,0.5,1.0,2.0,4
2010,2010_nba_finals_celtics_vs_lakers,BOS,Brian Scalabrine,0.0,0.0,0.0,1
2010,2010_nba_finals_celtics_vs_lakers,LAL,D.J. Mbenga,0.0,0.0,0.0,1
2010,2010_nba_finals_celtics_vs_lakers,LAL,Josh Powell,0.0,0.0,0.0,2
2010,2010_nba_finals_celtics_vs_lakers,BOS,Michael Finley,0.0,0.0,0.0,2
2010,2010_nba_finals_celtics_vs_lakers,BOS,Shelden Williams,0.0,0.0,0.0,2
2009,2009_nba_finals_magic_vs_lakers,LAL,Kobe Bryant,32.4,4.393,0.136,5
2009,2009_nba_finals_magic_vs_lakers,LAL,Pau Gasol,18.6,4.561,0.245,5
2009,2009_nba_finals_magic_vs_lakers,ORL,Hedo Türkoğlu,18.0,5.612,0.312,5
2009,2009_nba_finals_magic_vs_lakers,ORL,Rashard Lewis,17.4,11.261,0.647,5
2009,2009_nba_finals_magic_vs_lakers,ORL,Dwight Howard,15.4,4.037,0.262,5
2009,2009_nba_finals_magic_vs_lakers,LAL,Lamar Odom,13.4,4.336,0.324,5
2009,2009_nba_finals_magic_vs_lakers,LAL,Derek Fisher,11.0,1.871,0.17,5
2009,2009_nba_finals_magic_vs_lakers,LAL,Trevor Ariza,11.0,5.431,0.494,5
2009,2009_nba_finals_magic_vs_lakers,ORL,Mickaël Piétrus,10.6,7.127,0.672,5
2009,2009_nba_finals_magic_vs_lakers,ORL,Rafer Alston,10.6,6.229,0.588,5
2009,2009_nba_finals_magic_vs_lakers,LAL,Andrew Bynum,6.0,1.871,0.312,5
2009,2009_nba_finals_magic_vs_lakers,ORL,Courtney Lee,5.8,3.899,0.672,5
2009,2009_nba_finals_magic_vs_lakers,ORL,JJ Redick,5.5,2.082,0.378,4
2009,2009_nba_finals_magic_vs_lakers,ORL,Jameer Nelson,3.8,1.789,0.471,5
2009,2009_nba_finals_magic_vs_lakers,LAL,Luke Walton,3.8,3.633,0.956,5
2009,2009_nba_finals_magic_vs_lakers,LAL,Jordan Farmar,3.4,4.561,1.341,5
2009,2009_nba_finals_magic_vs_lakers,ORL,Marcin Gortat,3.2,1.789,0.559,5
2009,2009_nba_finals_magic_vs_lakers,LAL,Josh Powell,2.5,0.707,0.283,2
2009,2009_nba_finals_magic_vs_lakers,ORL,Tony Battie,2.0,1.414,0.707,5
2009,2009_nba_finals_magic_vs_lakers,LAL,D.J. Mbenga,0.0,0.0,0.0,3
2009,2009_nba_finals_magic_vs_lakers,LAL,Sasha Vujačić,0.0,0.0,0.0,5
2009,2009_nba_finals_magic_vs_lakers,LAL,Shannon Brown,0.0,0.0,0.0,3
2008,2008_nba_finals_lakers_vs_celtics,LAL,Kobe Bryant,25.667,6.593,0.257,6
2008,2008_nba_finals_lakers_vs_celtics,BOS,Paul Pierce,21.833,10.741,0.492,6
2008,2008_nba_finals_lakers_vs_celtics,BOS,Ray Allen,20.333,4.179,0.206,6
2008,2008_nba_finals_lakers_vs_celtics,BOS,Kevin Garnett,18.167,5.565,0.306,6
2008,2008_nba_finals_lakers_vs_celtics,LAL,Pau Gasol,14.667,3.882,0.265,6
2008,2008_nba_finals_lakers_vs_celtics,LAL,Lamar Odom,13.5,5.925,0.439,6
2008,2008_nba_finals_lakers_vs_celtics,LAL,Derek Fisher,10.833,4.021,0.371,6
2008,2008_nba_finals_lakers_vs_celtics,BOS,Rajon Rondo,9.333,7.174,0.769,6
2008,2008_nba_finals_lakers_vs_celtics,BOS,James Posey,8.667,5.61,0.647,6
2008,2008_nba_finals_lakers_vs_celtics,LAL,Sasha Vujačić,8.333,6.088,0.731,6
2008,2008_nba_finals_lakers_vs_celtics,BOS,Eddie House,8.0,2.449,0.306,4
2008,2008_nba_finals_lakers_vs_celtics,LAL,Vladimir Radmanović,7.333,3.615,0.493,6
2008,2008_nba_finals_lakers_vs_celtics,LAL,Jordan Farmar,7.0,4.243,0.606,6
2008,2008_nba_finals_lakers_vs_celtics,BOS,Leon Powe,6.167,7.782,1.262,6
2008,2008_nba_finals_lakers_vs_celtics,BOS,Kendrick Perkins,4.0,3.24,0.81,5
2008,2008_nba_finals_lakers_vs_celtics,BOS,P.J. Brown,4.0,1.673,0.418,6
2008,2008_nba_finals_lakers_vs_celtics,BOS,Sam Cassell,3.8,4.382,1.153,5
2008,2008_nba_finals_lakers_vs_celtics,BOS,Glen Davis,3.0,0.0,0.0,1
2008,2008_nba_finals_lakers_vs_celtics,BOS,Tony Allen,2.667,3.055,1.146,3
2008,2008_nba_finals_lakers_vs_celtics,LAL,Trevor Ariza,2.6,2.608,1.003,5
2008,2008_nba_finals_lakers_vs_celtics,LAL,Luke Walton,2.5,2.95,1.18,6
2008,2008_nba_finals_lakers_vs_celtics,LAL,Ronny Turiaf,1.833,2.229,1.216,6
2008,2008_nba_finals_lakers_vs_celtics,LAL,Chris Mihm,0.0,0.0,0.0,1
2007,2007_nba_finals_cavaliers_vs_spurs,SAS,Tony Parker,24.5,5.568,0.227,4
2007,2007_nba_finals_cavaliers_vs_spurs,CLE,LeBron James,22.0,5.354,0.243,4
2007,2007_nba_finals_cavaliers_vs_spurs,SAS,Tim Duncan,18.25,6.131,0.336,4
2007,2007_nba_finals_cavaliers_vs_spurs,SAS,Manu Ginóbili,17.75,10.935,0.616,4
2007,2007_nba_finals_cavaliers_vs_spurs,CLE,Drew Gooden,12.75,1.258,0.099,4
2007,2007_nba_finals_cavaliers_vs_spurs,CLE,Daniel Gibson,10.75,6.397,0.595,4
2007,2007_nba_finals_cavaliers_vs_spurs,CLE,Sasha Pavlović,9.75,4.717,0.484,4
2007,2007_nba_finals_cavaliers_vs_spurs,CLE,Zydrunas Ilgauskas,7.75,4.193,0.541,4
2007,2007_nba_finals_cavaliers_vs_spurs,CLE,Anderson Varejão,7.5,2.517,0.336,4
2007,2007_nba_finals_cavaliers_vs_spurs,SAS,Bruce Bowen,6.0,4.967,0.828,4
2007,2007_nba_finals_cavaliers_vs_spurs,CLE,Damon Jones,4.5,3.873,0.861,4
2007,2007_nba_finals_cavaliers_vs_spurs,SAS,Fabricio Oberto,4.25,3.096,0.728,4
2007,2007_nba_finals_cavaliers_vs_spurs,SAS,Francisco Elson,4.0,2.16,0.54,4
2007,2007_nba_finals_cavaliers_vs_spurs,CLE,Donyell Marshall,3.75,2.5,0.667,4
2007,2007_nba_finals_cavaliers_vs_spurs,SAS,Michael Finley,3.75,2.363,0.63,4
2007,2007_nba_finals_cavaliers_vs_spurs,SAS,Brent Barry,3.0,4.243,1.414,4
2007,2007_nba_finals_cavaliers_vs_spurs,SAS,Robert Horry,3.0,1.633,0.544,4
2007,2007_nba_finals_cavaliers_vs_spurs,SAS,Jacque Vaughn,2.0,0.0,0.0,4
2007,2007_nba_finals_cavaliers_vs_spurs,CLE,Eric Snow,1.25,1.893,1.514,4
2007,2007_nba_finals_cavaliers_vs_spurs,CLE,Larry Hughes,1.0,1.414,1.414,2
2007,2007_nba_finals_cavaliers_vs_spurs,SAS,Beno Udrih,0.0,0.0,0.0,2
2007,2007_nba_finals_cavaliers_vs_spurs,CLE,Ira Newble,0.0,0.0,0.0,1
2007,2007_nba_finals_cavaliers_vs_spurs,CLE,Scot Pollard,0.0,0.0,0.0,1
2007,2007_nba_finals_cavaliers_vs_spurs,CLE,Shannon Brown,0.0,0.0,0.0,1
2006,2006_nba_finals_heat_vs_mavericks,MIA,Dwyane Wade,34.667,7.84,0.226,6
2006,2006_nba_finals_heat_vs_mavericks,DAL,Dirk Nowitzki,22.833,6.338,0.278,6
2006,2006_nba_finals_heat_vs_mavericks,DAL,Jason Terry,22.0,8.967,0.408,6
2006,2006_nba_finals_heat_vs_mavericks,DAL,Josh Howard,14.667,7.815,0.533,6
2006,2006_nba_finals_heat_vs_mavericks,MIA,Antoine Walker,13.833,4.75,0.343,6
2006,2006_nba_finals_heat_vs_mavericks,MIA,Shaquille O'Neal,13.667,5.354,0.392,6
2006,2006_nba_finals_heat_vs_mavericks,DAL,Jerry Stackhouse,12.8,5.63,0.44,5
2006,2006_nba_finals_heat_vs_mavericks,MIA,Jason Williams,8.833,3.656,0.414,6
2006,2006_nba_finals_heat_vs_mavericks,DAL,Devin Harris,7.333,3.83,0.522,6
2006,2006_nba_finals_heat_vs_mavericks,MIA,James Posey,7.333,4.633,0.632,6
2006,2006_nba_finals_heat_vs_mavericks,MIA,Udonis Haslem,6.5,5.648,0.869,6
2006,2006_nba_finals_heat_vs_mavericks,DAL,Erick Dampier,5.667,5.086,0.898,6
2006,2006_nba_finals_heat_vs_mavericks,MIA,Alonzo Mourning,4.333,4.32,0.997,6
2006,2006_nba_finals_heat_vs_mavericks,DAL,Adrian Griffin,3.0,3.286,1.095,6
2006,2006_nba_finals_heat_vs_mavericks,DAL,Marquis Daniels,2.833,4.916,1.735,6
2006,2006_nba_finals_heat_vs_mavericks,MIA,Gary Payton,2.667,2.733,1.025,6
2006,2006_nba_finals_heat_vs_mavericks,DAL,DeSagana Diop,1.667,1.862,1.117,6
2006,2006_nba_finals_heat_vs_mavericks,MIA,Shandon Anderson,1.5,1.915,1.277,4
2006,2006_nba_finals_heat_vs_mavericks,DAL,Keith Van Horn,1.4,2.191,1.565,5
2006,2006_nba_finals_heat_vs_mavericks,DAL,D.J. Mbenga,0.0,0.0,0.0,2
2006,2006_nba_finals_heat_vs_mavericks,DAL,Darrell Armstrong,0.0,0.0,0.0,1
2006,2006_nba_finals_heat_vs_mavericks,MIA,Jason Kapono,0.0,0.0,0.0,1
2006,2006_nba_finals_heat_vs_mavericks,DAL,Josh Powell,0.0,0.0,0.0,1
2006,2006_nba_finals_heat_vs_mavericks,MIA,Michael Doleac,0.0,0.0,0.0,1
2005,2005_nba_finals_pistons_vs_spurs,SAS,Tim Duncan,20.571,4.685,0.228,7
2005,2005_nba_finals_pistons_vs_spurs,DET,Chauncey Billups,20.429,7.39,0.362,7
2005,2005_nba_finals_pistons_vs_spurs,SAS,Manu Ginóbili,18.714,7.544,0.403,7
2005,2005_nba_finals_pistons_vs_spurs,DET,Richard Hamilton,16.714,4.751,0.284,7
2005,2005_nba_finals_pistons_vs_spurs,SAS,Tony Parker,13.857,3.976,0.287,7
2005,2005_nba_finals_pistons_vs_spurs,DET,Rasheed Wallace,10.857,3.934,0.362,7
2005,2005_nba_finals_pistons_vs_spurs,DET,Ben Wallace,10.714,2.87,0.268,7
2005,2005_nba_finals_pistons_vs_spurs,SAS,Robert Horry,10.571,5.798,0.548,7
2005,2005_nba_finals_pistons_vs_spurs,DET,Antonio McDyess,10.143,4.14,0.408,7
2005,2005_nba_finals_pistons_vs_spurs,DET,Tayshaun Prince,10.143,3.485,0.344,7
2005,2005_nba_finals_pistons_vs_spurs,SAS,Bruce Bowen,7.857,5.146,0.655,7
2005,2005_nba_finals_pistons_vs_spurs,DET,Lindsey Hunter,5.571,5.318,0.955,7
2005,2005_nba_finals_pistons_vs_spurs,SAS,Nazr Mohammed,4.857,3.024,0.623,7
2005,2005_nba_finals_pistons_vs_spurs,SAS,Brent Barry,4.571,4.429,0.969,7
2005,2005_nba_finals_pistons_vs_spurs,SAS,Beno Udrih,2.4,3.362,1.401,5
2005,2005_nba_finals_pistons_vs_spurs,DET,Carlos Arroyo,2.2,1.483,0.674,5
2005,2005_nba_finals_pistons_vs_spurs,SAS,Devin Brown,1.833,3.125,1.705,6
2005,2005_nba_finals_pistons_vs_spurs,DET,Darko Miličić,0.667,1.155,1.732,3
2005,2005_nba_finals_pistons_vs_spurs,SAS,Glenn Robinson,0.667,1.155,1.732,3
2005,2005_nba_finals_pistons_vs_spurs,SAS,Rasho Nesterović,0.5,1.0,2.0,4
2005,2005_nba_finals_pistons_vs_spurs,DET,Darvin Ham,0.4,0.894,2.236,5
2005,2005_nba_finals_pistons_vs_spurs,DET,Elden Campbell,0.0,0.0,0.0,1
2005,2005_nba_finals_pistons_vs_spurs,DET,Ronald Dupree,0.0,0.0,0.0,5
2005,2005_nba_finals_pistons_vs_spurs,SAS,Tony Massenburg,0.0,0.0,0.0,3
2004,2004_nba_finals_pistons_vs_lakers,LAL,Shaquille O'Neal,26.6,9.37,0.352,5
2004,2004_nba_finals_pistons_vs_lakers,LAL,Kobe Bryant,22.6,8.019,0.355,5
2004,2004_nba_finals_pistons_vs_lakers,DET,Richard Hamilton,21.4,7.436,0.347,5
2004,2004_nba_finals_pistons_vs_lakers,DET,Chauncey Billups,21.0,4.848,0.231,5
2004,2004_nba_finals_pistons_vs_lakers,DET,Rasheed Wallace,13.0,8.337,0.641,5
2004,2004_nba_finals_pistons_vs_lakers,DET,Ben Wallace,10.8,4.438,0.411,5
2004,2004_nba_finals_pistons_vs_lakers,DET,Tayshaun Prince,10.0,4.796,0.48,5
2004,2004_nba_finals_pistons_vs_lakers,LAL,Derek Fisher,6.4,3.362,0.525,5
2004,2004_nba_finals_pistons_vs_lakers,LAL,Devean George,5.8,1.643,0.283,5
2004,2004_nba_finals_pistons_vs_lakers,LAL,Karl Malone,5.0,2.944,0.589,4
2004,2004_nba_finals_pistons_vs_lakers,DET,Corliss Williamson,4.2,3.033,0.722,5
2004,2004_nba_finals_pistons_vs_lakers,LAL,Gary Payton,4.2,2.683,0.639,5
2004,2004_nba_finals_pistons_vs_lakers,LAL,Kareem Rush,3.6,3.507,0.974,5
2004,2004_nba_finals_pistons_vs_lakers,DET,Lindsey Hunter,3.6,1.517,0.421,5
2004,2004_nba_finals_pistons_vs_lakers,LAL,Stanislav Medvedenko,3.6,3.782,1.05,5
2004,2004_nba_finals_pistons_vs_lakers,DET,Elden Campbell,3.4,2.408,0.708,5
2004,2004_nba_finals_pistons_vs_lakers,LAL,Luke Walton,3.25,2.986,0.919,4
2004,2004_nba_finals_pistons_vs_lakers,DET,Mehmet Okur,2.75,2.872,1.044,4
2004,2004_nba_finals_pistons_vs_lakers,LAL,Rick Fox,2.667,3.055,1.146,3
2004,2004_nba_finals_pistons_vs_lakers,LAL,Brian Cook,1.333,2.309,1.732,3
2004,2004_nba_finals_pistons_vs_lakers,DET,Mike James,0.8,1.789,2.236,5
2004,2004_nba_finals_pistons_vs_lakers,DET,Darvin Ham,0.5,1.0,2.0,4
2004,2004_nba_finals_pistons_vs_lakers,LAL,Bryon Russell,0.0,0.0,0.0,3
2004,2004_nba_finals_pistons_vs_lakers,DET,Darko Miličić,0.0,0.0,0.0,3
2003,2003_nba_finals_nets_vs_spurs,SAS,Tim Duncan,24.167,5.154,0.213,6
2003,2003_nba_finals_nets_vs_spurs,NJN,Jason Kidd,19.667,8.501,0.432,6
2003,2003_nba_finals_nets_vs_spurs,NJN,Kenyon Martin,14.667,8.091,0.552,6
2003,2003_nba_finals_nets_vs_spurs,SAS,Tony Parker,14.0,9.143,0.653,6
2003,2003_nba_finals_nets_vs_spurs,NJN,Richard Jefferson,13.167,5.269,0.4,6
2003,2003_nba_finals_nets_vs_spurs,SAS,David Robinson,10.833,3.371,0.311,6
2003,2003_nba_finals_nets_vs_spurs,NJN,Kerry Kittles,10.833,6.338,0.585,6
2003,2003_nba_finals_nets_vs_spurs,SAS,Stephen Jackson,10.333,5.428,0.525,6
2003,2003_nba_finals_nets_vs_spurs,SAS,Manu Ginóbili,8.667,2.944,0.34,6
2003,2003_nba_finals_nets_vs_spurs,SAS,Malik Rose,7.667,5.007,0.653,6
2003,2003_nba_finals_nets_vs_spurs,NJN,Lucious Harris,6.5,5.468,0.841,6
2003,2003_nba_finals_nets_vs_spurs,SAS,Speedy Claxton,6.167,4.355,0.706,6
2003,2003_nba_finals_nets_vs_spurs,NJN,Aaron Williams,5.6,3.286,0.587,5
2003,2003_nba_finals_nets_vs_spurs,NJN,Rodney Rogers,4.667,3.724,0.798,6
2003,2003_nba_finals_nets_vs_spurs,NJN,Jason Collins,3.667,3.011,0.821,6
2003,2003_nba_finals_nets_vs_spurs,SAS,Bruce Bowen,3.333,2.16,0.648,6
2003,2003_nba_finals_nets_vs_spurs,NJN,Dikembe Mutombo,2.333,1.966,0.843,6
2003,2003_nba_finals_nets_vs_spurs,NJN,Anthony Johnson,2.2,2.049,0.932,5
2003,2003_nba_finals_nets_vs_spurs,SAS,Steve Kerr,2.0,2.828,1.414,4
2003,2003_nba_finals_nets_vs_spurs,SAS,Kevin Willis,1.6,2.608,1.63,5
2003,2003_nba_finals_nets_vs_spurs,NJN,Brian Scalabrine,0.0,0.0,0.0,1
2003,2003_nba_finals_nets_vs_spurs,SAS,Danny Ferry,0.0,0.0,0.0,3
2003,2003_nba_finals_nets_vs_spurs,SAS,Steve Smith,0.0,0.0,0.0,1
2003,2003_nba_finals_nets_vs_spurs,NJN,Tamar Slay,0.0,0.0,0.0,1
2002,2002_nba_finals_nets_vs_lakers,LAL,Shaquille O'Neal,36.25,2.63,0.073,4
2002,2002_nba_finals_nets_vs_lakers,LAL,Kobe Bryant,26.75,6.292,0.235,4
2002,2002_nba_finals_nets_vs_lakers,NJN,Kenyon Martin,22.0,12.138,0.552,4
2002,2002_nba_finals_nets_vs_lakers,NJN,Jason Kidd,20.75,7.411,0.357,4
2002,2002_nba_finals_nets_vs_lakers,LAL,Derek Fisher,12.75,0.5,0.039,4
2002,2002_nba_finals_nets_vs_lakers,NJN,Kerry Kittles,12.5,7.188,0.575,4
2002,2002_nba_finals_nets_vs_lakers,NJN,Keith Van Horn,10.5,3.109,0.296,4
2002,2002_nba_finals_nets_vs_lakers,LAL,Rick Fox,9.75,3.096,0.318,4
2002,2002_nba_finals_nets_vs_lakers,LAL,Robert Horry,8.0,3.162,0.395,4
2002,2002_nba_finals_nets_vs_lakers,NJN,Lucious Harris,7.75,9.605,1.239,4
2002,2002_nba_finals_nets_vs_lakers,NJN,Todd MacCulloch,7.5,3.786,0.505,4
2002,2002_nba_finals_nets_vs_lakers,NJN,Richard Jefferson,6.75,2.754,0.408,4
2002,2002_nba_finals_nets_vs_lakers,LAL,Devean George,6.5,3.317,0.51,4
2002,2002_nba_finals_nets_vs_lakers,NJN,Jason Collins,4.25,1.708,0.402,4
2002,2002_nba_finals_nets_vs_lakers,NJN,Aaron Williams,3.5,1.0,0.286,4
2002,2002_nba_finals_nets_vs_lakers,LAL,Brian Shaw,3.5,2.646,0.756,4
2002,2002_nba_finals_nets_vs_lakers,LAL,Mitch Richmond,2.0,0.0,0.0,1
2002,2002_nba_finals_nets_vs_lakers,NJN,Anthony Johnson,1.25,1.893,1.514,4
2002,2002_nba_finals_nets_vs_lakers,LAL,Samaki Walker,1.0,1.155,1.155,4
2002,2002_nba_finals_nets_vs_lakers,LAL,Stanislav Medvedenko,1.0,1.414,1.414,2
2002,2002_nba_finals_nets_vs_lakers,LAL,Lindsey Hunter,0.667,1.155,1.732,3
2002,2002_nba_finals_nets_vs_lakers,NJN,Brian Scalabrine,0.0,0.0,0.0,1
2002,2002_nba_finals_nets_vs_lakers,NJN,Donny Marshall,0.0,0.0,0.0,2
2002,2002_nba_finals_nets_vs_lakers,LAL,Mark Madsen,0.0,0.0,0.0,1
2001,2001_nba_finals_76ers_vs_lakers,PHI,Allen Iverson,35.6,8.877,0.249,5
2001,2001_nba_finals_76ers_vs_lakers,LAL,Shaquille O'Neal,33.0,6.557,0.199,5
2001,2001_nba_finals_76ers_vs_lakers,LAL,Kobe Bryant,24.6,7.436,0.302,5
2001,2001_nba_finals_76ers_vs_lakers,PHI,Dikembe Mutombo,16.8,4.266,0.254,5
2001,2001_nba_finals_76ers_vs_lakers,PHI,Eric Snow,12.6,1.14,0.09,5
2001,2001_nba_finals_76ers_vs_lakers,LAL,Derek Fisher,9.8,6.87,0.701,5
2001,2001_nba_finals_76ers_vs_lakers,LAL,Rick Fox,9.8,9.203,0.939,5
2001,2001_nba_finals_76ers_vs_lakers,LAL,Robert Horry,8.4,4.336,0.516,5
2001,2001_nba_finals_76ers_vs_lakers,PHI,Aaron McKie,8.0,3.742,0.468,5
2001,2001_nba_finals_76ers_vs_lakers,PHI,Tyrone Hill,6.6,6.693,1.014,5
2001,2001_nba_finals_76ers_vs_lakers,LAL,Horace Grant,5.2,2.28,0.439,5
2001,2001_nba_finals_76ers_vs_lakers,PHI,Matt Geiger,5.2,3.033,0.583,5
2001,2001_nba_finals_76ers_vs_lakers,LAL,Ron Harper,4.333,4.041,0.933,3
2001,2001_nba_finals_76ers_vs_lakers,LAL,Brian Shaw,3.6,2.702,0.751,5
2001,2001_nba_finals_76ers_vs_lakers,LAL,Tyronn Lue,3.6,2.51,0.697,5
2001,2001_nba_finals_76ers_vs_lakers,PHI,Raja Bell,2.6,1.949,0.75,5
2001,2001_nba_finals_76ers_vs_lakers,PHI,Todd MacCulloch,2.6,5.814,2.236,5
2001,2001_nba_finals_76ers_vs_lakers,PHI,Jumaine Jones,2.0,1.871,0.935,5
2001,2001_nba_finals_76ers_vs_lakers,PHI,George Lynch,1.0,1.414,1.414,2
2001,2001_nba_finals_76ers_vs_lakers,PHI,Kevin Ollie,1.0,1.414,1.414,5
2001,2001_nba_finals_76ers_vs_lakers,PHI,Rodney Buford,0.667,1.155,1.732,3
2001,2001_nba_finals_76ers_vs_lakers,LAL,Mark Madsen,0.0,0.0,0.0,2
2000,2000_nba_finals_pacers_vs_lakers,LAL,Shaquille O'Neal,38.0,3.899,0.103,6
2000,2000_nba_finals_pacers_vs_lakers,IND,Reggie Miller,24.333,10.013,0.412,6
2000,2000_nba_finals_pacers_vs_lakers,IND,Jalen Rose,23.0,8.626,0.375,6
2000,2000_nba_finals_pacers_vs_lakers,LAL,Kobe Bryant,15.6,11.261,0.722,5
2000,2000_nba_finals_pacers_vs_lakers,IND,Austin Croshere,15.167,4.916,0.324,6
2000,2000_nba_finals_pacers_vs_lakers,LAL,Glen Rice,11.5,6.38,0.555,6
2000,2000_nba_finals_pacers_vs_lakers,LAL,Ron Harper,10.833,6.21,0.573,6
2000,2000_nba_finals_pacers_vs_lakers,IND,Rik Smits,10.0,8.0,0.8,6
2000,2000_nba_finals_pacers_vs_lakers,IND,Mark Jackson,9.667,4.412,0.456,6
2000,2000_nba_finals_pacers_vs_lakers,LAL,Robert Horry,9.167,4.07,0.444,6
2000,2000_nba_finals_pacers_vs_lakers,IND,Dale Davis,8.667,6.25,0.721,6
2000,2000_nba_finals_pacers_vs_lakers,LAL,Rick Fox,6.667,3.266,0.49,6
2000,2000_nba_finals_pacers_vs_lakers,LAL,Derek Fisher,6.0,2.608,0.435,6
2000,2000_nba_finals_pacers_vs_lakers,IND,Sam Perkins,6.0,2.28,0.38,6
2000,2000_nba_finals_pacers_vs_lakers,IND,Travis Best,5.833,5.231,0.897,6
2000,2000_nba_finals_pacers_vs_lakers,LAL,A.C. Green,5.0,1.265,0.253,6
2000,2000_nba_finals_pacers_vs_lakers,IND,Jonathan Bender,3.5,0.707,0.202,2
2000,2000_nba_finals_pacers_vs_lakers,LAL,Brian Shaw,3.0,2.449,0.816,6
2000,2000_nba_finals_pacers_vs_lakers,IND,Derrick McKey,1.833,1.722,0.939,6
2000,2000_nba_finals_pacers_vs_lakers,IND,Chris Mullin,1.333,2.309,1.732,3
2000,2000_nba_finals_pacers_vs_lakers,LAL,Travis Knight,1.25,1.5,1.2,4
2000,2000_nba_finals_pacers_vs_lakers,LAL,Devean George,1.0,0.0,0.0,1
2000,2000_nba_finals_pacers_vs_lakers,LAL,John Salley,1.0,2.0,2.0,4
2000,2000_nba_finals_pacers_vs_lakers,IND,Žan Tabak,0.667,1.155,1.732,3
1999,1999_nba_finals_knicks_vs_spurs,SAS,Tim Duncan,27.4,5.128,0.187,5
1999,1999_nba_finals_knicks_vs_spurs,NYK,Latrell Sprewell,26.0,5.788,0.223,5
1999,1999_nba_finals_knicks_vs_spurs,NYK,Allan Houston,21.6,7.092,0.328,5
1999,1999_nba_finals_knicks_vs_spurs,SAS,David Robinson,16.6,4.827,0.291,5
1999,1999_nba_finals_knicks_vs_spurs,SAS,Mario Elie,11.6,4.827,0.416,5
1999,1999_nba_finals_knicks_vs_spurs,NYK,Marcus Camby,9.6,6.107,0.636,5
1999,1999_nba_finals_knicks_vs_spurs,SAS,Avery Johnson,9.2,3.033,0.33,5
1999,1999_nba_finals_knicks_vs_spurs,SAS,Sean Elliott,8.0,4.416,0.552,5
1999,1999_nba_finals_knicks_vs_spurs,NYK,Larry Johnson,7.6,4.775,0.628,5
1999,1999_nba_finals_knicks_vs_spurs,SAS,Jaren Jackson,6.6,7.162,1.085,5
1999,1999_nba_finals_knicks_vs_spurs,NYK,Charlie Ward,5.8,3.421,0.59,5
1999,1999_nba_finals_knicks_vs_spurs,NYK,Kurt Thomas,5.6,4.506,0.805,5
1999,1999_nba_finals_knicks_vs_spurs,SAS,Antonio Daniels,2.5,3.786,1.514,4
1999,1999_nba_finals_knicks_vs_spurs,NYK,Chris Childs,2.4,1.673,0.697,5
1999,1999_nba_finals_knicks_vs_spurs,SAS,Steve Kerr,1.8,2.049,1.139,5
1999,1999_nba_finals_knicks_vs_spurs,NYK,Chris Dudley,1.2,1.095,0.913,5
1999,1999_nba_finals_knicks_vs_spurs,SAS,Malik Rose,1.2,0.837,0.697,5
1999,1999_nba_finals_knicks_vs_spurs,SAS,Jerome Kersey,1.0,1.414,1.414,2
1999,1999_nba_finals_knicks_vs_spurs,SAS,Gerard King,0.0,0.0,0.0,2
1999,1999_nba_finals_knicks_vs_spurs,NYK,Herb Williams,0.0,0.0,0.0,2
1999,1999_nba_finals_knicks_vs_spurs,NYK,Rick Brunson,0.0,0.0,0.0,1
1998,1998_nba_finals_bulls_vs_jazz,CHI,Michael Jordan,33.5,7.287,0.218,6
1998,1998_nba_finals_bulls_vs_jazz,UTA,Karl Malone,25.0,8.414,0.337,6
1998,1998_nba_finals_bulls_vs_jazz,CHI,Scottie Pippen,15.667,8.869,0.566,6
1998,1998_nba_finals_bulls_vs_jazz,CHI,Toni Kukoč,15.167,7.935,0.523,6
1998,1998_nba_finals_bulls_vs_jazz,UTA,Jeff Hornacek,10.667,6.377,0.598,6
1998,1998_nba_finals_bulls_vs_jazz,UTA,John Stockton,9.667,7.554,0.781,6
1998,1998_nba_finals_bulls_vs_jazz,UTA,Bryon Russell,8.833,3.92,0.444,6
1998,1998_nba_finals_bulls_vs_jazz,UTA,Shandon Anderson,7.333,2.503,0.341,6
1998,1998_nba_finals_bulls_vs_jazz,CHI,Ron Harper,5.333,2.338,0.438,6
1998,1998_nba_finals_bulls_vs_jazz,CHI,Luc Longley,5.0,3.742,0.748,6
1998,1998_nba_finals_bulls_vs_jazz,UTA,Howard Eisley,4.667,4.179,0.896,6
1998,1998_nba_finals_bulls_vs_jazz,UTA,Chris Morris,4.333,2.875,0.664,6
1998,1998_nba_finals_bulls_vs_jazz,UTA,Antoine Carr,4.167,5.076,1.218,6
1998,1998_nba_finals_bulls_vs_jazz,CHI,Steve Kerr,3.833,3.125,0.815,6
1998,1998_nba_finals_bulls_vs_jazz,CHI,Scott Burrell,3.5,3.782,1.08,6
1998,1998_nba_finals_bulls_vs_jazz,CHI,Dennis Rodman,3.333,2.658,0.797,6
1998,1998_nba_finals_bulls_vs_jazz,UTA,Adam Keefe,2.8,2.28,0.814,5
1998,1998_nba_finals_bulls_vs_jazz,UTA,Greg Ostertag,2.2,2.864,1.302,5
1998,1998_nba_finals_bulls_vs_jazz,CHI,Bill Wennington,1.333,1.155,0.866,3
1998,1998_nba_finals_bulls_vs_jazz,UTA,Greg Foster,1.333,1.633,1.225,6
1998,1998_nba_finals_bulls_vs_jazz,CHI,Jud Buechler,1.333,2.422,1.817,6
1998,1998_nba_finals_bulls_vs_jazz,CHI,Dickey Simpkins,1.0,1.414,1.414,2
1998,1998_nba_finals_bulls_vs_jazz,CHI,Randy Brown,1.0,1.414,1.414,2
1998,1998_nba_finals_bulls_vs_jazz,UTA,Jacque Vaughn,0.0,0.0,0.0,1
1997,1997_nba_finals_jazz_vs_bulls,CHI,Michael Jordan,32.333,7.174,0.222,6
1997,1997_nba_finals_jazz_vs_bulls,UTA,Karl Malone,23.833,6.646,0.279,6
1997,1997_nba_finals_jazz_vs_bulls,CHI,Scottie Pippen,20.0,6.812,0.341,6
1997,1997_nba_finals_jazz_vs_bulls,UTA,John Stockton,15.0,1.897,0.126,6
1997,1997_nba_finals_jazz_vs_bulls,UTA,Jeff Hornacek,12.0,5.933,0.494,6
1997,1997_nba_finals_jazz_vs_bulls,UTA,Bryon Russell,11.333,3.724,0.329,6
1997,1997_nba_finals_jazz_vs_bulls,CHI,Toni Kukoč,8.0,1.265,0.158,6
1997,1997_nba_finals_jazz_vs_bulls,CHI,Bison Dele,6.833,5.601,0.82,6
1997,1997_nba_finals_jazz_vs_bulls,CHI,Luc Longley,6.833,4.491,0.657,6
1997,1997_nba_finals_jazz_vs_bulls,UTA,Greg Foster,5.5,6.253,1.137,6
1997,1997_nba_finals_jazz_vs_bulls,UTA,Howard Eisley,5.333,2.338,0.438,6
1997,1997_nba_finals_jazz_vs_bulls,CHI,Ron Harper,4.833,4.167,0.862,6
1997,1997_nba_finals_jazz_vs_bulls,UTA,Greg Ostertag,4.333,4.546,1.049,6
1997,1997_nba_finals_jazz_vs_bulls,CHI,Steve Kerr,4.333,4.131,0.953,6
1997,1997_nba_finals_jazz_vs_bulls,UTA,Shandon Anderson,4.25,2.872,0.676,4
1997,1997_nba_finals_jazz_vs_bulls,UTA,Chris Morris,3.5,4.593,1.312,6
1997,1997_nba_finals_jazz_vs_bulls,UTA,Antoine Carr,3.0,2.098,0.699,6
1997,1997_nba_finals_jazz_vs_bulls,CHI,Dennis Rodman,2.333,2.733,1.171,6
1997,1997_nba_finals_jazz_vs_bulls,CHI,Jud Buechler,1.667,1.366,0.82,6
1997,1997_nba_finals_jazz_vs_bulls,CHI,Randy Brown,0.8,1.789,2.236,5
1997,1997_nba_finals_jazz_vs_bulls,UTA,Adam Keefe,0.75,1.5,2.0,4
1997,1997_nba_finals_jazz_vs_bulls,CHI,Jason Caffey,0.0,0.0,0.0,5
1988,1988_nba_finals_pistons_vs_lakers,DET,Adrian Dantley,23.5,8.813,0.375,4
1988,1988_nba_finals_pistons_vs_lakers,LAL,Magic Johnson,23.0,4.082,0.177,4
1988,1988_nba_finals_pistons_vs_lakers,LAL,Byron Scott,20.0,5.598,0.28,4
1988,1988_nba_finals_pistons_vs_lakers,LAL,James Worthy,19.0,8.524,0.449,4
1988,1988_nba_finals_pistons_vs_lakers,DET,Isiah Thomas,17.5,7.937,0.454,4
1988,1988_nba_finals_pistons_vs_lakers,LAL,A.C. Green,12.75,5.679,0.445,4
1988,1988_nba_finals_pistons_vs_lakers,LAL,Kareem Abdul-Jabbar,12.0,2.944,0.245,4
1988,1988_nba_finals_pistons_vs_lakers,DET,Vinnie Johnson,11.5,5.26,0.457,4
1988,1988_nba_finals_pistons_vs_lakers,DET,Bill Laimbeer,11.25,1.258,0.112,4
1988,1988_nba_finals_pistons_vs_lakers,DET,Joe Dumars,8.5,2.082,0.245,4
1988,1988_nba_finals_pistons_vs_lakers,DET,Dennis Rodman,7.75,2.872,0.371,4
1988,1988_nba_finals_pistons_vs_lakers,DET,James Edwards,7.5,5.0,0.667,4
1988,1988_nba_finals_pistons_vs_lakers,LAL,Tony Campbell,6.0,0.0,0.0,1
1988,1988_nba_finals_pistons_vs_lakers,DET,John Salley,5.75,3.304,0.575,4
1988,1988_nba_finals_pistons_vs_lakers,DET,Rick Mahorn,4.75,5.62,1.183,4
1988,1988_nba_finals_pistons_vs_lakers,LAL,Mychal Thompson,4.0,1.633,0.408,4
1988,1988_nba_finals_pistons_vs_lakers,LAL,Michael Cooper,2.5,2.082,0.833,4
1988,1988_nba_finals_pistons_vs_lakers,DET,Chuck Nevitt,2.0,0.0,0.0,1
1988,1988_nba_finals_pistons_vs_lakers,LAL,Kurt Rambis,1.5,0.707,0.471,2
1988,1988_nba_finals_pistons_vs_lakers,LAL,Wes Matthews,1.333,2.309,1.732,3
1988,1988_nba_finals_pistons_vs_lakers,DET,Ralph Lewis,1.0,1.414,1.414,2
1988,1988_nba_finals_pistons_vs_lakers,DET,Walker Russell,1.0,1.414,1.414,2
1988,1988_nba_finals_pistons_vs_lakers,LAL,Mike Smrek,0.0,0.0,0.0,1
1988,1988_nba_finals_pistons_vs_lakers,LAL,Milt Wagner,0.0,0.0,0.0,1
1987,1987_nba_finals_celtics_vs_lakers,LAL,Magic Johnson,26.167,5.981,0.229,6
1987,1987_nba_finals_celtics_vs_lakers,BOS,Larry Bird,24.167,5.913,0.245,6
1987,1987_nba_finals_celtics_vs_lakers,LAL,Kareem Abdul-Jabbar,21.667,6.947,0.321,6
1987,1987_nba_finals_celtics_vs_lakers,BOS,Dennis Johnson,21.0,9.143,0.435,6
1987,1987_nba_finals_celtics_vs_lakers,LAL,James Worthy,20.667,7.659,0.371,6
1987,1987_nba_finals_celtics_vs_lakers,BOS,Kevin McHale,20.5,3.271,0.16,6
1987,1987_nba_finals_celtics_vs_lakers,BOS,Robert Parish,16.667,2.944,0.177,6
1987,1987_nba_finals_celtics_vs_lakers,BOS,Danny Ainge,12.5,8.216,0.657,6
1987,1987_nba_finals_celtics_vs_lakers,LAL,Michael Cooper,12.0,5.254,0.438,6
1987,1987_nba_finals_celtics_vs_lakers,LAL,Byron Scott,11.833,8.11,0.685,6
1987,1987_nba_finals_celtics_vs_lakers,LAL,Mychal Thompson,11.167,6.145,0.55,6
1987,1987_nba_finals_celtics_vs_lakers,LAL,A.C. Green,7.833,3.601,0.46,6
1987,1987_nba_finals_celtics_vs_lakers,BOS,Sam Vincent,4.75,4.573,0.963,4
1987,1987_nba_finals_celtics_vs_lakers,BOS,Darren Daye,4.5,2.168,0.482,6
1987,1987_nba_finals_celtics_vs_lakers,BOS,Fred Roberts,4.4,6.693,1.521,5
1987,1987_nba_finals_celtics_vs_lakers,BOS,Conner Henry,2.5,3.786,1.514,4
1987,1987_nba_finals_celtics_vs_lakers,LAL,Kurt Rambis,1.833,3.125,1.705,6
1987,1987_nba_finals_celtics_vs_lakers,BOS,Jerry Sichting,1.333,1.033,0.775,6
1987,1987_nba_finals_celtics_vs_lakers,LAL,Adrian Branch,1.25,0.957,0.766,4
1987,1987_nba_finals_celtics_vs_lakers,LAL,Wes Matthews,1.25,1.893,1.514,4
1987,1987_nba_finals_celtics_vs_lakers,BOS,Bill Walton,1.2,1.095,0.913,5
1987,1987_nba_finals_celtics_vs_lakers,BOS,Greg Kite,0.833,0.983,1.18,6
1987,1987_nba_finals_celtics_vs_lakers,LAL,Mike Smrek,0.5,1.0,2.0,4
1986,1986_nba_finals_rockets_vs_celtics,BOS,Kevin McHale,25.833,5.231,0.203,6
1986,1986_nba_finals_rockets_vs_celtics,HOU,Hakeem Olajuwon,24.667,6.218,0.252,6
1986,1986_nba_finals_rockets_vs_celtics,BOS,Larry Bird,24.0,5.329,0.222,6
1986,1986_nba_finals_rockets_vs_celtics,BOS,Dennis Johnson,17.0,4.561,0.268,6
1986,1986_nba_finals_rockets_vs_celtics,HOU,Rodney McCray,15.333,3.67,0.239,6
1986,1986_nba_finals_rockets_vs_celtics,HOU,Ralph Sampson,14.833,9.131,0.616,6
1986,1986_nba_finals_rockets_vs_celtics,BOS,Danny Ainge,14.5,3.937,0.272,6
1986,1986_nba_finals_rockets_vs_celtics,HOU,Robert Reid,14.333,5.164,0.36,6
1986,1986_nba_finals_rockets_vs_celtics,BOS,Robert Parish,12.667,7.941,0.627,6
1986,1986_nba_finals_rockets_vs_celtics,HOU,Mitchell Wiggins,8.333,4.082,0.49,6
1986,1986_nba_finals_rockets_vs_celtics,BOS,Bill Walton,8.0,3.347,0.418,6
1986,1986_nba_finals_rockets_vs_celtics,HOU,Lewis Lloyd,7.667,4.633,0.604,6
1986,1986_nba_finals_rockets_vs_celtics,HOU,Allen Leavell,5.667,2.16,0.381,6
1986,1986_nba_finals_rockets_vs_celtics,HOU,Jim Petersen,5.167,3.125,0.605,6
1986,1986_nba_finals_rockets_vs_celtics,HOU,Craig Ehlo,3.0,2.0,0.667,4
1986,1986_nba_finals_rockets_vs_celtics,BOS,Jerry Sichting,3.0,3.95,1.317,6
1986,1986_nba_finals_rockets_vs_celtics,HOU,Steve Harris,3.0,3.464,1.155,4
1986,1986_nba_finals_rockets_vs_celtics,BOS,Rick Carlisle,2.0,2.0,1.0,3
1986,1986_nba_finals_rockets_vs_celtics,HOU,Hank McDowell,1.6,1.817,1.135,5
1986,1986_nba_finals_rockets_vs_celtics,HOU,Granville Waiters,1.0,2.0,2.0,4
1986,1986_nba_finals_rockets_vs_celtics,BOS,Greg Kite,1.0,1.673,1.673,6
1986,1986_nba_finals_rockets_vs_celtics,BOS,Sam Vincent,1.0,2.0,2.0,4
1986,1986_nba_finals_rockets_vs_celtics,BOS,David Thirdkill,0.6,0.894,1.491,5
1986,1986_nba_finals_rockets_vs_celtics,BOS,Scott Wedman,0.0,0.0,0.0,1
1985,1985_nba_finals_lakers_vs_celtics,BOS,Kevin McHale,26.0,6.164,0.237,6
1985,1985_nba_finals_lakers_vs_celtics,LAL,Kareem Abdul-Jabbar,25.667,8.311,0.324,6
1985,1985_nba_finals_lakers_vs_celtics,BOS,Larry Bird,23.833,4.75,0.199,6
1985,1985_nba_finals_lakers_vs_celtics,LAL,James Worthy,23.667,7.285,0.308,6
1985,1985_nba_finals_lakers_vs_celtics,LAL,Magic Johnson,18.333,4.502,0.246,6
1985,1985_nba_finals_lakers_vs_celtics,BOS,Robert Parish,17.167,5.307,0.309,6
1985,1985_nba_finals_lakers_vs_celtics,BOS,Dennis Johnson,16.0,7.155,0.447,6
1985,1985_nba_finals_lakers_vs_celtics,LAL,Byron Scott,11.167,4.119,0.369,6
1985,1985_nba_finals_lakers_vs_celtics,BOS,Danny Ainge,11.0,5.099,0.464,6
1985,1985_nba_finals_lakers_vs_celtics,LAL,Michael Cooper,10.167,6.145,0.604,6
1985,1985_nba_finals_lakers_vs_celtics,BOS,Scott Wedman,9.333,8.756,0.938,6
1985,1985_nba_finals_lakers_vs_celtics,LAL,Bob McAdoo,8.167,6.998,0.857,6
1985,1985_nba_finals_lakers_vs_celtics,LAL,Kurt Rambis,7.5,3.017,0.402,6
1985,1985_nba_finals_lakers_vs_celtics,LAL,Mitch Kupchak,5.167,1.941,0.376,6
1985,1985_nba_finals_lakers_vs_celtics,LAL,Mike McGee,4.75,6.602,1.39,4
1985,1985_nba_finals_lakers_vs_celtics,LAL,Larry Spriggs,3.5,3.416,0.976,4
1985,1985_nba_finals_lakers_vs_celtics,BOS,Ray Williams,3.5,1.915,0.547,4
1985,1985_nba_finals_lakers_vs_celtics,BOS,Quinn Buckner,3.0,2.582,0.861,4
1985,1985_nba_finals_lakers_vs_celtics,BOS,Cedric Maxwell,2.6,1.517,0.583,5
1985,1985_nba_finals_lakers_vs_celtics,BOS,M.L. Carr,2.333,2.082,0.892,3
1985,1985_nba_finals_lakers_vs_celtics,BOS,Carlos Clark,2.0,0.0,0.0,2
1985,1985_nba_finals_lakers_vs_celtics,BOS,Greg Kite,1.8,3.033,1.685,5
1985,1985_nba_finals_lakers_vs_celtics,LAL,Chuck Nevitt,1.0,0.0,0.0,1
1985,1985_nba_finals_lakers_vs_celtics,LAL,Ronnie Lester,1.0,1.414,1.414,2
1984,1984_nba_finals_lakers_vs_celtics,BOS,Larry Bird,27.429,4.467,0.163,7
1984,1984_nba_finals_lakers_vs_celtics,LAL,Kareem Abdul-Jabbar,26.571,5.533,0.208,7
1984,1984_nba_finals_lakers_vs_celtics,LAL,James Worthy,22.143,5.815,0.263,7
1984,1984_nba_finals_lakers_vs_celtics,LAL,Magic Johnson,18.0,5.447,0.303,7
1984,1984_nba_finals_lakers_vs_celtics,BOS,Dennis Johnson,17.571,7.48,0.426,7
1984,1984_nba_finals_lakers_vs_celtics,BOS,Robert Parish,15.429,5.062,0.328,7
1984,1984_nba_finals_lakers_vs_celtics,BOS,Kevin McHale,13.429,6.503,0.484,7
1984,1984_nba_finals_lakers_vs_celtics,LAL,Michael Cooper,13.429,5.442,0.405,7
1984,1984_nba_finals_lakers_vs_celtics,BOS,Cedric Maxwell,13.0,5.774,0.444,7
1984,1984_nba_finals_lakers_vs_celtics,LAL,Bob McAdoo,12.5,7.765,0.621,6
1984,1984_nba_finals_lakers_vs_celtics,BOS,Gerald Henderson,12.286,5.678,0.462,7
1984,1984_nba_finals_lakers_vs_celtics,BOS,Scott Wedman,9.25,4.992,0.54,4
1984,1984_nba_finals_lakers_vs_celtics,LAL,Mike McGee,7.667,7.506,0.979,3
1984,1984_nba_finals_lakers_vs_celtics,LAL,Kurt Rambis,7.143,5.46,0.764,7
1984,1984_nba_finals_lakers_vs_celtics,LAL,Byron Scott,6.0,4.655,0.776,7
1984,1984_nba_finals_lakers_vs_celtics,BOS,Danny Ainge,6.0,4.435,0.739,7
1984,1984_nba_finals_lakers_vs_celtics,LAL,Jamaal Wilkes,4.571,3.994,0.874,7
1984,1984_nba_finals_lakers_vs_celtics,LAL,Swen Nater,4.0,2.517,0.629,7
1984,1984_nba_finals_lakers_vs_celtics,BOS,M.L. Carr,3.25,2.754,0.847,4
1984,1984_nba_finals_lakers_vs_celtics,LAL,Mitch Kupchak,2.333,2.517,1.079,3
1984,1984_nba_finals_lakers_vs_celtics,LAL,Larry Spriggs,2.0,0.0,0.0,2
1984,1984_nba_finals_lakers_vs_celtics,BOS,Quinn Buckner,2.0,2.309,1.155,7
1984,1984_nba_finals_lakers_vs_celtics,BOS,Carlos Clark,1.333,2.309,1.732,3
1984,1984_nba_finals_lakers_vs_celtics,BOS,Greg Kite,0.5,1.0,2.0,4
1983,1983_nba_finals_lakers_vs_76ers,PHI,Moses Malone,25.75,2.062,0.08,4
1983,1983_nba_finals_lakers_vs_76ers,LAL,Kareem Abdul-Jabbar,23.5,3.317,0.141,4
1983,1983_nba_finals_lakers_vs_76ers,PHI,Andrew Toney,22.0,2.582,0.117,4
1983,1983_nba_finals_lakers_vs_76ers,PHI,Julius Erving,19.0,3.367,0.177,4
1983,1983_nba_finals_lakers_vs_76ers,LAL,Magic Johnson,19.0,6.164,0.324,4
1983,1983_nba_finals_lakers_vs_76ers,LAL,Jamaal Wilkes,18.5,2.38,0.129,4
1983,1983_nba_finals_lakers_vs_76ers,PHI,Maurice Cheeks,15.25,4.992,0.327,4
1983,1983_nba_finals_lakers_vs_76ers,LAL,Norm Nixon,13.667,10.693,0.782,3
1983,1983_nba_finals_lakers_vs_76ers,PHI,Bobby Jones,12.0,5.598,0.466,4
1983,1983_nba_finals_lakers_vs_76ers,LAL,Bob McAdoo,11.0,1.414,0.129,2
1983,1983_nba_finals_lakers_vs_76ers,LAL,Michael Cooper,10.0,4.082,0.408,4
1983,1983_nba_finals_lakers_vs_76ers,LAL,Kurt Rambis,7.75,2.217,0.286,4
1983,1983_nba_finals_lakers_vs_76ers,PHI,Clint Richardson,6.25,6.131,0.981,4
1983,1983_nba_finals_lakers_vs_76ers,PHI,Marc Iavaroni,5.75,2.363,0.411,4
1983,1983_nba_finals_lakers_vs_76ers,PHI,Mark McNamara,4.0,0.0,0.0,1
1983,1983_nba_finals_lakers_vs_76ers,PHI,Clemon Johnson,3.333,1.155,0.346,3
1983,1983_nba_finals_lakers_vs_76ers,LAL,Mark Landsberger,2.5,1.915,0.766,4
1983,1983_nba_finals_lakers_vs_76ers,LAL,Clay Johnson,2.0,3.464,1.732,3
1983,1983_nba_finals_lakers_vs_76ers,LAL,Mike McGee,2.0,3.464,1.732,3
1983,1983_nba_finals_lakers_vs_76ers,LAL,Dwight Jones,1.0,1.414,1.414,2
1983,1983_nba_finals_lakers_vs_76ers,PHI,Earl Cureton,1.0,1.414,1.414,2
1983,1983_nba_finals_lakers_vs_76ers,PHI,Franklin Edwards,0.667,1.155,1.732,3
1983,1983_nba_finals_lakers_vs_76ers,PHI,Reggie Johnson,0.0,0.0,0.0,1
1983,1983_nba_finals_lakers_vs_76ers,LAL,Steve Mix,0.0,0.0,0.0,1
1982,1982_nba_finals_lakers_vs_76ers,PHI,Andrew Toney,26.0,8.602,0.331,6
1982,1982_nba_finals_lakers_vs_76ers,PHI,Julius Erving,25.0,3.162,0.126,6
1982,1982_nba_finals_lakers_vs_76ers,LAL,Jamaal Wilkes,19.667,6.121,0.311,6
1982,1982_nba_finals_lakers_vs_76ers,LAL,Kareem Abdul-Jabbar,18.0,6.542,0.363,6
1982,1982_nba_finals_lakers_vs_76ers,LAL,Norm Nixon,17.667,8.454,0.479,6
1982,1982_nba_finals_lakers_vs_76ers,LAL,Bob McAdoo,16.333,4.033,0.247,6
1982,1982_nba_finals_lakers_vs_76ers,LAL,Magic Johnson,16.167,6.08,0.376,6
1982,1982_nba_finals_lakers_vs_76ers,PHI,Maurice Cheeks,14.667,2.875,0.196,6
1982,1982_nba_finals_lakers_vs_76ers,LAL,Michael Cooper,13.333,4.546,0.341,6
1982,1982_nba_finals_lakers_vs_76ers,PHI,Darryl Dawkins,12.167,5.672,0.466,6
1982,1982_nba_finals_lakers_vs_76ers,PHI,Bobby Jones,11.5,7.765,0.675,6
1982,1982_nba_finals_lakers_vs_76ers,LAL,Kurt Rambis,7.833,3.312,0.423,6
1982,1982_nba_finals_lakers_vs_76ers,PHI,Clint Richardson,6.167,4.07,0.66,6
1982,1982_nba_finals_lakers_vs_76ers,PHI,Caldwell Jones,6.0,3.406,0.568,6
1982,1982_nba_finals_lakers_vs_76ers,PHI,Franklin Edwards,6.0,0.0,0.0,1
1982,1982_nba_finals_lakers_vs_76ers,PHI,Mike Bantom,5.333,2.733,0.512,6
1982,1982_nba_finals_lakers_vs_76ers,LAL,Mike McGee,5.0,1.414,0.283,2
1982,1982_nba_finals_lakers_vs_76ers,PHI,Lionel Hollins,3.333,3.055,0.917,3
1982,1982_nba_finals_lakers_vs_76ers,PHI,Steve Mix,3.333,0.577,0.173,3
1982,1982_nba_finals_lakers_vs_76ers,PHI,Earl Cureton,2.667,3.055,1.146,3
1982,1982_nba_finals_lakers_vs_76ers,LAL,Jim Brewer,2.0,0.0,0.0,2
1982,1982_nba_finals_lakers_vs_76ers,LAL,Mark Landsberger,1.0,2.0,2.0,4
1982,1982_nba_finals_lakers_vs_76ers,LAL,Clay Johnson,0.667,1.155,1.732,3
1982,1982_nba_finals_lakers_vs_76ers,LAL,Eddie Jordan,0.0,0.0,0.0,2
1981,1981_nba_finals_rockets_vs_celtics,HOU,Moses Malone,22.333,5.854,0.262,6
1981,1981_nba_finals_rockets_vs_celtics,BOS,Cedric Maxwell,17.667,8.311,0.47,6
1981,1981_nba_finals_rockets_vs_celtics,BOS,Larry Bird,15.333,7.421,0.484,6
1981,1981_nba_finals_rockets_vs_celtics,BOS,Robert Parish,15.0,4.0,0.267,6
1981,1981_nba_finals_rockets_vs_celtics,HOU,Robert Reid,14.667,11.219,0.765,6
1981,1981_nba_finals_rockets_vs_celtics,HOU,Billy Paultz,11.167,3.125,0.28,6
1981,1981_nba_finals_rockets_vs_celtics,BOS,Chris Ford,10.5,4.416,0.421,6
1981,1981_nba_finals_rockets_vs_celtics,BOS,Tiny Archibald,10.333,2.422,0.234,6
1981,1981_nba_finals_rockets_vs_celtics,HOU,Mike Dunleavy,9.833,9.02,0.917,6
1981,1981_nba_finals_rockets_vs_celtics,HOU,Calvin Murphy,9.75,4.924,0.505,4
1981,1981_nba_finals_rockets_vs_celtics,BOS,Rick Robey,7.833,3.869,0.494,6
1981,1981_nba_finals_rockets_vs_celtics,HOU,Bill Willoughby,7.5,4.722,0.63,6
1981,1981_nba_finals_rockets_vs_celtics,BOS,Gerald Henderson,7.167,4.997,0.697,6
1981,1981_nba_finals_rockets_vs_celtics,BOS,M.L. Carr,6.667,3.077,0.462,6
1981,1981_nba_finals_rockets_vs_celtics,HOU,Tom Henderson,6.667,2.944,0.442,6
1981,1981_nba_finals_rockets_vs_celtics,HOU,Allen Leavell,5.0,3.606,0.721,5
1981,1981_nba_finals_rockets_vs_celtics,BOS,Kevin McHale,4.667,3.724,0.798,6
1981,1981_nba_finals_rockets_vs_celtics,HOU,Calvin Garrett,3.0,3.464,1.155,4
1981,1981_nba_finals_rockets_vs_celtics,HOU,Major Jones,3.0,3.606,1.202,3
1981,1981_nba_finals_rockets_vs_celtics,BOS,Terry Duerod,1.5,1.915,1.277,4
1981,1981_nba_finals_rockets_vs_celtics,HOU,Rudy Tomjanovich,0.667,1.155,1.732,3
1981,1981_nba_finals_rockets_vs_celtics,BOS,Eric Fernsten,0.5,1.0,2.0,4
1980,1980_nba_finals_76ers_vs_lakers,LAL,Kareem Abdul-Jabbar,33.4,6.58,0.197,5
1980,1980_nba_finals_76ers_vs_lakers,PHI,Julius Erving,25.5,5.612,0.22,6
1980,1980_nba_finals_76ers_vs_lakers,LAL,Magic Johnson,21.5,11.415,0.531,6
1980,1980_nba_finals_76ers_vs_lakers,LAL,Jamaal Wilkes,21.333,7.992,0.375,6
1980,1980_nba_finals_76ers_vs_lakers,PHI,Darryl Dawkins,20.167,5.845,0.29,6
1980,1980_nba_finals_76ers_vs_lakers,LAL,Norm Nixon,15.5,7.842,0.506,6
1980,1980_nba_finals_76ers_vs_lakers,PHI,Maurice Cheeks,14.667,6.563,0.447,6
1980,1980_nba_finals_76ers_vs_lakers,PHI,Lionel Hollins,12.833,3.488,0.272,6
1980,1980_nba_finals_76ers_vs_lakers,PHI,Bobby Jones,11.0,2.757,0.251,6
1980,1980_nba_finals_76ers_vs_lakers,PHI,Caldwell Jones,9.0,5.02,0.558,6
1980,1980_nba_finals_76ers_vs_lakers,LAL,Michael Cooper,8.833,5.492,0.622,6
1980,1980_nba_finals_76ers_vs_lakers,LAL,Jim Chones,8.333,4.274,0.513,6
1980,1980_nba_finals_76ers_vs_lakers,PHI,Steve Mix,7.2,6.723,0.934,5
1980,1980_nba_finals_76ers_vs_lakers,PHI,Henry Bibby,5.0,3.286,0.657,6
1980,1980_nba_finals_76ers_vs_lakers,LAL,Mark Landsberger,4.167,3.601,0.864,6
1980,1980_nba_finals_76ers_vs_lakers,LAL,Brad Holland,3.333,4.163,1.249,3
1980,1980_nba_finals_76ers_vs_lakers,LAL,Spencer Haywood,1.0,1.414,1.414,2
1980,1980_nba_finals_76ers_vs_lakers,PHI,Bernard Toone,0.0,0.0,0.0,1
1980,1980_nba_finals_76ers_vs_lakers,PHI,Clint Richardson,0.0,0.0,0.0,1
1980,1980_nba_finals_76ers_vs_lakers,PHI,Jim Spanarkel,0.0,0.0,0.0,1
1980,1980_nba_finals_76ers_vs_lakers,LAL,Marty Byrnes,0.0,0.0,0.0,1
1979,1979_nba_finals_supersonics_vs_bullets,SEA,Gus Williams,29.0,5.788,0.2,5
1979,1979_nba_finals_supersonics_vs_bullets,SEA,Dennis Johnson,22.6,5.683,0.251,5
1979,1979_nba_finals_supersonics_vs_bullets,WSB,Bob Dandridge,21.8,4.324,0.198,5
1979,1979_nba_finals_supersonics_vs_bullets,WSB,Elvin Hayes,20.0,5.523,0.276,5
1979,1979_nba_finals_supersonics_vs_bullets,SEA,Jack Sikma,15.8,4.382,0.277,5
1979,1979_nba_finals_supersonics_vs_bullets,SEA,John Johnson,11.6,4.159,0.359,5
1979,1979_nba_finals_supersonics_vs_bullets,WSB,Larry Wright,11.2,9.23,0.824,5
1979,1979_nba_finals_supersonics_vs_bullets,WSB,Wes Unseld,11.0,8.185,0.744,5
1979,1979_nba_finals_supersonics_vs_bullets,WSB,Kevin Grevey,10.2,8.258,0.81,5
1979,1979_nba_finals_supersonics_vs_bullets,SEA,Fred Brown,9.2,5.404,0.587,5
1979,1979_nba_finals_supersonics_vs_bullets,SEA,Lonnie Shelton,9.0,3.0,0.333,5
1979,1979_nba_finals_supersonics_vs_bullets,WSB,Greg Ballard,7.6,3.647,0.48,5
1979,1979_nba_finals_supersonics_vs_bullets,WSB,Charles Johnson,7.2,6.419,0.891,5
1979,1979_nba_finals_supersonics_vs_bullets,WSB,Tom Henderson,5.8,3.834,0.661,5
1979,1979_nba_finals_supersonics_vs_bullets,SEA,Paul Silas,3.2,2.775,0.867,5
1979,1979_nba_finals_supersonics_vs_bullets,WSB,Phil Chenier,1.667,1.528,0.917,3
1979,1979_nba_finals_supersonics_vs_bullets,WSB,Dave Corzine,0.5,1.0,2.0,4
1979,1979_nba_finals_supersonics_vs_bullets,SEA,Dennis Awtrey,0.5,1.0,2.0,4
1979,1979_nba_finals_supersonics_vs_bullets,SEA,Wally Walker,0.25,0.5,2.0,4
1979,1979_nba_finals_supersonics_vs_bullets,SEA,Joe Hassett,0.0,0.0,0.0,2
1978,1978_nba_finals_bullets_vs_supersonics,WSB,Elvin Hayes,20.714,5.438,0.263,7
1978,1978_nba_finals_bullets_vs_supersonics,WSB,Bob Dandridge,20.429,8.203,0.402,7
1978,1978_nba_finals_bullets_vs_supersonics,SEA,Fred Brown,19.143,7.175,0.375,7
1978,1978_nba_finals_bullets_vs_supersonics,SEA,Dennis Johnson,16.571,9.947,0.6,7
1978,1978_nba_finals_bullets_vs_supersonics,SEA,Gus Williams,16.286,6.499,0.399,7
1978,1978_nba_finals_bullets_vs_supersonics,SEA,Marvin Webster,14.857,6.842,0.461,7
1978,1978_nba_finals_bullets_vs_supersonics,SEA,Jack Sikma,13.714,5.88,0.429,7
1978,1978_nba_finals_bullets_vs_supersonics,WSB,Kevin Grevey,13.0,9.381,0.722,7
1978,1978_nba_finals_bullets_vs_supersonics,WSB,Tom Henderson,12.857,4.337,0.337,7
1978,1978_nba_finals_bullets_vs_supersonics,WSB,Charles Johnson,10.714,5.823,0.543,7
1978,1978_nba_finals_bullets_vs_supersonics,WSB,Mitch Kupchak,10.714,5.09,0.475,7
1978,1978_nba_finals_bullets_vs_supersonics,WSB,Wes Unseld,9.0,5.715,0.635,7
1978,1978_nba_finals_bullets_vs_supersonics,SEA,John Johnson,7.714,5.345,0.693,7
1978,1978_nba_finals_bullets_vs_supersonics,SEA,Paul Silas,5.714,4.536,0.794,7
1978,1978_nba_finals_bullets_vs_supersonics,SEA,Joe Hassett,4.0,0.0,0.0,1
1978,1978_nba_finals_bullets_vs_supersonics,WSB,Greg Ballard,3.667,4.457,1.216,6
1978,1978_nba_finals_bullets_vs_supersonics,WSB,Larry Wright,3.571,3.645,1.021,7
1978,1978_nba_finals_bullets_vs_supersonics,WSB,Joe Pace,3.5,2.121,0.606,2
1978,1978_nba_finals_bullets_vs_supersonics,SEA,Wally Walker,3.333,2.658,0.797,6
1978,1978_nba_finals_bullets_vs_supersonics,SEA,Bruce Seals,2.667,3.055,1.146,3
1978,1978_nba_finals_bullets_vs_supersonics,SEA,Al Fleming,2.0,0.0,0.0,1
1978,1978_nba_finals_bullets_vs_supersonics,WSB,Phil Walker,0.0,0.0,0.0,1
1977,1977_nba_finals_trail_blazers_vs_76ers,PHI,Julius Erving,30.333,7.711,0.254,6
1977,1977_nba_finals_trail_blazers_vs_76ers,PHI,Doug Collins,19.667,9.331,0.474,6
1977,1977_nba_finals_trail_blazers_vs_76ers,POR,Maurice Lucas,19.667,5.086,0.259,6
1977,1977_nba_finals_trail_blazers_vs_76ers,POR,Bill Walton,18.5,5.648,0.305,6
1977,1977_nba_finals_trail_blazers_vs_76ers,POR,Bob Gross,17.333,6.563,0.379,6
1977,1977_nba_finals_trail_blazers_vs_76ers,POR,Lionel Hollins,16.0,5.831,0.364,6
1977,1977_nba_finals_trail_blazers_vs_76ers,PHI,George McGinnis,13.0,8.0,0.615,6
1977,1977_nba_finals_trail_blazers_vs_76ers,POR,Johnny Davis,10.667,4.502,0.422,6
1977,1977_nba_finals_trail_blazers_vs_76ers,PHI,Henry Bibby,10.167,4.535,0.446,6
1977,1977_nba_finals_trail_blazers_vs_76ers,PHI,World B. Free,7.2,4.868,0.676,5
1977,1977_nba_finals_trail_blazers_vs_76ers,PHI,Darryl Dawkins,7.0,4.472,0.639,6
1977,1977_nba_finals_trail_blazers_vs_76ers,POR,Dave Twardzik,6.667,5.203,0.78,6
1977,1977_nba_finals_trail_blazers_vs_76ers,POR,Lloyd Neal,6.667,4.131,0.62,6
1977,1977_nba_finals_trail_blazers_vs_76ers,PHI,Steve Mix,6.5,2.739,0.421,6
1977,1977_nba_finals_trail_blazers_vs_76ers,POR,Wally Walker,6.333,3.512,0.555,3
1977,1977_nba_finals_trail_blazers_vs_76ers,PHI,Caldwell Jones,5.833,4.119,0.706,6
1977,1977_nba_finals_trail_blazers_vs_76ers,POR,Herm Gilliam,5.4,6.986,1.294,5
1977,1977_nba_finals_trail_blazers_vs_76ers,PHI,Terry Furlow,4.667,1.155,0.247,3
1977,1977_nba_finals_trail_blazers_vs_76ers,POR,Larry Steele,3.8,3.899,1.026,5
1977,1977_nba_finals_trail_blazers_vs_76ers,POR,Corky Calhoun,3.667,2.338,0.638,6
1977,1977_nba_finals_trail_blazers_vs_76ers,PHI,Joe Bryant,3.167,2.401,0.758,6
1977,1977_nba_finals_trail_blazers_vs_76ers,POR,Robin Jones,1.333,1.633,1.225,6
1977,1977_nba_finals_trail_blazers_vs_76ers,PHI,Mike Dunleavy,1.0,1.673,1.673,6
1977,1977_nba_finals_trail_blazers_vs_76ers,PHI,Harvey Catchings,0.0,0.0,0.0,2
1976,1976_nba_finals_suns_vs_celtics,PHO,Alvan Adams,23.0,5.514,0.24,6
1976,1976_nba_finals_suns_vs_celtics,BOS,Jo Jo White,21.667,7.789,0.359,6
1976,1976_nba_finals_suns_vs_celtics,PHO,Paul Westphal,20.833,8.159,0.392,6
1976,1976_nba_finals_suns_vs_celtics,BOS,Dave Cowens,20.5,5.089,0.248,6
1976,1976_nba_finals_suns_vs_celtics,BOS,John Havlicek,15.5,5.958,0.384,6
1976,1976_nba_finals_suns_vs_celtics,BOS,Charlie Scott,14.5,6.285,0.433,6
1976,1976_nba_finals_suns_vs_celtics,PHO,Ricky Sobers,14.167,7.026,0.496,6
1976,1976_nba_finals_suns_vs_celtics,PHO,Gar Heard,13.5,3.674,0.272,6
1976,1976_nba_finals_suns_vs_celtics,PHO,Curtis Perry,13.167,5.776,0.439,6
1976,1976_nba_finals_suns_vs_celtics,BOS,Paul Silas,12.833,3.764,0.293,6
1976,1976_nba_finals_suns_vs_celtics,PHO,Dick Van Arsdale,6.667,3.983,0.597,6
1976,1976_nba_finals_suns_vs_celtics,BOS,Steve Kuberski,5.5,3.332,0.606,6
1976,1976_nba_finals_suns_vs_celtics,BOS,Jim Ard,4.8,3.834,0.799,5
1976,1976_nba_finals_suns_vs_celtics,BOS,Don Nelson,4.333,4.274,0.986,6
1976,1976_nba_finals_suns_vs_celtics,PHO,Keith Erickson,3.667,2.658,0.725,6
1976,1976_nba_finals_suns_vs_celtics,BOS,Glenn McDonald,3.4,3.13,0.921,5
1976,1976_nba_finals_suns_vs_celtics,PHO,Dennis Awtrey,2.333,2.503,1.073,6
1976,1976_nba_finals_suns_vs_celtics,PHO,Nate Hawthorne,2.2,2.049,0.932,5
1976,1976_nba_finals_suns_vs_celtics,BOS,Jerome Anderson,2.0,0.0,0.0,1
1976,1976_nba_finals_suns_vs_celtics,BOS,Tom Boswell,2.0,0.0,0.0,1
1976,1976_nba_finals_suns_vs_celtics,BOS,Kevin Stacom,1.8,2.049,1.139,5
1976,1976_nba_finals_suns_vs_celtics,PHO,Phil Lumpkin,0.5,1.0,2.0,4
1976,1976_nba_finals_suns_vs_celtics,PHO,Pat Riley,0.0,0.0,0.0,1
1975,1975_nba_finals_warriors_vs_bullets,GSW,Rick Barry,29.5,8.851,0.3,4
1975,1975_nba_finals_warriors_vs_bullets,WSB,Phil Chenier,23.0,6.218,0.27,4
1975,1975_nba_finals_warriors_vs_bullets,WSB,Elvin Hayes,20.75,6.946,0.335,4
1975,1975_nba_finals_warriors_vs_bullets,WSB,Kevin Porter,15.5,6.191,0.399,4
1975,1975_nba_finals_warriors_vs_bullets,WSB,Wes Unseld,12.25,4.717,0.385,4
1975,1975_nba_finals_warriors_vs_bullets,GSW,Jamaal Wilkes,11.5,1.915,0.167,4
1975,1975_nba_finals_warriors_vs_bullets,GSW,Phil Smith,10.75,6.292,0.585,4
1975,1975_nba_finals_warriors_vs_bullets,GSW,Derrek Dickey,8.75,4.113,0.47,4
1975,1975_nba_finals_warriors_vs_bullets,WSB,Mike Riordan,8.75,8.539,0.976,4
1975,1975_nba_finals_warriors_vs_bullets,GSW,Jeff Mullins,8.0,1.633,0.204,4
1975,1975_nba_finals_warriors_vs_bullets,GSW,Charles Johnson,7.5,5.323,0.71,4
1975,1975_nba_finals_warriors_vs_bullets,GSW,Butch Beard,7.25,7.182,0.991,4
1975,1975_nba_finals_warriors_vs_bullets,GSW,Clifford Ray,7.0,5.099,0.728,4
1975,1975_nba_finals_warriors_vs_bullets,GSW,George Johnson,6.5,3.416,0.525,4
1975,1975_nba_finals_warriors_vs_bullets,WSB,Clem Haskins,4.75,4.856,1.022,4
1975,1975_nba_finals_warriors_vs_bullets,WSB,Nick Weatherspoon,4.0,0.0,0.0,4
1975,1975_nba_finals_warriors_vs_bullets,WSB,Truck Robinson,4.0,6.164,1.541,4
1975,1975_nba_finals_warriors_vs_bullets,WSB,Dennis DuVal,2.0,0.0,0.0,1
1975,1975_nba_finals_warriors_vs_bullets,WSB,Dick Gibbs,2.0,2.828,1.414,2
1975,1975_nba_finals_warriors_vs_bullets,GSW,Charles Dudley,1.75,3.5,2.0,4
1975,1975_nba_finals_warriors_vs_bullets,WSB,Tom Kozelko,1.333,2.309,1.732,3
1975,1975_nba_finals_warriors_vs_bullets,GSW,Bill Bridges,1.0,1.155,1.155,4
1975,1975_nba_finals_warriors_vs_bullets,GSW,Steve Bracey,0.0,0.0,0.0,1
1974,1974_nba_finals_celtics_vs_bucks,MIL,Kareem Abdul-Jabbar,32.571,4.614,0.142,7
1974,1974_nba_finals_celtics_vs_bucks,BOS,John Havlicek,26.429,7.3,0.276,7
1974,1974_nba_finals_celtics_vs_bucks,BOS,Dave Cowens,22.714,6.473,0.285,7
1974,1974_nba_finals_celtics_vs_bucks,MIL,Bob Dandridge,16.714,5.122,0.306,7
1974,1974_nba_finals_celtics_vs_bucks,BOS,Jo Jo White,16.571,5.287,0.319,7
1974,1974_nba_finals_celtics_vs_bucks,MIL,Oscar Robertson,12.143,6.283,0.517,7
1974,1974_nba_finals_celtics_vs_bucks,MIL,Mickey Davis,11.286,4.231,0.375,7
1974,1974_nba_finals_celtics_vs_bucks,BOS,Don Chaney,11.143,3.671,0.329,7
1974,1974_nba_finals_celtics_vs_bucks,BOS,Paul Silas,6.714,3.861,0.575,7
1974,1974_nba_finals_celtics_vs_bucks,MIL,Jon McGlocklin,6.4,4.93,0.77,5
1974,1974_nba_finals_celtics_vs_bucks,MIL,Curtis Perry,5.857,3.185,0.544,7
1974,1974_nba_finals_celtics_vs_bucks,BOS,Don Nelson,5.286,3.904,0.739,7
1974,1974_nba_finals_celtics_vs_bucks,BOS,Paul Westphal,4.857,5.984,1.232,7
1974,1974_nba_finals_celtics_vs_bucks,MIL,Cornell Warner,4.571,3.309,0.724,7
1974,1974_nba_finals_celtics_vs_bucks,MIL,Ron Williams,3.0,2.757,0.919,6
1974,1974_nba_finals_celtics_vs_bucks,BOS,Hank Finkel,2.429,3.047,1.255,7
1974,1974_nba_finals_celtics_vs_bucks,BOS,Phil Hankinson,2.0,0.0,0.0,1
1974,1974_nba_finals_celtics_vs_bucks,MIL,Russ Lee,1.5,1.915,1.277,4
1974,1974_nba_finals_celtics_vs_bucks,MIL,Terry Driscoll,1.333,1.155,0.866,3
1974,1974_nba_finals_celtics_vs_bucks,BOS,Art Williams,0.5,1.0,2.0,4
1974,1974_nba_finals_celtics_vs_bucks,MIL,Dick Garrett,0.5,1.0,2.0,4
1974,1974_nba_finals_celtics_vs_bucks,BOS,Steve Kuberski,0.0,0.0,0.0,1
1973,1973_nba_finals_knicks_vs_lakers,LAL,Gail Goodrich,21.8,7.563,0.347,5
1973,1973_nba_finals_knicks_vs_lakers,LAL,Jim McMillian,21.6,5.32,0.246,5
1973,1973_nba_finals_knicks_vs_lakers,LAL,Jerry West,21.4,7.733,0.361,5
1973,1973_nba_finals_knicks_vs_lakers,NYK,Bill Bradley,18.6,7.057,0.379,5
1973,1973_nba_finals_knicks_vs_lakers,NYK,Walt Frazier,16.6,3.435,0.207,5
1973,1973_nba_finals_knicks_vs_lakers,NYK,Willis Reed,16.4,5.595,0.341,5
1973,1973_nba_finals_knicks_vs_lakers,NYK,Earl Monroe,16.0,7.517,0.47,5
1973,1973_nba_finals_knicks_vs_lakers,NYK,Dave DeBusschere,15.6,12.876,0.825,5
1973,1973_nba_finals_knicks_vs_lakers,LAL,Wilt Chamberlain,11.6,7.403,0.638,5
1973,1973_nba_finals_knicks_vs_lakers,LAL,Bill Bridges,9.0,0.707,0.079,5
1973,1973_nba_finals_knicks_vs_lakers,NYK,Phil Jackson,8.4,5.03,0.599,5
1973,1973_nba_finals_knicks_vs_lakers,NYK,Jerry Lucas,7.6,5.899,0.776,5
1973,1973_nba_finals_knicks_vs_lakers,LAL,Keith Erickson,6.4,5.899,0.922,5
1973,1973_nba_finals_knicks_vs_lakers,LAL,Mel Counts,3.8,4.712,1.24,5
1973,1973_nba_finals_knicks_vs_lakers,LAL,Happy Hairston,3.0,4.243,1.414,2
1973,1973_nba_finals_knicks_vs_lakers,NYK,Dick Barnett,2.0,0.0,0.0,1
1973,1973_nba_finals_knicks_vs_lakers,NYK,Dean Meminger,1.0,2.236,2.236,5
1973,1973_nba_finals_knicks_vs_lakers,NYK,John Gianelli,0.0,0.0,0.0,2
1973,1973_nba_finals_knicks_vs_lakers,LAL,Pat Riley,0.0,0.0,0.0,1
1972,1972_nba_finals_knicks_vs_lakers,LAL,Gail Goodrich,25.6,3.975,0.155,5
1972,1972_nba_finals_knicks_vs_lakers,NYK,Walt Frazier,23.0,6.205,0.27,5
1972,1972_nba_finals_knicks_vs_lakers,NYK,Jerry Lucas,20.8,5.45,0.262,5
1972,1972_nba_finals_knicks_vs_lakers,LAL,Jerry West,19.8,6.38,0.322,5
1972,1972_nba_finals_knicks_vs_lakers,NYK,Bill Bradley,19.6,7.635,0.39,5
1972,1972_nba_finals_knicks_vs_lakers,LAL,Wilt Chamberlain,19.4,6.841,0.353,5
1972,1972_nba_finals_knicks_vs_lakers,LAL,Jim McMillian,16.8,4.764,0.284,5
1972,1972_nba_finals_knicks_vs_lakers,LAL,Happy Hairston,14.2,2.387,0.168,5
1972,1972_nba_finals_knicks_vs_lakers,NYK,Phil Jackson,11.4,5.079,0.446,5
1972,1972_nba_finals_knicks_vs_lakers,NYK,Dave DeBusschere,10.4,7.197,0.692,5
1972,1972_nba_finals_knicks_vs_lakers,NYK,Earl Monroe,6.8,5.63,0.828,5
1972,1972_nba_finals_knicks_vs_lakers,NYK,Dick Barnett,6.5,7.506,1.155,4
1972,1972_nba_finals_knicks_vs_lakers,LAL,Pat Riley,5.0,2.0,0.4,5
1972,1972_nba_finals_knicks_vs_lakers,NYK,Dean Meminger,3.8,1.924,0.506,5
1972,1972_nba_finals_knicks_vs_lakers,LAL,Flynn Robinson,3.5,4.95,1.414,2
1972,1972_nba_finals_knicks_vs_lakers,LAL,Leroy Ellis,3.0,2.828,0.943,5
1972,1972_nba_finals_knicks_vs_lakers,LAL,Jim Cleamons,2.0,0.0,0.0,2
1972,1972_nba_finals_knicks_vs_lakers,LAL,John Trapp,1.667,2.887,1.732,3
1972,1972_nba_finals_knicks_vs_lakers,NYK,Eddie Mast,1.0,2.0,2.0,4
1972,1972_nba_finals_knicks_vs_lakers,NYK,Eddie Miles,0.667,1.155,1.732,3
1972,1972_nba_finals_knicks_vs_lakers,NYK,Luther Rackley,0.5,1.0,2.0,4
1972,1972_nba_finals_knicks_vs_lakers,NYK,Charlie Paulk,0.0,0.0,0.0,3
1971,1971_nba_finals_bullets_vs_bucks,MIL,Kareem Abdul-Jabbar,27.0,3.266,0.121,4
1971,1971_nba_finals_bullets_vs_bucks,MIL,Oscar Robertson,23.5,4.435,0.189,4
1971,1971_nba_finals_bullets_vs_bucks,MIL,Bob Dandridge,20.25,6.397,0.316,4
1971,1971_nba_finals_bullets_vs_bucks,BAL,Jack Marin,18.25,4.5,0.247,4
1971,1971_nba_finals_bullets_vs_bucks,BAL,Earl Monroe,16.25,6.85,0.422,4
1971,1971_nba_finals_bullets_vs_bucks,BAL,Fred Carter,15.25,9.287,0.609,4
1971,1971_nba_finals_bullets_vs_bucks,BAL,Wes Unseld,15.0,3.916,0.261,4
1971,1971_nba_finals_bullets_vs_bucks,BAL,Kevin Loughery,11.25,8.539,0.759,4
1971,1971_nba_finals_bullets_vs_bucks,MIL,Jon McGlocklin,10.75,2.754,0.256,4
1971,1971_nba_finals_bullets_vs_bucks,BAL,Gus Johnson,10.5,0.707,0.067,2
1971,1971_nba_finals_bullets_vs_bucks,MIL,Greg Smith,10.0,5.228,0.523,4
1971,1971_nba_finals_bullets_vs_bucks,MIL,Lucius Allen,7.5,2.517,0.336,4
1971,1971_nba_finals_bullets_vs_bucks,BAL,John Tresvant,7.25,0.957,0.132,4
1971,1971_nba_finals_bullets_vs_bucks,MIL,Bob Boozer,5.5,3.317,0.603,4
1971,1971_nba_finals_bullets_vs_bucks,BAL,Gary Zeller,3.0,2.582,0.861,4
1971,1971_nba_finals_bullets_vs_bucks,MIL,McCoy McLemore,1.667,2.887,1.732,3
1971,1971_nba_finals_bullets_vs_bucks,BAL,Dorie Murrey,1.5,1.915,1.277,4
1971,1971_nba_finals_bullets_vs_bucks,BAL,George Johnson,1.0,2.0,2.0,4
1971,1971_nba_finals_bullets_vs_bucks,MIL,Jeff Webb,0.667,1.155,1.732,3
1971,1971_nba_finals_bullets_vs_bucks,MIL,Bob Greacen,0.0,0.0,0.0,2
1971,1971_nba_finals_bullets_vs_bucks,MIL,Dick Cunningham,0.0,0.0,0.0,4
1971,1971_nba_finals_bullets_vs_bucks,MIL,Marv Winkler,0.0,0.0,0.0,2
1970,1970_nba_finals_lakers_vs_knicks,LAL,Jerry West,31.286,5.648,0.181,7
1970,1970_nba_finals_lakers_vs_knicks,LAL,Wilt Chamberlain,23.286,9.742,0.418,7
1970,1970_nba_finals_lakers_vs_knicks,NYK,Willis Reed,23.0,14.656,0.637,6
1970,1970_nba_finals_lakers_vs_knicks,NYK,Dave DeBusschere,19.0,3.916,0.206,7
1970,1970_nba_finals_lakers_vs_knicks,NYK,Dick Barnett,18.571,5.74,0.309,7
1970,1970_nba_finals_lakers_vs_knicks,LAL,Elgin Baylor,17.857,7.221,0.404,7
1970,1970_nba_finals_lakers_vs_knicks,NYK,Walt Frazier,17.571,9.537,0.543,7
1970,1970_nba_finals_lakers_vs_knicks,LAL,Dick Garrett,13.0,4.761,0.366,7
1970,1970_nba_finals_lakers_vs_knicks,NYK,Bill Bradley,12.143,5.146,0.424,7
1970,1970_nba_finals_lakers_vs_knicks,LAL,Keith Erickson,11.571,4.577,0.396,7
1970,1970_nba_finals_lakers_vs_knicks,NYK,Cazzie Russell,9.286,8.807,0.948,7
1970,1970_nba_finals_lakers_vs_knicks,NYK,Dave Stallworth,7.0,4.726,0.675,7
1970,1970_nba_finals_lakers_vs_knicks,LAL,Happy Hairston,6.5,3.507,0.54,6
1970,1970_nba_finals_lakers_vs_knicks,LAL,John Tresvant,4.5,1.915,0.426,4
1970,1970_nba_finals_lakers_vs_knicks,NYK,Mike Riordan,4.286,6.701,1.564,7
1970,1970_nba_finals_lakers_vs_knicks,NYK,Nate Bowman,4.143,6.44,1.555,7
1970,1970_nba_finals_lakers_vs_knicks,LAL,Mel Counts,4.0,2.646,0.661,3
1970,1970_nba_finals_lakers_vs_knicks,LAL,Johnny Egan,3.571,2.44,0.683,7
1970,1970_nba_finals_lakers_vs_knicks,LAL,Rick Roberson,2.333,0.577,0.247,3
1970,1970_nba_finals_lakers_vs_knicks,NYK,Bill Hosket,1.0,1.414,1.414,2
1970,1970_nba_finals_lakers_vs_knicks,NYK,John Warren,0.5,1.0,2.0,4
1970,1970_nba_finals_lakers_vs_knicks,LAL,Mike Lynn,0.0,0.0,0.0,1
1970,1970_nba_finals_lakers_vs_knicks,LAL,Willie McCarter,0.0,0.0,0.0,1
1969,1969_nba_finals_celtics_vs_lakers,LAL,Jerry West,37.857,9.957,0.263,7
1969,1969_nba_finals_celtics_vs_lakers,BOS,John Havlicek,28.286,9.793,0.346,7
1969,1969_nba_finals_celtics_vs_lakers,BOS,Sam Jones,18.714,5.678,0.303,7
1969,1969_nba_finals_celtics_vs_lakers,LAL,Elgin Baylor,18.0,10.149,0.564,7
1969,1969_nba_finals_celtics_vs_lakers,LAL,Johnny Egan,15.143,8.112,0.536,7
1969,1969_nba_finals_celtics_vs_lakers,BOS,Larry Siegfried,14.0,9.037,0.645,7
1969,1969_nba_finals_celtics_vs_lakers,BOS,Don Nelson,11.857,8.153,0.688,7
1969,1969_nba_finals_celtics_vs_lakers,LAL,Wilt Chamberlain,11.714,5.122,0.437,7
1969,1969_nba_finals_celtics_vs_lakers,BOS,Em Bryant,11.0,7.118,0.647,7
1969,1969_nba_finals_celtics_vs_lakers,BOS,Bailey Howell,10.571,4.315,0.408,7
1969,1969_nba_finals_celtics_vs_lakers,LAL,Mel Counts,9.857,5.336,0.541,7
1969,1969_nba_finals_celtics_vs_lakers,BOS,Bill Russell,9.143,3.532,0.386,7
1969,1969_nba_finals_celtics_vs_lakers,LAL,Keith Erickson,8.857,5.429,0.613,7
1969,1969_nba_finals_celtics_vs_lakers,LAL,Bill Hewitt,4.0,4.546,1.137,4
1969,1969_nba_finals_celtics_vs_lakers,BOS,Tom Sanders,2.8,2.168,0.774,5
1969,1969_nba_finals_celtics_vs_lakers,LAL,Tom Hawkins,2.571,1.618,0.629,7
1969,1969_nba_finals_celtics_vs_lakers,BOS,Don Chaney,1.0,0.0,0.0,2
1969,1969_nba_finals_celtics_vs_lakers,LAL,Freddie Crawford,0.0,0.0,0.0,1
