Year,Series,Team,Player,Q4_FG,Q4_FGA,Q4_3P,Q4_PTS,Q4_G,Q4_FG%,Q4_eFG%
2026,2026_nba_finals_knicks_vs_spurs,NYK,Jalen Brunson,19.0,37.0,3.0,56.0,5,0.514,0.554
2026,2026_nba_finals_knicks_vs_spurs,SAS,Victor Wembanyama,12.0,35.0,2.0,39.0,5,0.343,0.371
2026,2026_nba_finals_knicks_vs_spurs,SAS,De'Aaron Fox,5.0,19.0,2.0,14.0,5,0.263,0.316
2026,2026_nba_finals_knicks_vs_spurs,NYK,OG Anunoby,10.0,17.0,5.0,35.0,5,0.588,0.735
2026,2026_nba_finals_knicks_vs_spurs,SAS,Dylan Harper,6.0,16.0,0.0,15.0,5,0.375,0.375
2026,2026_nba_finals_knicks_vs_spurs,NYK,Landry Shamet,5.0,14.0,3.0,13.0,5,0.357,0.464
2026,2026_nba_finals_knicks_vs_spurs,SAS,Stephon Castle,5.0,13.0,2.0,21.0,5,0.385,0.462
2026,2026_nba_finals_knicks_vs_spurs,SAS,Devin Vassell,4.0,10.0,2.0,10.0,5,0.4,0.5
2026,2026_nba_finals_knicks_vs_spurs,NYK,Karl-Anthony Towns,2.0,10.0,1.0,5.0,5,0.2,0.25
2026,2026_nba_finals_knicks_vs_spurs,NYK,Mikal Bridges,1.0,10.0,0.0,5.0,5,0.1,0.1
2026,2026_nba_finals_knicks_vs_spurs,NYK,Jose Alvarado,3.0,7.0,2.0,8.0,5,0.429,0.571
2026,2026_nba_finals_knicks_vs_spurs,NYK,Josh Hart,1.0,6.0,1.0,4.0,5,0.167,0.25
2026,2026_nba_finals_knicks_vs_spurs,NYK,Miles McBride,1.0,6.0,1.0,3.0,4,0.167,0.25
2026,2026_nba_finals_knicks_vs_spurs,SAS,Julian Champagnie,0.0,4.0,0.0,1.0,5,0.0,0.0
2026,2026_nba_finals_knicks_vs_spurs,SAS,Keldon Johnson,2.0,3.0,1.0,5.0,4,0.667,0.833
2026,2026_nba_finals_knicks_vs_spurs,NYK,Mitchell Robinson,1.0,2.0,0.0,2.0,5,0.5,0.5
2026,2026_nba_finals_knicks_vs_spurs,NYK,Jordan Clarkson,0.0,2.0,0.0,0.0,2,0.0,0.0
2026,2026_nba_finals_knicks_vs_spurs,SAS,Harrison Barnes,0.0,1.0,0.0,0.0,1,0.0,0.0
2026,2026_nba_finals_knicks_vs_spurs,NYK,Ariel Hukporti,0.0,0.0,0.0,0.0,1,,
2026,2026_nba_finals_knicks_vs_spurs,NYK,Jeremy Sochan,0.0,0.0,0.0,0.0,1,,
2026,2026_nba_finals_knicks_vs_spurs,SAS,Luke Kornet,0.0,0.0,0.0,0.0,3,,
2025,2025_nba_finals_pacers_vs_thunder,OKC,Jalen Williams,13.0,34.0,2.0,39.0,6,0.382,0.412
2025,2025_nba_finals_pacers_vs_thunder,OKC,Shai Gilgeous-Alexander,12.0,33.0,2.0,51.0,6,0.364,0.394
2025,2025_nba_finals_pacers_vs_thunder,IND,Tyrese Haliburton,11.0,21.0,3.0,29.0,5,0.524,0.595
2025,2025_nba_finals_pacers_vs_thunder,IND,Bennedict Mathurin,10.0,20.0,1.0,40.0,7,0.5,0.525
2025,2025_nba_finals_pacers_vs_thunder,IND,Pascal Siakam,9.0,19.0,2.0,24.0,7,0.474,0.526
2025,2025_nba_finals_pacers_vs_thunder,IND,Andrew Nembhard,6.0,16.0,2.0,18.0,7,0.375,0.438
2025,2025_nba_finals_pacers_vs_thunder,IND,T.J. McConnell,7.0,14.0,0.0,14.0,7,0.5,0.5
2025,2025_nba_finals_pacers_vs_thunder,IND,Aaron Nesmith,4.0,12.0,3.0,14.0,6,0.333,0.458
2025,2025_nba_finals_pacers_vs_thunder,IND,Obi Toppin,7.0,11.0,2.0,18.0,7,0.636,0.727
2025,2025_nba_finals_pacers_vs_thunder,OKC,Chet Holmgren,4.0,11.0,0.0,14.0,6,0.364,0.364
2025,2025_nba_finals_pacers_vs_thunder,OKC,Aaron Wiggins,3.0,10.0,3.0,15.0,6,0.3,0.45
2025,2025_nba_finals_pacers_vs_thunder,IND,Myles Turner,5.0,9.0,2.0,16.0,7,0.556,0.667
2025,2025_nba_finals_pacers_vs_thunder,OKC,Cason Wallace,5.0,9.0,0.0,11.0,7,0.556,0.556
2025,2025_nba_finals_pacers_vs_thunder,OKC,Isaiah Hartenstein,3.0,7.0,0.0,6.0,6,0.429,0.429
2025,2025_nba_finals_pacers_vs_thunder,OKC,Luguentz Dort,2.0,7.0,2.0,8.0,6,0.286,0.429
2025,2025_nba_finals_pacers_vs_thunder,OKC,Alex Caruso,3.0,5.0,1.0,14.0,6,0.6,0.7
2025,2025_nba_finals_pacers_vs_thunder,IND,Ben Sheppard,2.0,5.0,1.0,5.0,7,0.4,0.5
2025,2025_nba_finals_pacers_vs_thunder,OKC,Jaylin Williams,3.0,4.0,3.0,10.0,2,0.75,1.125
2025,2025_nba_finals_pacers_vs_thunder,OKC,Ajay Mitchell,1.0,4.0,0.0,4.0,3,0.25,0.25
2025,2025_nba_finals_pacers_vs_thunder,OKC,Isaiah Joe,2.0,3.0,1.0,8.0,2,0.667,0.833
2025,2025_nba_finals_pacers_vs_thunder,OKC,Ousmane Dieng,1.0,3.0,1.0,3.0,3,0.333,0.5
2025,2025_nba_finals_pacers_vs_thunder,OKC,Dillon Jones,2.0,2.0,0.0,4.0,3,1.0,1.0
2025,2025_nba_finals_pacers_vs_thunder,IND,James Johnson,1.0,2.0,0.0,2.0,2,0.5,0.5
2025,2025_nba_finals_pacers_vs_thunder,IND,Thomas Bryant,1.0,2.0,1.0,4.0,5,0.5,0.75
2025,2025_nba_finals_pacers_vs_thunder,IND,Johnny Furphy,1.0,1.0,0.0,2.0,4,1.0,1.0
2025,2025_nba_finals_pacers_vs_thunder,IND,Tony Bradley,1.0,1.0,0.0,2.0,1,1.0,1.0
2025,2025_nba_finals_pacers_vs_thunder,OKC,Kenrich Williams,1.0,1.0,1.0,3.0,5,1.0,1.5
2024,2024_nba_finals_mavericks_vs_celtics,BOS,Jayson Tatum,7.0,24.0,1.0,23.0,4,0.292,0.312
2024,2024_nba_finals_mavericks_vs_celtics,DAL,Luka Dončić,7.0,21.0,2.0,18.0,4,0.333,0.381
2024,2024_nba_finals_mavericks_vs_celtics,BOS,Jaylen Brown,8.0,16.0,1.0,22.0,4,0.5,0.531
2024,2024_nba_finals_mavericks_vs_celtics,DAL,Kyrie Irving,6.0,15.0,2.0,19.0,4,0.4,0.467
2024,2024_nba_finals_mavericks_vs_celtics,DAL,P.J. Washington,7.0,14.0,2.0,21.0,4,0.5,0.571
2024,2024_nba_finals_mavericks_vs_celtics,BOS,Payton Pritchard,4.0,14.0,1.0,9.0,5,0.286,0.321
2024,2024_nba_finals_mavericks_vs_celtics,BOS,Derrick White,7.0,11.0,5.0,21.0,4,0.636,0.864
2024,2024_nba_finals_mavericks_vs_celtics,DAL,Jaden Hardy,6.0,9.0,2.0,19.0,3,0.667,0.778
2024,2024_nba_finals_mavericks_vs_celtics,DAL,Tim Hardaway Jr.,5.0,9.0,5.0,15.0,4,0.556,0.833
2024,2024_nba_finals_mavericks_vs_celtics,BOS,Jrue Holiday,3.0,7.0,2.0,8.0,4,0.429,0.571
2024,2024_nba_finals_mavericks_vs_celtics,BOS,Svi Mykhailiuk,2.0,7.0,1.0,5.0,3,0.286,0.357
2024,2024_nba_finals_mavericks_vs_celtics,DAL,Dereck Lively II,4.0,5.0,0.0,8.0,3,0.8,0.8
2024,2024_nba_finals_mavericks_vs_celtics,BOS,Sam Hauser,2.0,5.0,1.0,5.0,3,0.4,0.5
2024,2024_nba_finals_mavericks_vs_celtics,DAL,Josh Green,2.0,5.0,2.0,6.0,3,0.4,0.6
2024,2024_nba_finals_mavericks_vs_celtics,DAL,Derrick Jones Jr.,1.0,5.0,0.0,4.0,3,0.2,0.2
2024,2024_nba_finals_mavericks_vs_celtics,DAL,Markieff Morris,1.0,5.0,1.0,3.0,1,0.2,0.3
2024,2024_nba_finals_mavericks_vs_celtics,DAL,Daniel Gafford,3.0,4.0,0.0,7.0,1,0.75,0.75
2024,2024_nba_finals_mavericks_vs_celtics,BOS,Oshae Brissett,2.0,4.0,1.0,7.0,3,0.5,0.625
2024,2024_nba_finals_mavericks_vs_celtics,BOS,Kristaps Porziņģis,1.0,4.0,0.0,2.0,3,0.25,0.25
2024,2024_nba_finals_mavericks_vs_celtics,DAL,Danté Exum,2.0,3.0,1.0,5.0,4,0.667,0.833
2024,2024_nba_finals_mavericks_vs_celtics,BOS,Al Horford,1.0,3.0,0.0,2.0,4,0.333,0.333
2024,2024_nba_finals_mavericks_vs_celtics,BOS,Luke Kornet,1.0,2.0,0.0,2.0,3,0.5,0.5
2024,2024_nba_finals_mavericks_vs_celtics,DAL,A.J. Lawson,1.0,2.0,0.0,2.0,2,0.5,0.5
2024,2024_nba_finals_mavericks_vs_celtics,BOS,Jordan Walsh,0.0,2.0,0.0,0.0,1,0.0,0.0
2024,2024_nba_finals_mavericks_vs_celtics,DAL,Olivier-Maxence Prosper,0.0,2.0,0.0,0.0,2,0.0,0.0
2024,2024_nba_finals_mavericks_vs_celtics,BOS,Neemias Queta,1.0,1.0,0.0,2.0,1,1.0,1.0
2024,2024_nba_finals_mavericks_vs_celtics,BOS,Jaden Springer,0.0,1.0,0.0,0.0,1,0.0,0.0
2024,2024_nba_finals_mavericks_vs_celtics,DAL,Dwight Powell,0.0,0.0,0.0,0.0,3,,
2024,2024_nba_finals_mavericks_vs_celtics,DAL,Maxi Kleber,0.0,0.0,0.0,0.0,3,,
2023,2023_nba_finals_heat_vs_nuggets,DEN,Nikola Jokić,15.0,25.0,0.0,38.0,5,0.6,0.6
2023,2023_nba_finals_heat_vs_nuggets,DEN,Jamal Murray,10.0,25.0,4.0,30.0,5,0.4,0.48
2023,2023_nba_finals_heat_vs_nuggets,MIA,Jimmy Butler,9.0,20.0,3.0,32.0,5,0.45,0.525
2023,2023_nba_finals_heat_vs_nuggets,MIA,Bam Adebayo,5.0,17.0,0.0,22.0,5,0.294,0.294
2023,2023_nba_finals_heat_vs_nuggets,MIA,Duncan Robinson,9.0,16.0,5.0,23.0,5,0.562,0.719
2023,2023_nba_finals_heat_vs_nuggets,MIA,Gabe Vincent,5.0,14.0,3.0,15.0,4,0.357,0.464
2023,2023_nba_finals_heat_vs_nuggets,MIA,Kyle Lowry,6.0,13.0,4.0,19.0,5,0.462,0.615
2023,2023_nba_finals_heat_vs_nuggets,DEN,Bruce Brown,6.0,11.0,1.0,17.0,5,0.545,0.591
2023,2023_nba_finals_heat_vs_nuggets,MIA,Caleb Martin,4.0,9.0,1.0,9.0,4,0.444,0.5
2023,2023_nba_finals_heat_vs_nuggets,DEN,Michael Porter Jr.,0.0,7.0,0.0,0.0,3,0.0,0.0
2023,2023_nba_finals_heat_vs_nuggets,MIA,Haywood Highsmith,5.0,6.0,2.0,12.0,2,0.833,1.0
2023,2023_nba_finals_heat_vs_nuggets,DEN,Kentavious Caldwell-Pope,3.0,6.0,2.0,14.0,5,0.5,0.667
2023,2023_nba_finals_heat_vs_nuggets,DEN,Aaron Gordon,2.0,5.0,1.0,7.0,5,0.4,0.5
2023,2023_nba_finals_heat_vs_nuggets,DEN,Christian Braun,2.0,3.0,0.0,5.0,4,0.667,0.667
2023,2023_nba_finals_heat_vs_nuggets,MIA,Max Strus,0.0,3.0,0.0,0.0,2,0.0,0.0
2023,2023_nba_finals_heat_vs_nuggets,DEN,Jeff Green,2.0,2.0,1.0,7.0,4,1.0,1.25
2023,2023_nba_finals_heat_vs_nuggets,MIA,Cody Zeller,0.0,1.0,0.0,0.0,1,0.0,0.0
2023,2023_nba_finals_heat_vs_nuggets,MIA,Nikola Jović,0.0,1.0,0.0,0.0,2,0.0,0.0
2023,2023_nba_finals_heat_vs_nuggets,MIA,Omer Yurtseven,0.0,1.0,0.0,0.0,2,0.0,0.0
2023,2023_nba_finals_heat_vs_nuggets,MIA,Udonis Haslem,0.0,1.0,0.0,0.0,1,0.0,0.0
2023,2023_nba_finals_heat_vs_nuggets,DEN,Peyton Watson,0.0,0.0,0.0,0.0,1,,
2023,2023_nba_finals_heat_vs_nuggets,DEN,Thomas Bryant,0.0,0.0,0.0,0.0,1,,
2023,2023_nba_finals_heat_vs_nuggets,DEN,Vlatko Čančar,0.0,0.0,0.0,0.0,1,,
2023,2023_nba_finals_heat_vs_nuggets,DEN,Zeke Nnaji,0.0,0.0,0.0,0.0,1,,
2022,2022_nba_finals_celtics_vs_warriors,GSW,Stephen Curry,11.0,26.0,2.0,33.0,5,0.423,0.462
2022,2022_nba_finals_celtics_vs_warriors,BOS,Jayson Tatum,6.0,25.0,2.0,18.0,6,0.24,0.28
2022,2022_nba_finals_celtics_vs_warriors,BOS,Jaylen Brown,11.0,24.0,4.0,34.0,6,0.458,0.542
2022,2022_nba_finals_celtics_vs_warriors,GSW,Jordan Poole,9.0,22.0,2.0,25.0,6,0.409,0.455
2022,2022_nba_finals_celtics_vs_warriors,GSW,Klay Thompson,8.0,22.0,5.0,23.0,6,0.364,0.477
2022,2022_nba_finals_celtics_vs_warriors,BOS,Marcus Smart,9.0,19.0,5.0,26.0,6,0.474,0.605
2022,2022_nba_finals_celtics_vs_warriors,GSW,Andrew Wiggins,11.0,18.0,3.0,25.0,5,0.611,0.694
2022,2022_nba_finals_celtics_vs_warriors,BOS,Derrick White,4.0,9.0,3.0,13.0,5,0.444,0.611
2022,2022_nba_finals_celtics_vs_warriors,BOS,Payton Pritchard,4.0,9.0,1.0,9.0,4,0.444,0.5
2022,2022_nba_finals_celtics_vs_warriors,BOS,Al Horford,6.0,8.0,4.0,17.0,6,0.75,1.0
2022,2022_nba_finals_celtics_vs_warriors,BOS,Robert Williams,3.0,6.0,0.0,6.0,5,0.5,0.5
2022,2022_nba_finals_celtics_vs_warriors,BOS,Aaron Nesmith,2.0,6.0,0.0,7.0,4,0.333,0.333
2022,2022_nba_finals_celtics_vs_warriors,GSW,Nemanja Bjelica,2.0,5.0,1.0,5.0,4,0.4,0.5
2022,2022_nba_finals_celtics_vs_warriors,GSW,Gary Payton II,4.0,4.0,0.0,8.0,4,1.0,1.0
2022,2022_nba_finals_celtics_vs_warriors,GSW,Draymond Green,2.0,4.0,0.0,4.0,6,0.5,0.5
2022,2022_nba_finals_celtics_vs_warriors,BOS,Nik Stauskas,1.0,4.0,1.0,3.0,5,0.25,0.375
2022,2022_nba_finals_celtics_vs_warriors,GSW,Damion Lee,0.0,4.0,0.0,0.0,4,0.0,0.0
2022,2022_nba_finals_celtics_vs_warriors,GSW,Kevon Looney,2.0,3.0,0.0,4.0,5,0.667,0.667
2022,2022_nba_finals_celtics_vs_warriors,BOS,Sam Hauser,1.0,3.0,1.0,3.0,5,0.333,0.5
2022,2022_nba_finals_celtics_vs_warriors,BOS,Grant Williams,2.0,2.0,0.0,6.0,4,1.0,1.0
2022,2022_nba_finals_celtics_vs_warriors,BOS,Luke Kornet,2.0,2.0,1.0,5.0,3,1.0,1.25
2022,2022_nba_finals_celtics_vs_warriors,GSW,Andre Iguodala,1.0,2.0,0.0,2.0,3,0.5,0.5
2022,2022_nba_finals_celtics_vs_warriors,BOS,Malik Fitts,1.0,1.0,1.0,3.0,3,1.0,1.5
2022,2022_nba_finals_celtics_vs_warriors,GSW,Moses Moody,1.0,1.0,0.0,2.0,4,1.0,1.0
2022,2022_nba_finals_celtics_vs_warriors,BOS,Daniel Theis,0.0,1.0,0.0,0.0,1,0.0,0.0
2022,2022_nba_finals_celtics_vs_warriors,GSW,Jonathan Kuminga,0.0,1.0,0.0,0.0,4,0.0,0.0
2022,2022_nba_finals_celtics_vs_warriors,GSW,Juan Toscano-Anderson,0.0,1.0,0.0,0.0,4,0.0,0.0
2022,2022_nba_finals_celtics_vs_warriors,BOS,Juwan Morgan,0.0,0.0,0.0,0.0,4,,
2022,2022_nba_finals_celtics_vs_warriors,GSW,Otto Porter Jr.,0.0,0.0,0.0,0.0,2,,
2021,2021_nba_finals_bucks_vs_suns,MIL,Giannis Antetokounmpo,21.0,31.0,0.0,56.0,6,0.677,0.677
2021,2021_nba_finals_bucks_vs_suns,PHO,Devin Booker,14.0,31.0,5.0,33.0,5,0.452,0.532
2021,2021_nba_finals_bucks_vs_suns,MIL,Khris Middleton,15.0,30.0,2.0,40.0,6,0.5,0.533
2021,2021_nba_finals_bucks_vs_suns,PHO,Chris Paul,15.0,29.0,4.0,39.0,6,0.517,0.586
2021,2021_nba_finals_bucks_vs_suns,MIL,Jrue Holiday,8.0,23.0,1.0,22.0,6,0.348,0.37
2021,2021_nba_finals_bucks_vs_suns,MIL,Pat Connaughton,7.0,15.0,5.0,19.0,6,0.467,0.633
2021,2021_nba_finals_bucks_vs_suns,PHO,Deandre Ayton,4.0,12.0,0.0,12.0,6,0.333,0.333
2021,2021_nba_finals_bucks_vs_suns,PHO,Jae Crowder,4.0,10.0,2.0,19.0,6,0.4,0.5
2021,2021_nba_finals_bucks_vs_suns,MIL,Bobby Portis,3.0,10.0,0.0,6.0,5,0.3,0.3
2021,2021_nba_finals_bucks_vs_suns,PHO,Cameron Johnson,4.0,8.0,1.0,13.0,6,0.5,0.562
2021,2021_nba_finals_bucks_vs_suns,PHO,Cameron Payne,4.0,8.0,1.0,9.0,5,0.5,0.562
2021,2021_nba_finals_bucks_vs_suns,PHO,Mikal Bridges,3.0,8.0,2.0,16.0,6,0.375,0.5
2021,2021_nba_finals_bucks_vs_suns,PHO,Frank Kaminsky,3.0,5.0,0.0,6.0,2,0.6,0.6
2021,2021_nba_finals_bucks_vs_suns,MIL,Bryn Forbes,2.0,5.0,2.0,6.0,3,0.4,0.6
2021,2021_nba_finals_bucks_vs_suns,MIL,Jeff Teague,1.0,4.0,0.0,4.0,3,0.25,0.25
2021,2021_nba_finals_bucks_vs_suns,MIL,P.J. Tucker,1.0,3.0,0.0,2.0,6,0.333,0.333
2021,2021_nba_finals_bucks_vs_suns,PHO,Torrey Craig,1.0,3.0,0.0,2.0,3,0.333,0.333
2021,2021_nba_finals_bucks_vs_suns,MIL,Brook Lopez,2.0,2.0,1.0,7.0,4,1.0,1.25
2021,2021_nba_finals_bucks_vs_suns,MIL,Thanasis Antetokounmpo,0.0,2.0,0.0,0.0,1,0.0,0.0
2021,2021_nba_finals_bucks_vs_suns,MIL,Jordan Nwora,1.0,1.0,1.0,3.0,1,1.0,1.5
2021,2021_nba_finals_bucks_vs_suns,PHO,Ty-Shon Alexander,1.0,1.0,0.0,2.0,1,1.0,1.0
2021,2021_nba_finals_bucks_vs_suns,PHO,Abdel Nader,0.0,1.0,0.0,0.0,2,0.0,0.0
2021,2021_nba_finals_bucks_vs_suns,MIL,Elijah Bryant,0.0,0.0,0.0,0.0,1,,
2021,2021_nba_finals_bucks_vs_suns,MIL,Sam Merrill,0.0,0.0,0.0,0.0,1,,
2020,2020_nba_finals_heat_vs_lakers,LAL,LeBron James,21.0,40.0,2.0,55.0,6,0.525,0.55
2020,2020_nba_finals_heat_vs_lakers,MIA,Jimmy Butler,11.0,22.0,0.0,34.0,6,0.5,0.5
2020,2020_nba_finals_heat_vs_lakers,MIA,Tyler Herro,12.0,21.0,5.0,33.0,6,0.571,0.69
2020,2020_nba_finals_heat_vs_lakers,MIA,Kelly Olynyk,10.0,19.0,2.0,24.0,5,0.526,0.579
2020,2020_nba_finals_heat_vs_lakers,LAL,Anthony Davis,5.0,16.0,1.0,21.0,6,0.312,0.344
2020,2020_nba_finals_heat_vs_lakers,MIA,Kendrick Nunn,9.0,15.0,4.0,24.0,6,0.6,0.733
2020,2020_nba_finals_heat_vs_lakers,LAL,Kentavious Caldwell-Pope,5.0,14.0,3.0,14.0,6,0.357,0.464
2020,2020_nba_finals_heat_vs_lakers,LAL,Markieff Morris,6.0,12.0,5.0,20.0,6,0.5,0.708
2020,2020_nba_finals_heat_vs_lakers,LAL,Kyle Kuzma,3.0,12.0,2.0,11.0,6,0.25,0.333
2020,2020_nba_finals_heat_vs_lakers,LAL,Danny Green,2.0,11.0,2.0,6.0,4,0.182,0.273
2020,2020_nba_finals_heat_vs_lakers,LAL,Rajon Rondo,2.0,11.0,0.0,4.0,6,0.182,0.182
2020,2020_nba_finals_heat_vs_lakers,MIA,Bam Adebayo,6.0,9.0,0.0,16.0,3,0.667,0.667
2020,2020_nba_finals_heat_vs_lakers,MIA,Duncan Robinson,4.0,9.0,4.0,13.0,5,0.444,0.667
2020,2020_nba_finals_heat_vs_lakers,MIA,Solomon Hill,4.0,7.0,1.0,9.0,2,0.571,0.643
2020,2020_nba_finals_heat_vs_lakers,LAL,Alex Caruso,1.0,7.0,0.0,3.0,6,0.143,0.143
2020,2020_nba_finals_heat_vs_lakers,MIA,Jae Crowder,2.0,5.0,1.0,5.0,5,0.4,0.5
2020,2020_nba_finals_heat_vs_lakers,MIA,Andre Iguodala,2.0,3.0,2.0,6.0,5,0.667,1.0
2020,2020_nba_finals_heat_vs_lakers,LAL,Quinn Cook,1.0,2.0,1.0,3.0,2,0.5,0.75
2020,2020_nba_finals_heat_vs_lakers,MIA,Goran Dragić,0.0,2.0,0.0,0.0,1,0.0,0.0
2020,2020_nba_finals_heat_vs_lakers,LAL,Dwight Howard,1.0,1.0,1.0,3.0,1,1.0,1.5
2020,2020_nba_finals_heat_vs_lakers,MIA,Derrick Jones Jr.,1.0,1.0,0.0,2.0,2,1.0,1.0
2020,2020_nba_finals_heat_vs_lakers,LAL,Jared Dudley,0.0,1.0,0.0,0.0,2,0.0,0.0
2020,2020_nba_finals_heat_vs_lakers,LAL,J.R. Smith,0.0,0.0,0.0,0.0,2,,
2019,2019_nba_finals_warriors_vs_raptors,TOR,Kawhi Leonard,11.0,27.0,4.0,37.0,6,0.407,0.481
2019,2019_nba_finals_warriors_vs_raptors,GSW,Stephen Curry,9.0,26.0,2.0,34.0,6,0.346,0.385
2019,2019_nba_finals_warriors_vs_raptors,TOR,Kyle Lowry,9.0,20.0,4.0,23.0,6,0.45,0.55
2019,2019_nba_finals_warriors_vs_raptors,TOR,Serge Ibaka,10.0,19.0,1.0,23.0,6,0.526,0.553
2019,2019_nba_finals_warriors_vs_raptors,TOR,Pascal Siakam,11.0,18.0,0.0,26.0,6,0.611,0.611
2019,2019_nba_finals_warriors_vs_raptors,TOR,Fred VanVleet,8.0,18.0,5.0,28.0,6,0.444,0.583
2019,2019_nba_finals_warriors_vs_raptors,GSW,Draymond Green,9.0,15.0,4.0,24.0,6,0.6,0.733
2019,2019_nba_finals_warriors_vs_raptors,GSW,Quinn Cook,5.0,12.0,3.0,13.0,5,0.417,0.542
2019,2019_nba_finals_warriors_vs_raptors,TOR,Danny Green,4.0,12.0,4.0,12.0,6,0.333,0.5
2019,2019_nba_finals_warriors_vs_raptors,GSW,Klay Thompson,6.0,11.0,4.0,18.0,4,0.545,0.727
2019,2019_nba_finals_warriors_vs_raptors,GSW,Andre Iguodala,4.0,10.0,1.0,11.0,6,0.4,0.45
2019,2019_nba_finals_warriors_vs_raptors,GSW,DeMarcus Cousins,3.0,10.0,0.0,11.0,5,0.3,0.3
2019,2019_nba_finals_warriors_vs_raptors,GSW,Shaun Livingston,3.0,6.0,0.0,11.0,5,0.5,0.5
2019,2019_nba_finals_warriors_vs_raptors,TOR,Marc Gasol,3.0,5.0,1.0,11.0,6,0.6,0.7
2019,2019_nba_finals_warriors_vs_raptors,GSW,Jonas Jerebko,2.0,5.0,2.0,9.0,3,0.4,0.6
2019,2019_nba_finals_warriors_vs_raptors,GSW,Kevon Looney,2.0,3.0,0.0,5.0,3,0.667,0.667
2019,2019_nba_finals_warriors_vs_raptors,TOR,Norman Powell,1.0,3.0,0.0,2.0,4,0.333,0.333
2019,2019_nba_finals_warriors_vs_raptors,GSW,Jacob Evans,0.0,3.0,0.0,0.0,1,0.0,0.0
2019,2019_nba_finals_warriors_vs_raptors,GSW,Jordan Bell,2.0,2.0,0.0,4.0,3,1.0,1.0
2019,2019_nba_finals_warriors_vs_raptors,GSW,Alfonzo McKinnie,1.0,2.0,1.0,3.0,2,0.5,0.75
2019,2019_nba_finals_warriors_vs_raptors,GSW,Andrew Bogut,1.0,1.0,0.0,2.0,3,1.0,1.0
2019,2019_nba_finals_warriors_vs_raptors,TOR,Patrick McCaw,0.0,1.0,0.0,0.0,1,0.0,0.0
2019,2019_nba_finals_warriors_vs_raptors,GSW,Damian Jones,0.0,0.0,0.0,0.0,1,,
2019,2019_nba_finals_warriors_vs_raptors,TOR,Jeremy Lin,0.0,0.0,0.0,0.0,1,,
2019,2019_nba_finals_warriors_vs_raptors,TOR,Jodie Meeks,0.0,0.0,0.0,0.0,1,,
2019,2019_nba_finals_warriors_vs_raptors,TOR,Malcolm Miller,0.0,0.0,0.0,0.0,1,,
2018,2018_nba_finals_cavaliers_vs_warriors,GSW,Stephen Curry,13.0,29.0,10.0,43.0,4,0.448,0.621
2018,2018_nba_finals_cavaliers_vs_warriors,CLE,LeBron James,12.0,19.0,2.0,35.0,4,0.632,0.684
2018,2018_nba_finals_cavaliers_vs_warriors,CLE,Rodney Hood,7.0,15.0,0.0,15.0,3,0.467,0.467
2018,2018_nba_finals_cavaliers_vs_warriors,GSW,Kevin Durant,7.0,15.0,1.0,18.0,4,0.467,0.5
2018,2018_nba_finals_cavaliers_vs_warriors,CLE,Kyle Korver,1.0,12.0,1.0,3.0,4,0.083,0.125
2018,2018_nba_finals_cavaliers_vs_warriors,CLE,Jeff Green,3.0,8.0,1.0,9.0,4,0.375,0.438
2018,2018_nba_finals_cavaliers_vs_warriors,CLE,Kevin Love,3.0,8.0,1.0,9.0,3,0.375,0.438
2018,2018_nba_finals_cavaliers_vs_warriors,GSW,Draymond Green,4.0,6.0,1.0,9.0,4,0.667,0.75
2018,2018_nba_finals_cavaliers_vs_warriors,CLE,J.R. Smith,0.0,6.0,0.0,0.0,3,0.0,0.0
2018,2018_nba_finals_cavaliers_vs_warriors,GSW,Nick Young,0.0,6.0,0.0,0.0,4,0.0,0.0
2018,2018_nba_finals_cavaliers_vs_warriors,GSW,Kevon Looney,3.0,5.0,0.0,6.0,3,0.6,0.6
2018,2018_nba_finals_cavaliers_vs_warriors,CLE,Cedi Osman,2.0,5.0,0.0,4.0,2,0.4,0.4
2018,2018_nba_finals_cavaliers_vs_warriors,CLE,José Calderón,2.0,4.0,0.0,4.0,2,0.5,0.5
2018,2018_nba_finals_cavaliers_vs_warriors,CLE,Ante Žižić,3.0,3.0,0.0,6.0,2,1.0,1.0
2018,2018_nba_finals_cavaliers_vs_warriors,GSW,Andre Iguodala,3.0,3.0,0.0,6.0,2,1.0,1.0
2018,2018_nba_finals_cavaliers_vs_warriors,CLE,George Hill,1.0,3.0,1.0,4.0,4,0.333,0.5
2018,2018_nba_finals_cavaliers_vs_warriors,CLE,Jordan Clarkson,1.0,3.0,0.0,2.0,2,0.333,0.333
2018,2018_nba_finals_cavaliers_vs_warriors,GSW,Klay Thompson,1.0,3.0,0.0,5.0,4,0.333,0.333
2018,2018_nba_finals_cavaliers_vs_warriors,GSW,Quinn Cook,1.0,3.0,0.0,2.0,1,0.333,0.333
2018,2018_nba_finals_cavaliers_vs_warriors,GSW,Zaza Pachulia,1.0,3.0,0.0,8.0,2,0.333,0.333
2018,2018_nba_finals_cavaliers_vs_warriors,GSW,Shaun Livingston,2.0,2.0,0.0,4.0,4,1.0,1.0
2018,2018_nba_finals_cavaliers_vs_warriors,CLE,Tristan Thompson,0.0,2.0,0.0,0.0,2,0.0,0.0
2018,2018_nba_finals_cavaliers_vs_warriors,GSW,Jordan Bell,1.0,1.0,0.0,3.0,2,1.0,1.0
2018,2018_nba_finals_cavaliers_vs_warriors,CLE,Larry Nance Jr.,0.0,1.0,0.0,2.0,4,0.0,0.0
2018,2018_nba_finals_cavaliers_vs_warriors,GSW,David West,0.0,0.0,0.0,0.0,2,,
2018,2018_nba_finals_cavaliers_vs_warriors,GSW,Patrick McCaw,0.0,0.0,0.0,0.0,2,,
2017,2017_nba_finals_cavaliers_vs_warriors,CLE,Kyrie Irving,9.0,29.0,3.0,22.0,5,0.31,0.362
2017,2017_nba_finals_cavaliers_vs_warriors,CLE,LeBron James,12.0,26.0,1.0,27.0,5,0.462,0.481
2017,2017_nba_finals_cavaliers_vs_warriors,GSW,Kevin Durant,15.0,24.0,6.0,46.0,5,0.625,0.75
2017,2017_nba_finals_cavaliers_vs_warriors,GSW,Stephen Curry,9.0,18.0,2.0,22.0,5,0.5,0.556
2017,2017_nba_finals_cavaliers_vs_warriors,GSW,Klay Thompson,7.0,15.0,3.0,18.0,5,0.467,0.567
2017,2017_nba_finals_cavaliers_vs_warriors,GSW,Ian Clark,5.0,12.0,2.0,12.0,4,0.417,0.5
2017,2017_nba_finals_cavaliers_vs_warriors,GSW,Andre Iguodala,4.0,11.0,1.0,9.0,5,0.364,0.409
2017,2017_nba_finals_cavaliers_vs_warriors,CLE,Kevin Love,3.0,9.0,1.0,11.0,5,0.333,0.389
2017,2017_nba_finals_cavaliers_vs_warriors,CLE,J.R. Smith,4.0,8.0,4.0,13.0,4,0.5,0.75
2017,2017_nba_finals_cavaliers_vs_warriors,GSW,Draymond Green,2.0,8.0,0.0,7.0,5,0.25,0.25
2017,2017_nba_finals_cavaliers_vs_warriors,CLE,Kyle Korver,3.0,7.0,2.0,8.0,5,0.429,0.571
2017,2017_nba_finals_cavaliers_vs_warriors,CLE,Derrick Williams,2.0,6.0,1.0,7.0,3,0.333,0.417
2017,2017_nba_finals_cavaliers_vs_warriors,CLE,Deron Williams,0.0,6.0,0.0,0.0,4,0.0,0.0
2017,2017_nba_finals_cavaliers_vs_warriors,CLE,Tristan Thompson,3.0,5.0,0.0,6.0,4,0.6,0.6
2017,2017_nba_finals_cavaliers_vs_warriors,CLE,Iman Shumpert,2.0,5.0,1.0,5.0,4,0.4,0.5
2017,2017_nba_finals_cavaliers_vs_warriors,CLE,Richard Jefferson,1.0,4.0,0.0,4.0,4,0.25,0.25
2017,2017_nba_finals_cavaliers_vs_warriors,GSW,Patrick McCaw,1.0,4.0,1.0,3.0,4,0.25,0.375
2017,2017_nba_finals_cavaliers_vs_warriors,CLE,Dahntay Jones,2.0,3.0,1.0,9.0,3,0.667,0.833
2017,2017_nba_finals_cavaliers_vs_warriors,GSW,David West,2.0,3.0,0.0,4.0,4,0.667,0.667
2017,2017_nba_finals_cavaliers_vs_warriors,GSW,James Michael McAdoo,2.0,3.0,0.0,4.0,3,0.667,0.667
2017,2017_nba_finals_cavaliers_vs_warriors,GSW,Matt Barnes,1.0,3.0,1.0,3.0,3,0.333,0.5
2017,2017_nba_finals_cavaliers_vs_warriors,GSW,Shaun Livingston,0.0,3.0,0.0,0.0,3,0.0,0.0
2017,2017_nba_finals_cavaliers_vs_warriors,CLE,Channing Frye,0.0,2.0,0.0,0.0,1,0.0,0.0
2017,2017_nba_finals_cavaliers_vs_warriors,CLE,James Jones,0.0,1.0,0.0,0.0,3,0.0,0.0
2017,2017_nba_finals_cavaliers_vs_warriors,GSW,JaVale McGee,0.0,0.0,0.0,2.0,1,,
2016,2016_nba_finals_cavaliers_vs_warriors,CLE,LeBron James,22.0,44.0,3.0,57.0,6,0.5,0.534
2016,2016_nba_finals_cavaliers_vs_warriors,CLE,Kyrie Irving,13.0,37.0,2.0,36.0,7,0.351,0.378
2016,2016_nba_finals_cavaliers_vs_warriors,GSW,Stephen Curry,12.0,29.0,6.0,38.0,7,0.414,0.517
2016,2016_nba_finals_cavaliers_vs_warriors,GSW,Harrison Barnes,7.0,20.0,3.0,17.0,7,0.35,0.425
2016,2016_nba_finals_cavaliers_vs_warriors,GSW,Leandro Barbosa,9.0,16.0,2.0,25.0,5,0.562,0.625
2016,2016_nba_finals_cavaliers_vs_warriors,GSW,Klay Thompson,4.0,16.0,1.0,16.0,6,0.25,0.281
2016,2016_nba_finals_cavaliers_vs_warriors,CLE,Matthew Dellavedova,4.0,12.0,1.0,12.0,5,0.333,0.375
2016,2016_nba_finals_cavaliers_vs_warriors,GSW,Shaun Livingston,7.0,11.0,0.0,22.0,7,0.636,0.636
2016,2016_nba_finals_cavaliers_vs_warriors,GSW,Andre Iguodala,4.0,11.0,0.0,8.0,6,0.364,0.364
2016,2016_nba_finals_cavaliers_vs_warriors,GSW,Marreese Speights,3.0,10.0,3.0,11.0,6,0.3,0.45
2016,2016_nba_finals_cavaliers_vs_warriors,CLE,Kevin Love,3.0,9.0,0.0,6.0,4,0.333,0.333
2016,2016_nba_finals_cavaliers_vs_warriors,GSW,Ian Clark,5.0,8.0,3.0,13.0,4,0.625,0.812
2016,2016_nba_finals_cavaliers_vs_warriors,CLE,Mo Williams,2.0,8.0,1.0,5.0,5,0.25,0.312
2016,2016_nba_finals_cavaliers_vs_warriors,CLE,J.R. Smith,5.0,7.0,4.0,14.0,7,0.714,1.0
2016,2016_nba_finals_cavaliers_vs_warriors,CLE,Timofey Mozgov,2.0,6.0,0.0,7.0,5,0.333,0.333
2016,2016_nba_finals_cavaliers_vs_warriors,GSW,Draymond Green,2.0,6.0,0.0,6.0,5,0.333,0.333
2016,2016_nba_finals_cavaliers_vs_warriors,CLE,Iman Shumpert,2.0,5.0,1.0,5.0,7,0.4,0.5
2016,2016_nba_finals_cavaliers_vs_warriors,GSW,Festus Ezeli,0.0,4.0,0.0,2.0,4,0.0,0.0
2016,2016_nba_finals_cavaliers_vs_warriors,CLE,Tristan Thompson,2.0,3.0,0.0,4.0,6,0.667,0.667
2016,2016_nba_finals_cavaliers_vs_warriors,CLE,Dahntay Jones,1.0,3.0,0.0,3.0,6,0.333,0.333
2016,2016_nba_finals_cavaliers_vs_warriors,CLE,Richard Jefferson,1.0,3.0,0.0,3.0,7,0.333,0.333
2016,2016_nba_finals_cavaliers_vs_warriors,GSW,Brandon Rush,0.0,3.0,0.0,1.0,5,0.0,0.0
2016,2016_nba_finals_cavaliers_vs_warriors,CLE,Jordan McRae,2.0,2.0,0.0,4.0,1,1.0,1.0
2016,2016_nba_finals_cavaliers_vs_warriors,GSW,Anderson Varejão,0.0,2.0,0.0,3.0,4,0.0,0.0
2016,2016_nba_finals_cavaliers_vs_warriors,GSW,James Michael McAdoo,1.0,1.0,0.0,2.0,3,1.0,1.0
2016,2016_nba_finals_cavaliers_vs_warriors,CLE,James Jones,0.0,1.0,0.0,1.0,5,0.0,0.0
2016,2016_nba_finals_cavaliers_vs_warriors,CLE,Channing Frye,0.0,0.0,0.0,2.0,3,,
2016,2016_nba_finals_cavaliers_vs_warriors,GSW,Andrew Bogut,0.0,0.0,0.0,0.0,1,,
2015,2015_nba_finals_cavaliers_vs_warriors,CLE,LeBron James,21.0,52.0,7.0,61.0,6,0.404,0.471
2015,2015_nba_finals_cavaliers_vs_warriors,GSW,Stephen Curry,21.0,38.0,12.0,65.0,6,0.553,0.711
2015,2015_nba_finals_cavaliers_vs_warriors,CLE,J.R. Smith,7.0,26.0,5.0,23.0,6,0.269,0.365
2015,2015_nba_finals_cavaliers_vs_warriors,GSW,Klay Thompson,8.0,19.0,5.0,27.0,6,0.421,0.553
2015,2015_nba_finals_cavaliers_vs_warriors,GSW,Andre Iguodala,11.0,18.0,9.0,34.0,6,0.611,0.861
2015,2015_nba_finals_cavaliers_vs_warriors,CLE,Matthew Dellavedova,4.0,12.0,1.0,13.0,5,0.333,0.375
2015,2015_nba_finals_cavaliers_vs_warriors,GSW,Leandro Barbosa,2.0,10.0,0.0,4.0,5,0.2,0.2
2015,2015_nba_finals_cavaliers_vs_warriors,CLE,Timofey Mozgov,6.0,8.0,0.0,21.0,5,0.75,0.75
2015,2015_nba_finals_cavaliers_vs_warriors,GSW,Shaun Livingston,4.0,8.0,0.0,9.0,5,0.5,0.5
2015,2015_nba_finals_cavaliers_vs_warriors,GSW,Harrison Barnes,5.0,7.0,0.0,11.0,6,0.714,0.714
2015,2015_nba_finals_cavaliers_vs_warriors,GSW,Draymond Green,2.0,7.0,0.0,11.0,6,0.286,0.286
2015,2015_nba_finals_cavaliers_vs_warriors,CLE,Tristan Thompson,4.0,6.0,0.0,12.0,6,0.667,0.667
2015,2015_nba_finals_cavaliers_vs_warriors,CLE,Kyrie Irving,3.0,6.0,1.0,8.0,1,0.5,0.583
2015,2015_nba_finals_cavaliers_vs_warriors,CLE,Iman Shumpert,1.0,6.0,1.0,5.0,6,0.167,0.25
2015,2015_nba_finals_cavaliers_vs_warriors,GSW,Marreese Speights,1.0,6.0,0.0,3.0,2,0.167,0.167
2015,2015_nba_finals_cavaliers_vs_warriors,GSW,David Lee,4.0,5.0,0.0,11.0,2,0.8,0.8
2015,2015_nba_finals_cavaliers_vs_warriors,CLE,James Jones,0.0,5.0,0.0,0.0,6,0.0,0.0
2015,2015_nba_finals_cavaliers_vs_warriors,GSW,Andrew Bogut,2.0,2.0,0.0,4.0,2,1.0,1.0
2015,2015_nba_finals_cavaliers_vs_warriors,CLE,Kendrick Perkins,0.0,2.0,0.0,2.0,1,0.0,0.0
2015,2015_nba_finals_cavaliers_vs_warriors,CLE,Joe Harris,0.0,0.0,0.0,1.0,2,,
2015,2015_nba_finals_cavaliers_vs_warriors,CLE,Mike Miller,0.0,0.0,0.0,0.0,5,,
2015,2015_nba_finals_cavaliers_vs_warriors,GSW,Festus Ezeli,0.0,0.0,0.0,0.0,2,,
2015,2015_nba_finals_cavaliers_vs_warriors,GSW,James Michael McAdoo,0.0,0.0,0.0,0.0,1,,
2015,2015_nba_finals_cavaliers_vs_warriors,GSW,Justin Holiday,0.0,0.0,0.0,0.0,1,,
2014,2014_nba_finals_heat_vs_spurs,MIA,Chris Bosh,8.0,17.0,2.0,20.0,5,0.471,0.529
2014,2014_nba_finals_heat_vs_spurs,MIA,LeBron James,7.0,17.0,1.0,18.0,5,0.412,0.441
2014,2014_nba_finals_heat_vs_spurs,SAS,Tony Parker,11.0,15.0,3.0,29.0,5,0.733,0.833
2014,2014_nba_finals_heat_vs_spurs,MIA,Dwyane Wade,7.0,14.0,1.0,18.0,5,0.5,0.536
2014,2014_nba_finals_heat_vs_spurs,SAS,Boris Diaw,3.0,10.0,2.0,9.0,5,0.3,0.4
2014,2014_nba_finals_heat_vs_spurs,SAS,Danny Green,6.0,9.0,4.0,16.0,5,0.667,0.889
2014,2014_nba_finals_heat_vs_spurs,SAS,Manu Ginóbili,4.0,9.0,1.0,13.0,5,0.444,0.5
2014,2014_nba_finals_heat_vs_spurs,SAS,Kawhi Leonard,7.0,8.0,2.0,22.0,5,0.875,1.0
2014,2014_nba_finals_heat_vs_spurs,SAS,Tim Duncan,4.0,7.0,0.0,10.0,5,0.571,0.571
2014,2014_nba_finals_heat_vs_spurs,MIA,Michael Beasley,4.0,6.0,0.0,9.0,1,0.667,0.667
2014,2014_nba_finals_heat_vs_spurs,SAS,Marco Belinelli,3.0,6.0,0.0,6.0,4,0.5,0.5
2014,2014_nba_finals_heat_vs_spurs,SAS,Patty Mills,2.0,6.0,2.0,6.0,5,0.333,0.5
2014,2014_nba_finals_heat_vs_spurs,MIA,James Jones,4.0,5.0,3.0,11.0,3,0.8,1.1
2014,2014_nba_finals_heat_vs_spurs,MIA,Chris Andersen,3.0,5.0,0.0,6.0,5,0.6,0.6
2014,2014_nba_finals_heat_vs_spurs,MIA,Ray Allen,2.0,5.0,1.0,7.0,5,0.4,0.5
2014,2014_nba_finals_heat_vs_spurs,MIA,Norris Cole,1.0,5.0,0.0,3.0,4,0.2,0.2
2014,2014_nba_finals_heat_vs_spurs,MIA,Mario Chalmers,2.0,4.0,1.0,7.0,5,0.5,0.625
2014,2014_nba_finals_heat_vs_spurs,MIA,Udonis Haslem,2.0,4.0,0.0,4.0,3,0.5,0.5
2014,2014_nba_finals_heat_vs_spurs,MIA,Toney Douglas,1.0,4.0,1.0,4.0,3,0.25,0.375
2014,2014_nba_finals_heat_vs_spurs,SAS,Tiago Splitter,3.0,3.0,0.0,7.0,4,1.0,1.0
2014,2014_nba_finals_heat_vs_spurs,SAS,Cory Joseph,1.0,3.0,0.0,2.0,3,0.333,0.333
2014,2014_nba_finals_heat_vs_spurs,MIA,Rashard Lewis,2.0,2.0,2.0,6.0,3,1.0,1.5
2014,2014_nba_finals_heat_vs_spurs,SAS,Aron Baynes,2.0,2.0,0.0,6.0,3,1.0,1.0
2014,2014_nba_finals_heat_vs_spurs,SAS,Jeff Ayres,1.0,1.0,0.0,5.0,3,1.0,1.0
2014,2014_nba_finals_heat_vs_spurs,MIA,Greg Oden,0.0,0.0,0.0,0.0,2,,
2014,2014_nba_finals_heat_vs_spurs,MIA,Shane Battier,0.0,0.0,0.0,0.0,3,,
2014,2014_nba_finals_heat_vs_spurs,SAS,Matt Bonner,0.0,0.0,0.0,1.0,3,,
2013,2013_nba_finals_spurs_vs_heat,MIA,LeBron James,22.0,39.0,3.0,54.0,7,0.564,0.603
2013,2013_nba_finals_spurs_vs_heat,MIA,Dwyane Wade,10.0,27.0,0.0,24.0,7,0.37,0.37
2013,2013_nba_finals_spurs_vs_heat,SAS,Danny Green,8.0,21.0,6.0,22.0,7,0.381,0.524
2013,2013_nba_finals_spurs_vs_heat,SAS,Tony Parker,9.0,20.0,1.0,24.0,7,0.45,0.475
2013,2013_nba_finals_spurs_vs_heat,SAS,Tim Duncan,7.0,18.0,0.0,21.0,5,0.389,0.389
2013,2013_nba_finals_spurs_vs_heat,MIA,Ray Allen,11.0,17.0,6.0,34.0,6,0.647,0.824
2013,2013_nba_finals_spurs_vs_heat,SAS,Manu Ginóbili,6.0,17.0,1.0,18.0,7,0.353,0.382
2013,2013_nba_finals_spurs_vs_heat,MIA,Chris Bosh,5.0,12.0,0.0,12.0,7,0.417,0.417
2013,2013_nba_finals_spurs_vs_heat,SAS,Kawhi Leonard,7.0,11.0,2.0,19.0,7,0.636,0.727
2013,2013_nba_finals_spurs_vs_heat,SAS,DeJuan Blair,5.0,11.0,0.0,11.0,3,0.455,0.455
2013,2013_nba_finals_spurs_vs_heat,SAS,Gary Neal,4.0,11.0,3.0,11.0,7,0.364,0.5
2013,2013_nba_finals_spurs_vs_heat,SAS,Tiago Splitter,5.0,9.0,0.0,12.0,6,0.556,0.556
2013,2013_nba_finals_spurs_vs_heat,MIA,Shane Battier,3.0,9.0,3.0,9.0,5,0.333,0.5
2013,2013_nba_finals_spurs_vs_heat,MIA,Mario Chalmers,3.0,8.0,1.0,8.0,7,0.375,0.438
2013,2013_nba_finals_spurs_vs_heat,SAS,Cory Joseph,3.0,6.0,0.0,9.0,4,0.5,0.5
2013,2013_nba_finals_spurs_vs_heat,SAS,Matt Bonner,3.0,6.0,1.0,7.0,5,0.5,0.583
2013,2013_nba_finals_spurs_vs_heat,MIA,Rashard Lewis,2.0,6.0,0.0,4.0,3,0.333,0.333
2013,2013_nba_finals_spurs_vs_heat,MIA,Norris Cole,0.0,6.0,0.0,1.0,5,0.0,0.0
2013,2013_nba_finals_spurs_vs_heat,MIA,James Jones,2.0,5.0,2.0,6.0,3,0.4,0.6
2013,2013_nba_finals_spurs_vs_heat,SAS,Patty Mills,2.0,5.0,0.0,4.0,2,0.4,0.4
2013,2013_nba_finals_spurs_vs_heat,MIA,Chris Andersen,2.0,3.0,0.0,8.0,5,0.667,0.667
2013,2013_nba_finals_spurs_vs_heat,MIA,Mike Miller,2.0,3.0,2.0,6.0,5,0.667,1.0
2013,2013_nba_finals_spurs_vs_heat,SAS,Tracy McGrady,0.0,3.0,0.0,0.0,2,0.0,0.0
2013,2013_nba_finals_spurs_vs_heat,SAS,Boris Diaw,0.0,2.0,0.0,0.0,4,0.0,0.0
2013,2013_nba_finals_spurs_vs_heat,MIA,Joel Anthony,1.0,1.0,0.0,2.0,3,1.0,1.0
2013,2013_nba_finals_spurs_vs_heat,MIA,Udonis Haslem,0.0,0.0,0.0,0.0,2,,
2013,2013_nba_finals_spurs_vs_heat,SAS,Nando De Colo,0.0,0.0,0.0,0.0,2,,
2012,2012_nba_finals_heat_vs_thunder,OKC,Kevin Durant,17.0,32.0,4.0,49.0,5,0.531,0.594
2012,2012_nba_finals_heat_vs_thunder,OKC,Russell Westbrook,16.0,30.0,0.0,36.0,5,0.533,0.533
2012,2012_nba_finals_heat_vs_thunder,MIA,LeBron James,9.0,26.0,1.0,34.0,5,0.346,0.365
2012,2012_nba_finals_heat_vs_thunder,MIA,Dwyane Wade,11.0,23.0,1.0,31.0,5,0.478,0.5
2012,2012_nba_finals_heat_vs_thunder,MIA,Chris Bosh,5.0,15.0,0.0,15.0,5,0.333,0.333
2012,2012_nba_finals_heat_vs_thunder,OKC,James Harden,7.0,12.0,3.0,19.0,5,0.583,0.708
2012,2012_nba_finals_heat_vs_thunder,MIA,Mario Chalmers,6.0,10.0,1.0,16.0,5,0.6,0.65
2012,2012_nba_finals_heat_vs_thunder,OKC,Derek Fisher,3.0,10.0,2.0,8.0,5,0.3,0.4
2012,2012_nba_finals_heat_vs_thunder,OKC,Nick Collison,2.0,5.0,0.0,4.0,5,0.4,0.4
2012,2012_nba_finals_heat_vs_thunder,OKC,Thabo Sefolosha,2.0,5.0,0.0,6.0,4,0.4,0.4
2012,2012_nba_finals_heat_vs_thunder,MIA,Mike Miller,3.0,4.0,2.0,8.0,2,0.75,1.0
2012,2012_nba_finals_heat_vs_thunder,MIA,James Jones,1.0,3.0,1.0,3.0,3,0.333,0.5
2012,2012_nba_finals_heat_vs_thunder,OKC,Royal Ivey,2.0,2.0,2.0,6.0,1,1.0,1.5
2012,2012_nba_finals_heat_vs_thunder,MIA,Shane Battier,1.0,2.0,1.0,3.0,5,0.5,0.75
2012,2012_nba_finals_heat_vs_thunder,OKC,Daequan Cook,1.0,2.0,0.0,2.0,1,0.5,0.5
2012,2012_nba_finals_heat_vs_thunder,OKC,Lazar Hayward,1.0,2.0,0.0,2.0,1,0.5,0.5
2012,2012_nba_finals_heat_vs_thunder,MIA,Udonis Haslem,1.0,1.0,0.0,3.0,5,1.0,1.0
2012,2012_nba_finals_heat_vs_thunder,OKC,Cole Aldrich,1.0,1.0,0.0,2.0,1,1.0,1.0
2012,2012_nba_finals_heat_vs_thunder,MIA,Juwan Howard,0.0,1.0,0.0,0.0,1,0.0,0.0
2012,2012_nba_finals_heat_vs_thunder,MIA,Norris Cole,0.0,0.0,0.0,0.0,2,,
2012,2012_nba_finals_heat_vs_thunder,MIA,Ronny Turiaf,0.0,0.0,0.0,0.0,1,,
2012,2012_nba_finals_heat_vs_thunder,MIA,Terrel Harris,0.0,0.0,0.0,3.0,1,,
2012,2012_nba_finals_heat_vs_thunder,OKC,Kendrick Perkins,0.0,0.0,0.0,2.0,2,,
2012,2012_nba_finals_heat_vs_thunder,OKC,Serge Ibaka,0.0,0.0,0.0,0.0,2,,
2011,2011_nba_finals_mavericks_vs_heat,DAL,Dirk Nowitzki,18.0,35.0,2.0,62.0,6,0.514,0.543
2011,2011_nba_finals_mavericks_vs_heat,MIA,Dwyane Wade,16.0,29.0,4.0,44.0,6,0.552,0.621
2011,2011_nba_finals_mavericks_vs_heat,DAL,Jason Terry,10.0,26.0,2.0,30.0,6,0.385,0.423
2011,2011_nba_finals_mavericks_vs_heat,MIA,LeBron James,7.0,21.0,1.0,18.0,6,0.333,0.357
2011,2011_nba_finals_mavericks_vs_heat,MIA,Chris Bosh,7.0,19.0,0.0,23.0,6,0.368,0.368
2011,2011_nba_finals_mavericks_vs_heat,DAL,J.J. Barea,6.0,17.0,3.0,16.0,6,0.353,0.441
2011,2011_nba_finals_mavericks_vs_heat,MIA,Udonis Haslem,8.0,15.0,0.0,18.0,6,0.533,0.533
2011,2011_nba_finals_mavericks_vs_heat,MIA,Mario Chalmers,5.0,10.0,3.0,18.0,6,0.5,0.65
2011,2011_nba_finals_mavericks_vs_heat,DAL,Jason Kidd,3.0,7.0,3.0,14.0,6,0.429,0.643
2011,2011_nba_finals_mavericks_vs_heat,DAL,Shawn Marion,3.0,7.0,0.0,7.0,6,0.429,0.429
2011,2011_nba_finals_mavericks_vs_heat,MIA,Mike Miller,2.0,7.0,2.0,6.0,5,0.286,0.429
2011,2011_nba_finals_mavericks_vs_heat,DAL,DeShawn Stevenson,1.0,7.0,1.0,4.0,5,0.143,0.214
2011,2011_nba_finals_mavericks_vs_heat,DAL,Tyson Chandler,3.0,6.0,0.0,8.0,6,0.5,0.5
2011,2011_nba_finals_mavericks_vs_heat,MIA,Eddie House,0.0,2.0,0.0,0.0,1,0.0,0.0
2011,2011_nba_finals_mavericks_vs_heat,DAL,Brendan Haywood,0.0,0.0,0.0,1.0,2,,
2011,2011_nba_finals_mavericks_vs_heat,DAL,Ian Mahinmi,0.0,0.0,0.0,0.0,3,,
2011,2011_nba_finals_mavericks_vs_heat,DAL,Peja Stojaković,0.0,0.0,0.0,0.0,3,,
2011,2011_nba_finals_mavericks_vs_heat,MIA,Joel Anthony,0.0,0.0,0.0,0.0,2,,
2011,2011_nba_finals_mavericks_vs_heat,MIA,Juwan Howard,0.0,0.0,0.0,0.0,2,,
2010,2010_nba_finals_celtics_vs_lakers,LAL,Kobe Bryant,12.0,41.0,3.0,53.0,7,0.293,0.329
2010,2010_nba_finals_celtics_vs_lakers,LAL,Lamar Odom,11.0,22.0,0.0,23.0,7,0.5,0.5
2010,2010_nba_finals_celtics_vs_lakers,BOS,Paul Pierce,9.0,21.0,1.0,32.0,7,0.429,0.452
2010,2010_nba_finals_celtics_vs_lakers,BOS,Ray Allen,7.0,20.0,1.0,25.0,7,0.35,0.375
2010,2010_nba_finals_celtics_vs_lakers,BOS,Kevin Garnett,9.0,19.0,0.0,23.0,7,0.474,0.474
2010,2010_nba_finals_celtics_vs_lakers,LAL,Pau Gasol,10.0,17.0,0.0,31.0,7,0.588,0.588
2010,2010_nba_finals_celtics_vs_lakers,BOS,Glen Davis,9.0,16.0,0.0,23.0,7,0.562,0.562
2010,2010_nba_finals_celtics_vs_lakers,BOS,Nate Robinson,7.0,16.0,2.0,21.0,6,0.438,0.5
2010,2010_nba_finals_celtics_vs_lakers,LAL,Derek Fisher,7.0,16.0,1.0,18.0,7,0.438,0.469
2010,2010_nba_finals_celtics_vs_lakers,BOS,Rajon Rondo,10.0,14.0,1.0,23.0,7,0.714,0.75
2010,2010_nba_finals_celtics_vs_lakers,LAL,Metta World Peace,4.0,12.0,2.0,13.0,7,0.333,0.417
2010,2010_nba_finals_celtics_vs_lakers,BOS,Rasheed Wallace,4.0,11.0,3.0,11.0,6,0.364,0.5
2010,2010_nba_finals_celtics_vs_lakers,BOS,Tony Allen,2.0,9.0,0.0,5.0,6,0.222,0.222
2010,2010_nba_finals_celtics_vs_lakers,LAL,Jordan Farmar,2.0,6.0,1.0,5.0,7,0.333,0.417
2010,2010_nba_finals_celtics_vs_lakers,LAL,Sasha Vujačić,1.0,5.0,1.0,8.0,6,0.2,0.3
2010,2010_nba_finals_celtics_vs_lakers,LAL,Andrew Bynum,2.0,3.0,0.0,4.0,3,0.667,0.667
2010,2010_nba_finals_celtics_vs_lakers,LAL,Shannon Brown,0.0,3.0,0.0,0.0,4,0.0,0.0
2010,2010_nba_finals_celtics_vs_lakers,BOS,Kendrick Perkins,1.0,2.0,0.0,4.0,2,0.5,0.5
2010,2010_nba_finals_celtics_vs_lakers,BOS,Marquis Daniels,1.0,2.0,1.0,5.0,1,0.5,0.75
2010,2010_nba_finals_celtics_vs_lakers,LAL,Luke Walton,0.0,2.0,0.0,0.0,2,0.0,0.0
2010,2010_nba_finals_celtics_vs_lakers,BOS,Michael Finley,0.0,1.0,0.0,0.0,1,0.0,0.0
2010,2010_nba_finals_celtics_vs_lakers,LAL,D.J. Mbenga,0.0,1.0,0.0,0.0,1,0.0,0.0
2010,2010_nba_finals_celtics_vs_lakers,LAL,Josh Powell,0.0,1.0,0.0,0.0,1,0.0,0.0
2010,2010_nba_finals_celtics_vs_lakers,BOS,Shelden Williams,0.0,0.0,0.0,0.0,1,,
2009,2009_nba_finals_magic_vs_lakers,LAL,Kobe Bryant,10.0,33.0,1.0,33.0,5,0.303,0.318
2009,2009_nba_finals_magic_vs_lakers,ORL,Rashard Lewis,8.0,18.0,3.0,23.0,5,0.444,0.528
2009,2009_nba_finals_magic_vs_lakers,LAL,Pau Gasol,10.0,17.0,0.0,22.0,5,0.588,0.588
2009,2009_nba_finals_magic_vs_lakers,LAL,Lamar Odom,9.0,14.0,0.0,24.0,5,0.643,0.643
2009,2009_nba_finals_magic_vs_lakers,ORL,Mickaël Piétrus,7.0,14.0,2.0,25.0,5,0.5,0.571
2009,2009_nba_finals_magic_vs_lakers,ORL,Hedo Türkoğlu,6.0,13.0,2.0,23.0,5,0.462,0.538
2009,2009_nba_finals_magic_vs_lakers,LAL,Trevor Ariza,3.0,10.0,2.0,9.0,4,0.3,0.4
2009,2009_nba_finals_magic_vs_lakers,LAL,Derek Fisher,4.0,7.0,2.0,12.0,5,0.571,0.714
2009,2009_nba_finals_magic_vs_lakers,ORL,Jameer Nelson,2.0,7.0,1.0,5.0,5,0.286,0.357
2009,2009_nba_finals_magic_vs_lakers,ORL,Marcin Gortat,2.0,7.0,0.0,4.0,4,0.286,0.286
2009,2009_nba_finals_magic_vs_lakers,ORL,JJ Redick,5.0,6.0,4.0,14.0,3,0.833,1.167
2009,2009_nba_finals_magic_vs_lakers,ORL,Dwight Howard,4.0,5.0,0.0,19.0,5,0.8,0.8
2009,2009_nba_finals_magic_vs_lakers,LAL,Jordan Farmar,2.0,4.0,0.0,4.0,4,0.5,0.5
2009,2009_nba_finals_magic_vs_lakers,ORL,Courtney Lee,0.0,4.0,0.0,0.0,3,0.0,0.0
2009,2009_nba_finals_magic_vs_lakers,LAL,Luke Walton,3.0,3.0,0.0,7.0,5,1.0,1.0
2009,2009_nba_finals_magic_vs_lakers,ORL,Rafer Alston,0.0,3.0,0.0,1.0,3,0.0,0.0
2009,2009_nba_finals_magic_vs_lakers,ORL,Tony Battie,1.0,2.0,0.0,2.0,3,0.5,0.5
2009,2009_nba_finals_magic_vs_lakers,LAL,Andrew Bynum,0.0,2.0,0.0,1.0,4,0.0,0.0
2009,2009_nba_finals_magic_vs_lakers,LAL,Shannon Brown,0.0,2.0,0.0,0.0,2,0.0,0.0
2009,2009_nba_finals_magic_vs_lakers,LAL,Josh Powell,1.0,1.0,1.0,3.0,1,1.0,1.5
2009,2009_nba_finals_magic_vs_lakers,LAL,D.J. Mbenga,0.0,1.0,0.0,0.0,1,0.0,0.0
2009,2009_nba_finals_magic_vs_lakers,LAL,Sasha Vujačić,0.0,1.0,0.0,0.0,1,0.0,0.0
2008,2008_nba_finals_lakers_vs_celtics,LAL,Kobe Bryant,14.0,34.0,2.0,44.0,6,0.412,0.441
2008,2008_nba_finals_lakers_vs_celtics,BOS,Kevin Garnett,11.0,27.0,0.0,27.0,6,0.407,0.407
2008,2008_nba_finals_lakers_vs_celtics,LAL,Sasha Vujačić,8.0,22.0,5.0,21.0,6,0.364,0.477
2008,2008_nba_finals_lakers_vs_celtics,BOS,Paul Pierce,6.0,16.0,1.0,33.0,6,0.375,0.406
2008,2008_nba_finals_lakers_vs_celtics,BOS,Ray Allen,9.0,14.0,5.0,26.0,6,0.643,0.821
2008,2008_nba_finals_lakers_vs_celtics,BOS,Eddie House,3.0,13.0,2.0,11.0,4,0.231,0.308
2008,2008_nba_finals_lakers_vs_celtics,LAL,Lamar Odom,6.0,12.0,1.0,21.0,5,0.5,0.542
2008,2008_nba_finals_lakers_vs_celtics,LAL,Jordan Farmar,7.0,11.0,5.0,19.0,6,0.636,0.864
2008,2008_nba_finals_lakers_vs_celtics,LAL,Pau Gasol,5.0,11.0,0.0,12.0,5,0.455,0.455
2008,2008_nba_finals_lakers_vs_celtics,LAL,Derek Fisher,3.0,10.0,1.0,17.0,6,0.3,0.35
2008,2008_nba_finals_lakers_vs_celtics,BOS,James Posey,7.0,9.0,6.0,24.0,6,0.778,1.111
2008,2008_nba_finals_lakers_vs_celtics,BOS,Leon Powe,5.0,9.0,0.0,18.0,5,0.556,0.556
2008,2008_nba_finals_lakers_vs_celtics,BOS,Sam Cassell,4.0,8.0,0.0,9.0,2,0.5,0.5
2008,2008_nba_finals_lakers_vs_celtics,BOS,Rajon Rondo,3.0,8.0,0.0,8.0,5,0.375,0.375
2008,2008_nba_finals_lakers_vs_celtics,LAL,Ronny Turiaf,3.0,6.0,0.0,7.0,5,0.5,0.5
2008,2008_nba_finals_lakers_vs_celtics,LAL,Vladimir Radmanović,3.0,6.0,1.0,7.0,3,0.5,0.583
2008,2008_nba_finals_lakers_vs_celtics,LAL,Luke Walton,2.0,4.0,1.0,6.0,5,0.5,0.625
2008,2008_nba_finals_lakers_vs_celtics,BOS,P.J. Brown,0.0,4.0,0.0,0.0,6,0.0,0.0
2008,2008_nba_finals_lakers_vs_celtics,LAL,Trevor Ariza,1.0,3.0,0.0,3.0,2,0.333,0.333
2008,2008_nba_finals_lakers_vs_celtics,BOS,Tony Allen,1.0,2.0,0.0,2.0,2,0.5,0.5
2008,2008_nba_finals_lakers_vs_celtics,BOS,Glen Davis,1.0,1.0,0.0,3.0,1,1.0,1.0
2008,2008_nba_finals_lakers_vs_celtics,BOS,Kendrick Perkins,0.0,0.0,0.0,0.0,1,,
2007,2007_nba_finals_cavaliers_vs_spurs,CLE,LeBron James,14.0,31.0,4.0,39.0,4,0.452,0.516
2007,2007_nba_finals_cavaliers_vs_spurs,SAS,Tim Duncan,7.0,19.0,0.0,16.0,4,0.368,0.368
2007,2007_nba_finals_cavaliers_vs_spurs,SAS,Tony Parker,7.0,16.0,1.0,18.0,4,0.438,0.469
2007,2007_nba_finals_cavaliers_vs_spurs,SAS,Manu Ginóbili,5.0,13.0,3.0,25.0,4,0.385,0.5
2007,2007_nba_finals_cavaliers_vs_spurs,CLE,Daniel Gibson,9.0,12.0,2.0,20.0,4,0.75,0.833
2007,2007_nba_finals_cavaliers_vs_spurs,CLE,Sasha Pavlović,4.0,9.0,2.0,11.0,4,0.444,0.556
2007,2007_nba_finals_cavaliers_vs_spurs,CLE,Donyell Marshall,4.0,8.0,1.0,10.0,4,0.5,0.562
2007,2007_nba_finals_cavaliers_vs_spurs,CLE,Anderson Varejão,6.0,7.0,0.0,13.0,4,0.857,0.857
2007,2007_nba_finals_cavaliers_vs_spurs,CLE,Damon Jones,3.0,6.0,3.0,12.0,4,0.5,0.75
2007,2007_nba_finals_cavaliers_vs_spurs,SAS,Brent Barry,1.0,6.0,1.0,3.0,4,0.167,0.25
2007,2007_nba_finals_cavaliers_vs_spurs,SAS,Bruce Bowen,0.0,6.0,0.0,0.0,4,0.0,0.0
2007,2007_nba_finals_cavaliers_vs_spurs,SAS,Fabricio Oberto,2.0,4.0,0.0,5.0,2,0.5,0.5
2007,2007_nba_finals_cavaliers_vs_spurs,CLE,Drew Gooden,1.0,4.0,0.0,4.0,3,0.25,0.25
2007,2007_nba_finals_cavaliers_vs_spurs,SAS,Robert Horry,1.0,3.0,1.0,3.0,4,0.333,0.5
2007,2007_nba_finals_cavaliers_vs_spurs,SAS,Jacque Vaughn,1.0,2.0,0.0,2.0,4,0.5,0.5
2007,2007_nba_finals_cavaliers_vs_spurs,SAS,Michael Finley,1.0,2.0,1.0,4.0,3,0.5,0.75
2007,2007_nba_finals_cavaliers_vs_spurs,SAS,Francisco Elson,1.0,1.0,0.0,2.0,2,1.0,1.0
2007,2007_nba_finals_cavaliers_vs_spurs,CLE,Ira Newble,0.0,1.0,0.0,0.0,1,0.0,0.0
2007,2007_nba_finals_cavaliers_vs_spurs,CLE,Zydrunas Ilgauskas,0.0,1.0,0.0,0.0,1,0.0,0.0
2007,2007_nba_finals_cavaliers_vs_spurs,CLE,Eric Snow,0.0,0.0,0.0,0.0,2,,
2007,2007_nba_finals_cavaliers_vs_spurs,CLE,Scot Pollard,0.0,0.0,0.0,0.0,1,,
2007,2007_nba_finals_cavaliers_vs_spurs,CLE,Shannon Brown,0.0,0.0,0.0,0.0,1,,
2007,2007_nba_finals_cavaliers_vs_spurs,SAS,Beno Udrih,0.0,0.0,0.0,0.0,2,,
2006,2006_nba_finals_heat_vs_mavericks,MIA,Dwyane Wade,17.0,36.0,1.0,59.0,6,0.472,0.486
2006,2006_nba_finals_heat_vs_mavericks,DAL,Jason Terry,10.0,30.0,3.0,28.0,6,0.333,0.383
2006,2006_nba_finals_heat_vs_mavericks,DAL,Dirk Nowitzki,7.0,21.0,0.0,27.0,6,0.333,0.333
2006,2006_nba_finals_heat_vs_mavericks,MIA,Antoine Walker,7.0,20.0,2.0,18.0,6,0.35,0.4
2006,2006_nba_finals_heat_vs_mavericks,DAL,Jerry Stackhouse,5.0,17.0,2.0,14.0,5,0.294,0.353
2006,2006_nba_finals_heat_vs_mavericks,MIA,James Posey,6.0,16.0,4.0,19.0,6,0.375,0.5
2006,2006_nba_finals_heat_vs_mavericks,DAL,Devin Harris,6.0,12.0,0.0,19.0,6,0.5,0.5
2006,2006_nba_finals_heat_vs_mavericks,MIA,Shaquille O'Neal,5.0,9.0,0.0,16.0,5,0.556,0.556
2006,2006_nba_finals_heat_vs_mavericks,DAL,Josh Howard,2.0,7.0,0.0,10.0,6,0.286,0.286
2006,2006_nba_finals_heat_vs_mavericks,MIA,Gary Payton,3.0,6.0,1.0,7.0,6,0.5,0.583
2006,2006_nba_finals_heat_vs_mavericks,MIA,Udonis Haslem,3.0,6.0,0.0,8.0,5,0.5,0.5
2006,2006_nba_finals_heat_vs_mavericks,MIA,Jason Williams,1.0,6.0,1.0,3.0,4,0.167,0.25
2006,2006_nba_finals_heat_vs_mavericks,MIA,Alonzo Mourning,2.0,4.0,0.0,6.0,5,0.5,0.5
2006,2006_nba_finals_heat_vs_mavericks,DAL,Marquis Daniels,1.0,4.0,0.0,4.0,3,0.25,0.25
2006,2006_nba_finals_heat_vs_mavericks,DAL,Erick Dampier,1.0,3.0,0.0,3.0,6,0.333,0.333
2006,2006_nba_finals_heat_vs_mavericks,DAL,Keith Van Horn,0.0,3.0,0.0,0.0,2,0.0,0.0
2006,2006_nba_finals_heat_vs_mavericks,DAL,DeSagana Diop,1.0,2.0,0.0,2.0,5,0.5,0.5
2006,2006_nba_finals_heat_vs_mavericks,DAL,Darrell Armstrong,0.0,2.0,0.0,0.0,1,0.0,0.0
2006,2006_nba_finals_heat_vs_mavericks,DAL,Adrian Griffin,1.0,1.0,0.0,2.0,3,1.0,1.0
2006,2006_nba_finals_heat_vs_mavericks,DAL,Josh Powell,0.0,1.0,0.0,0.0,1,0.0,0.0
2006,2006_nba_finals_heat_vs_mavericks,MIA,Jason Kapono,0.0,0.0,0.0,0.0,1,,
2006,2006_nba_finals_heat_vs_mavericks,MIA,Michael Doleac,0.0,0.0,0.0,0.0,1,,
2006,2006_nba_finals_heat_vs_mavericks,MIA,Shandon Anderson,0.0,0.0,0.0,0.0,3,,
2005,2005_nba_finals_pistons_vs_spurs,DET,Richard Hamilton,12.0,30.0,0.0,31.0,7,0.4,0.4
2005,2005_nba_finals_pistons_vs_spurs,SAS,Tim Duncan,11.0,29.0,0.0,30.0,7,0.379,0.379
2005,2005_nba_finals_pistons_vs_spurs,SAS,Manu Ginóbili,12.0,26.0,3.0,42.0,7,0.462,0.519
2005,2005_nba_finals_pistons_vs_spurs,DET,Chauncey Billups,12.0,24.0,1.0,37.0,7,0.5,0.521
2005,2005_nba_finals_pistons_vs_spurs,DET,Rasheed Wallace,10.0,18.0,2.0,22.0,7,0.556,0.611
2005,2005_nba_finals_pistons_vs_spurs,SAS,Robert Horry,10.0,16.0,8.0,32.0,7,0.625,0.875
2005,2005_nba_finals_pistons_vs_spurs,DET,Antonio McDyess,7.0,16.0,0.0,16.0,7,0.438,0.438
2005,2005_nba_finals_pistons_vs_spurs,DET,Lindsey Hunter,4.0,13.0,0.0,10.0,7,0.308,0.308
2005,2005_nba_finals_pistons_vs_spurs,SAS,Tony Parker,6.0,12.0,1.0,16.0,7,0.5,0.542
2005,2005_nba_finals_pistons_vs_spurs,DET,Tayshaun Prince,5.0,12.0,0.0,14.0,7,0.417,0.417
2005,2005_nba_finals_pistons_vs_spurs,SAS,Bruce Bowen,4.0,10.0,3.0,12.0,7,0.4,0.55
2005,2005_nba_finals_pistons_vs_spurs,DET,Ben Wallace,5.0,9.0,0.0,11.0,7,0.556,0.556
2005,2005_nba_finals_pistons_vs_spurs,SAS,Devin Brown,1.0,7.0,0.0,2.0,3,0.143,0.143
2005,2005_nba_finals_pistons_vs_spurs,SAS,Brent Barry,2.0,6.0,0.0,5.0,7,0.333,0.333
2005,2005_nba_finals_pistons_vs_spurs,SAS,Nazr Mohammed,1.0,5.0,0.0,2.0,6,0.2,0.2
2005,2005_nba_finals_pistons_vs_spurs,DET,Carlos Arroyo,3.0,4.0,0.0,7.0,4,0.75,0.75
2005,2005_nba_finals_pistons_vs_spurs,DET,Darko Miličić,1.0,3.0,0.0,2.0,3,0.333,0.333
2005,2005_nba_finals_pistons_vs_spurs,SAS,Tony Massenburg,0.0,3.0,0.0,0.0,3,0.0,0.0
2005,2005_nba_finals_pistons_vs_spurs,DET,Ronald Dupree,0.0,2.0,0.0,0.0,4,0.0,0.0
2005,2005_nba_finals_pistons_vs_spurs,SAS,Glenn Robinson,0.0,2.0,0.0,0.0,2,0.0,0.0
2005,2005_nba_finals_pistons_vs_spurs,DET,Darvin Ham,1.0,1.0,0.0,2.0,4,1.0,1.0
2005,2005_nba_finals_pistons_vs_spurs,SAS,Beno Udrih,0.0,1.0,0.0,2.0,3,0.0,0.0
2005,2005_nba_finals_pistons_vs_spurs,SAS,Rasho Nesterović,0.0,0.0,0.0,0.0,4,,
2004,2004_nba_finals_pistons_vs_lakers,LAL,Kobe Bryant,12.0,29.0,2.0,35.0,5,0.414,0.448
2004,2004_nba_finals_pistons_vs_lakers,DET,Richard Hamilton,12.0,27.0,2.0,39.0,5,0.444,0.481
2004,2004_nba_finals_pistons_vs_lakers,LAL,Derek Fisher,4.0,17.0,4.0,14.0,5,0.235,0.353
2004,2004_nba_finals_pistons_vs_lakers,LAL,Shaquille O'Neal,10.0,15.0,0.0,27.0,5,0.667,0.667
2004,2004_nba_finals_pistons_vs_lakers,LAL,Kareem Rush,4.0,14.0,2.0,10.0,4,0.286,0.357
2004,2004_nba_finals_pistons_vs_lakers,DET,Ben Wallace,9.0,13.0,0.0,19.0,5,0.692,0.692
2004,2004_nba_finals_pistons_vs_lakers,DET,Rasheed Wallace,8.0,13.0,0.0,23.0,5,0.615,0.615
2004,2004_nba_finals_pistons_vs_lakers,DET,Chauncey Billups,4.0,11.0,2.0,16.0,5,0.364,0.455
2004,2004_nba_finals_pistons_vs_lakers,DET,Tayshaun Prince,2.0,9.0,1.0,5.0,5,0.222,0.278
2004,2004_nba_finals_pistons_vs_lakers,DET,Lindsey Hunter,4.0,8.0,2.0,10.0,5,0.5,0.625
2004,2004_nba_finals_pistons_vs_lakers,LAL,Luke Walton,1.0,5.0,0.0,4.0,4,0.2,0.2
2004,2004_nba_finals_pistons_vs_lakers,LAL,Brian Cook,1.0,4.0,0.0,4.0,3,0.25,0.25
2004,2004_nba_finals_pistons_vs_lakers,LAL,Rick Fox,2.0,3.0,0.0,4.0,2,0.667,0.667
2004,2004_nba_finals_pistons_vs_lakers,DET,Elden Campbell,1.0,3.0,0.0,3.0,3,0.333,0.333
2004,2004_nba_finals_pistons_vs_lakers,DET,Mehmet Okur,1.0,3.0,0.0,2.0,3,0.333,0.333
2004,2004_nba_finals_pistons_vs_lakers,LAL,Gary Payton,1.0,2.0,1.0,4.0,3,0.5,0.75
2004,2004_nba_finals_pistons_vs_lakers,LAL,Karl Malone,1.0,2.0,0.0,2.0,2,0.5,0.5
2004,2004_nba_finals_pistons_vs_lakers,DET,Corliss Williamson,0.0,2.0,0.0,2.0,4,0.0,0.0
2004,2004_nba_finals_pistons_vs_lakers,DET,Darko Miličić,0.0,2.0,0.0,0.0,3,0.0,0.0
2004,2004_nba_finals_pistons_vs_lakers,DET,Darvin Ham,1.0,1.0,0.0,2.0,4,1.0,1.0
2004,2004_nba_finals_pistons_vs_lakers,LAL,Stanislav Medvedenko,1.0,1.0,0.0,3.0,4,1.0,1.0
2004,2004_nba_finals_pistons_vs_lakers,DET,Mike James,0.0,1.0,0.0,0.0,3,0.0,0.0
2004,2004_nba_finals_pistons_vs_lakers,LAL,Bryon Russell,0.0,0.0,0.0,0.0,2,,
2004,2004_nba_finals_pistons_vs_lakers,LAL,Devean George,0.0,0.0,0.0,0.0,1,,
2003,2003_nba_finals_nets_vs_spurs,SAS,Tim Duncan,12.0,28.0,0.0,40.0,6,0.429,0.429
2003,2003_nba_finals_nets_vs_spurs,NJN,Kenyon Martin,5.0,28.0,0.0,14.0,6,0.179,0.179
2003,2003_nba_finals_nets_vs_spurs,NJN,Jason Kidd,10.0,25.0,3.0,38.0,6,0.4,0.46
2003,2003_nba_finals_nets_vs_spurs,SAS,Tony Parker,9.0,22.0,2.0,29.0,5,0.409,0.455
2003,2003_nba_finals_nets_vs_spurs,SAS,Manu Ginóbili,5.0,17.0,1.0,20.0,6,0.294,0.324
2003,2003_nba_finals_nets_vs_spurs,NJN,Lucious Harris,7.0,15.0,2.0,25.0,6,0.467,0.533
2003,2003_nba_finals_nets_vs_spurs,NJN,Richard Jefferson,7.0,15.0,0.0,21.0,6,0.467,0.467
2003,2003_nba_finals_nets_vs_spurs,SAS,Stephen Jackson,7.0,14.0,6.0,23.0,6,0.5,0.714
2003,2003_nba_finals_nets_vs_spurs,NJN,Aaron Williams,5.0,14.0,0.0,10.0,5,0.357,0.357
2003,2003_nba_finals_nets_vs_spurs,SAS,Malik Rose,10.0,13.0,0.0,24.0,5,0.769,0.769
2003,2003_nba_finals_nets_vs_spurs,NJN,Kerry Kittles,3.0,9.0,1.0,7.0,6,0.333,0.389
2003,2003_nba_finals_nets_vs_spurs,NJN,Rodney Rogers,2.0,8.0,1.0,9.0,5,0.25,0.312
2003,2003_nba_finals_nets_vs_spurs,SAS,David Robinson,3.0,5.0,0.0,10.0,6,0.6,0.6
2003,2003_nba_finals_nets_vs_spurs,NJN,Dikembe Mutombo,3.0,4.0,0.0,6.0,4,0.75,0.75
2003,2003_nba_finals_nets_vs_spurs,SAS,Speedy Claxton,2.0,4.0,0.0,7.0,4,0.5,0.5
2003,2003_nba_finals_nets_vs_spurs,SAS,Steve Kerr,3.0,3.0,1.0,8.0,4,1.0,1.167
2003,2003_nba_finals_nets_vs_spurs,SAS,Bruce Bowen,1.0,3.0,0.0,2.0,5,0.333,0.333
2003,2003_nba_finals_nets_vs_spurs,NJN,Jason Collins,2.0,2.0,0.0,4.0,4,1.0,1.0
2003,2003_nba_finals_nets_vs_spurs,NJN,Anthony Johnson,0.0,1.0,0.0,0.0,2,0.0,0.0
2003,2003_nba_finals_nets_vs_spurs,SAS,Kevin Willis,0.0,1.0,0.0,0.0,2,0.0,0.0
2003,2003_nba_finals_nets_vs_spurs,SAS,Steve Smith,0.0,1.0,0.0,0.0,1,0.0,0.0
2003,2003_nba_finals_nets_vs_spurs,NJN,Brian Scalabrine,0.0,0.0,0.0,0.0,1,,
2003,2003_nba_finals_nets_vs_spurs,NJN,Tamar Slay,0.0,0.0,0.0,0.0,1,,
2003,2003_nba_finals_nets_vs_spurs,SAS,Danny Ferry,0.0,0.0,0.0,0.0,3,,
2002,2002_nba_finals_nets_vs_lakers,NJN,Jason Kidd,11.0,29.0,4.0,26.0,4,0.379,0.448
2002,2002_nba_finals_nets_vs_lakers,NJN,Kenyon Martin,12.0,20.0,1.0,30.0,4,0.6,0.625
2002,2002_nba_finals_nets_vs_lakers,LAL,Kobe Bryant,12.0,19.0,3.0,33.0,4,0.632,0.711
2002,2002_nba_finals_nets_vs_lakers,LAL,Shaquille O'Neal,6.0,14.0,0.0,29.0,4,0.429,0.429
2002,2002_nba_finals_nets_vs_lakers,NJN,Lucious Harris,5.0,12.0,1.0,14.0,3,0.417,0.458
2002,2002_nba_finals_nets_vs_lakers,LAL,Devean George,5.0,9.0,1.0,14.0,4,0.556,0.611
2002,2002_nba_finals_nets_vs_lakers,LAL,Brian Shaw,1.0,9.0,0.0,2.0,4,0.111,0.111
2002,2002_nba_finals_nets_vs_lakers,LAL,Robert Horry,3.0,7.0,2.0,8.0,4,0.429,0.571
2002,2002_nba_finals_nets_vs_lakers,NJN,Keith Van Horn,3.0,7.0,0.0,6.0,3,0.429,0.429
2002,2002_nba_finals_nets_vs_lakers,NJN,Richard Jefferson,3.0,7.0,0.0,6.0,4,0.429,0.429
2002,2002_nba_finals_nets_vs_lakers,LAL,Derek Fisher,5.0,6.0,2.0,17.0,4,0.833,1.0
2002,2002_nba_finals_nets_vs_lakers,NJN,Kerry Kittles,3.0,6.0,2.0,8.0,2,0.5,0.667
2002,2002_nba_finals_nets_vs_lakers,NJN,Jason Collins,2.0,3.0,0.0,9.0,4,0.667,0.667
2002,2002_nba_finals_nets_vs_lakers,NJN,Aaron Williams,2.0,2.0,0.0,6.0,2,1.0,1.0
2002,2002_nba_finals_nets_vs_lakers,LAL,Rick Fox,1.0,2.0,0.0,8.0,4,0.5,0.5
2002,2002_nba_finals_nets_vs_lakers,LAL,Mitch Richmond,1.0,1.0,0.0,2.0,1,1.0,1.0
2002,2002_nba_finals_nets_vs_lakers,NJN,Anthony Johnson,0.0,1.0,0.0,0.0,2,0.0,0.0
2002,2002_nba_finals_nets_vs_lakers,NJN,Donny Marshall,0.0,1.0,0.0,0.0,2,0.0,0.0
2002,2002_nba_finals_nets_vs_lakers,LAL,Mark Madsen,0.0,0.0,0.0,0.0,1,,
2002,2002_nba_finals_nets_vs_lakers,LAL,Samaki Walker,0.0,0.0,0.0,0.0,3,,
2002,2002_nba_finals_nets_vs_lakers,NJN,Brian Scalabrine,0.0,0.0,0.0,0.0,1,,
2002,2002_nba_finals_nets_vs_lakers,NJN,Todd MacCulloch,0.0,0.0,0.0,0.0,1,,
2001,2001_nba_finals_76ers_vs_lakers,PHI,Allen Iverson,16.0,35.0,6.0,50.0,5,0.457,0.543
2001,2001_nba_finals_76ers_vs_lakers,LAL,Shaquille O'Neal,9.0,20.0,0.0,22.0,5,0.45,0.45
2001,2001_nba_finals_76ers_vs_lakers,LAL,Kobe Bryant,6.0,17.0,2.0,22.0,5,0.353,0.412
2001,2001_nba_finals_76ers_vs_lakers,PHI,Eric Snow,6.0,16.0,0.0,21.0,5,0.375,0.375
2001,2001_nba_finals_76ers_vs_lakers,PHI,Tyrone Hill,5.0,14.0,0.0,13.0,5,0.357,0.357
2001,2001_nba_finals_76ers_vs_lakers,PHI,Aaron McKie,3.0,12.0,1.0,8.0,5,0.25,0.292
2001,2001_nba_finals_76ers_vs_lakers,LAL,Robert Horry,7.0,11.0,4.0,24.0,5,0.636,0.818
2001,2001_nba_finals_76ers_vs_lakers,LAL,Derek Fisher,4.0,9.0,4.0,12.0,4,0.444,0.667
2001,2001_nba_finals_76ers_vs_lakers,LAL,Brian Shaw,3.0,8.0,3.0,10.0,5,0.375,0.562
2001,2001_nba_finals_76ers_vs_lakers,PHI,Dikembe Mutombo,5.0,7.0,0.0,10.0,5,0.714,0.714
2001,2001_nba_finals_76ers_vs_lakers,LAL,Tyronn Lue,3.0,6.0,2.0,8.0,5,0.5,0.667
2001,2001_nba_finals_76ers_vs_lakers,PHI,Raja Bell,2.0,6.0,0.0,6.0,5,0.333,0.333
2001,2001_nba_finals_76ers_vs_lakers,LAL,Rick Fox,3.0,5.0,1.0,8.0,5,0.6,0.7
2001,2001_nba_finals_76ers_vs_lakers,PHI,Rodney Buford,1.0,4.0,0.0,2.0,2,0.25,0.25
2001,2001_nba_finals_76ers_vs_lakers,PHI,Todd MacCulloch,0.0,3.0,0.0,0.0,4,0.0,0.0
2001,2001_nba_finals_76ers_vs_lakers,PHI,Jumaine Jones,1.0,2.0,0.0,2.0,5,0.5,0.5
2001,2001_nba_finals_76ers_vs_lakers,PHI,Kevin Ollie,1.0,2.0,0.0,5.0,4,0.5,0.5
2001,2001_nba_finals_76ers_vs_lakers,LAL,Horace Grant,0.0,2.0,0.0,0.0,5,0.0,0.0
2001,2001_nba_finals_76ers_vs_lakers,LAL,Ron Harper,1.0,1.0,0.0,3.0,2,1.0,1.0
2001,2001_nba_finals_76ers_vs_lakers,LAL,Mark Madsen,0.0,0.0,0.0,0.0,1,,
2001,2001_nba_finals_76ers_vs_lakers,PHI,George Lynch,0.0,0.0,0.0,0.0,1,,
2001,2001_nba_finals_76ers_vs_lakers,PHI,Matt Geiger,0.0,0.0,0.0,0.0,3,,
2000,2000_nba_finals_pacers_vs_lakers,LAL,Shaquille O'Neal,26.0,38.0,0.0,69.0,6,0.684,0.684
2000,2000_nba_finals_pacers_vs_lakers,IND,Jalen Rose,6.0,22.0,1.0,30.0,6,0.273,0.295
2000,2000_nba_finals_pacers_vs_lakers,IND,Reggie Miller,7.0,18.0,4.0,34.0,6,0.389,0.5
2000,2000_nba_finals_pacers_vs_lakers,IND,Austin Croshere,9.0,17.0,1.0,40.0,6,0.529,0.559
2000,2000_nba_finals_pacers_vs_lakers,LAL,Robert Horry,7.0,15.0,2.0,19.0,6,0.467,0.533
2000,2000_nba_finals_pacers_vs_lakers,LAL,Kobe Bryant,3.0,15.0,0.0,14.0,4,0.2,0.2
2000,2000_nba_finals_pacers_vs_lakers,LAL,Derek Fisher,5.0,13.0,4.0,17.0,6,0.385,0.538
2000,2000_nba_finals_pacers_vs_lakers,IND,Travis Best,4.0,12.0,2.0,12.0,5,0.333,0.417
2000,2000_nba_finals_pacers_vs_lakers,LAL,Ron Harper,4.0,11.0,2.0,14.0,4,0.364,0.455
2000,2000_nba_finals_pacers_vs_lakers,IND,Sam Perkins,6.0,10.0,6.0,18.0,6,0.6,0.9
2000,2000_nba_finals_pacers_vs_lakers,LAL,Brian Shaw,1.0,9.0,0.0,2.0,6,0.111,0.111
2000,2000_nba_finals_pacers_vs_lakers,LAL,Glen Rice,2.0,7.0,2.0,8.0,5,0.286,0.429
2000,2000_nba_finals_pacers_vs_lakers,LAL,Rick Fox,5.0,6.0,3.0,20.0,6,0.833,1.083
2000,2000_nba_finals_pacers_vs_lakers,IND,Mark Jackson,1.0,5.0,1.0,4.0,6,0.2,0.3
2000,2000_nba_finals_pacers_vs_lakers,IND,Dale Davis,3.0,4.0,0.0,9.0,5,0.75,0.75
2000,2000_nba_finals_pacers_vs_lakers,IND,Jonathan Bender,2.0,3.0,0.0,7.0,2,0.667,0.667
2000,2000_nba_finals_pacers_vs_lakers,LAL,John Salley,2.0,3.0,0.0,4.0,3,0.667,0.667
2000,2000_nba_finals_pacers_vs_lakers,IND,Chris Mullin,1.0,2.0,0.0,4.0,2,0.5,0.5
2000,2000_nba_finals_pacers_vs_lakers,IND,Žan Tabak,1.0,1.0,0.0,2.0,2,1.0,1.0
2000,2000_nba_finals_pacers_vs_lakers,LAL,Travis Knight,1.0,1.0,0.0,3.0,1,1.0,1.0
2000,2000_nba_finals_pacers_vs_lakers,IND,Derrick McKey,0.0,1.0,0.0,0.0,5,0.0,0.0
2000,2000_nba_finals_pacers_vs_lakers,LAL,Devean George,0.0,1.0,0.0,1.0,1,0.0,0.0
2000,2000_nba_finals_pacers_vs_lakers,IND,Rik Smits,0.0,0.0,0.0,0.0,3,,
2000,2000_nba_finals_pacers_vs_lakers,LAL,A.C. Green,0.0,0.0,0.0,0.0,1,,
1999,1999_nba_finals_knicks_vs_spurs,NYK,Latrell Sprewell,15.0,36.0,2.0,43.0,5,0.417,0.444
1999,1999_nba_finals_knicks_vs_spurs,SAS,Tim Duncan,8.0,22.0,0.0,28.0,5,0.364,0.364
1999,1999_nba_finals_knicks_vs_spurs,NYK,Allan Houston,5.0,18.0,0.0,15.0,5,0.278,0.278
1999,1999_nba_finals_knicks_vs_spurs,SAS,David Robinson,6.0,12.0,0.0,25.0,5,0.5,0.5
1999,1999_nba_finals_knicks_vs_spurs,NYK,Marcus Camby,8.0,11.0,0.0,20.0,5,0.727,0.727
1999,1999_nba_finals_knicks_vs_spurs,SAS,Mario Elie,4.0,11.0,1.0,18.0,5,0.364,0.409
1999,1999_nba_finals_knicks_vs_spurs,SAS,Sean Elliott,3.0,11.0,1.0,12.0,5,0.273,0.318
1999,1999_nba_finals_knicks_vs_spurs,NYK,Chris Childs,2.0,10.0,0.0,5.0,4,0.2,0.2
1999,1999_nba_finals_knicks_vs_spurs,SAS,Avery Johnson,2.0,10.0,0.0,6.0,5,0.2,0.2
1999,1999_nba_finals_knicks_vs_spurs,SAS,Jaren Jackson,4.0,9.0,4.0,12.0,5,0.444,0.667
1999,1999_nba_finals_knicks_vs_spurs,NYK,Larry Johnson,2.0,9.0,1.0,7.0,5,0.222,0.278
1999,1999_nba_finals_knicks_vs_spurs,NYK,Kurt Thomas,4.0,7.0,0.0,10.0,4,0.571,0.571
1999,1999_nba_finals_knicks_vs_spurs,SAS,Steve Kerr,1.0,3.0,1.0,3.0,3,0.333,0.5
1999,1999_nba_finals_knicks_vs_spurs,NYK,Charlie Ward,0.0,2.0,0.0,1.0,5,0.0,0.0
1999,1999_nba_finals_knicks_vs_spurs,NYK,Chris Dudley,0.0,1.0,0.0,0.0,3,0.0,0.0
1999,1999_nba_finals_knicks_vs_spurs,SAS,Antonio Daniels,0.0,1.0,0.0,0.0,4,0.0,0.0
1999,1999_nba_finals_knicks_vs_spurs,SAS,Malik Rose,0.0,1.0,0.0,0.0,5,0.0,0.0
1999,1999_nba_finals_knicks_vs_spurs,SAS,Gerard King,0.0,0.0,0.0,0.0,2,,
1998,1998_nba_finals_bulls_vs_jazz,CHI,Michael Jordan,15.0,40.0,0.0,53.0,5,0.375,0.375
1998,1998_nba_finals_bulls_vs_jazz,UTA,Karl Malone,11.0,25.0,0.0,25.0,5,0.44,0.44
1998,1998_nba_finals_bulls_vs_jazz,UTA,Chris Morris,7.0,18.0,0.0,16.0,6,0.389,0.389
1998,1998_nba_finals_bulls_vs_jazz,CHI,Scottie Pippen,4.0,13.0,1.0,17.0,6,0.308,0.346
1998,1998_nba_finals_bulls_vs_jazz,UTA,Bryon Russell,5.0,12.0,3.0,15.0,5,0.417,0.542
1998,1998_nba_finals_bulls_vs_jazz,UTA,Shandon Anderson,5.0,12.0,0.0,14.0,6,0.417,0.417
1998,1998_nba_finals_bulls_vs_jazz,UTA,John Stockton,3.0,12.0,1.0,7.0,5,0.25,0.292
1998,1998_nba_finals_bulls_vs_jazz,CHI,Toni Kukoč,4.0,11.0,3.0,15.0,6,0.364,0.5
1998,1998_nba_finals_bulls_vs_jazz,CHI,Scott Burrell,5.0,9.0,0.0,10.0,5,0.556,0.556
1998,1998_nba_finals_bulls_vs_jazz,CHI,Steve Kerr,4.0,8.0,4.0,14.0,6,0.5,0.75
1998,1998_nba_finals_bulls_vs_jazz,CHI,Luc Longley,3.0,7.0,0.0,10.0,5,0.429,0.429
1998,1998_nba_finals_bulls_vs_jazz,UTA,Jeff Hornacek,3.0,6.0,1.0,10.0,5,0.5,0.583
1998,1998_nba_finals_bulls_vs_jazz,UTA,Howard Eisley,1.0,6.0,0.0,2.0,5,0.167,0.167
1998,1998_nba_finals_bulls_vs_jazz,UTA,Jacque Vaughn,0.0,6.0,0.0,0.0,1,0.0,0.0
1998,1998_nba_finals_bulls_vs_jazz,UTA,Antoine Carr,4.0,5.0,0.0,10.0,6,0.8,0.8
1998,1998_nba_finals_bulls_vs_jazz,UTA,Adam Keefe,2.0,4.0,0.0,4.0,5,0.5,0.5
1998,1998_nba_finals_bulls_vs_jazz,CHI,Bill Wennington,1.0,4.0,0.0,2.0,2,0.25,0.25
1998,1998_nba_finals_bulls_vs_jazz,CHI,Dennis Rodman,2.0,3.0,0.0,10.0,6,0.667,0.667
1998,1998_nba_finals_bulls_vs_jazz,CHI,Jud Buechler,2.0,3.0,2.0,6.0,3,0.667,1.0
1998,1998_nba_finals_bulls_vs_jazz,CHI,Randy Brown,1.0,3.0,0.0,2.0,1,0.333,0.333
1998,1998_nba_finals_bulls_vs_jazz,CHI,Dickey Simpkins,1.0,2.0,0.0,2.0,1,0.5,0.5
1998,1998_nba_finals_bulls_vs_jazz,UTA,Greg Foster,0.0,2.0,0.0,0.0,2,0.0,0.0
1998,1998_nba_finals_bulls_vs_jazz,CHI,Ron Harper,1.0,1.0,0.0,3.0,4,1.0,1.0
1998,1998_nba_finals_bulls_vs_jazz,UTA,Greg Ostertag,1.0,1.0,0.0,2.0,3,1.0,1.0
1997,1997_nba_finals_jazz_vs_bulls,CHI,Michael Jordan,25.0,51.0,4.0,64.0,6,0.49,0.529
1997,1997_nba_finals_jazz_vs_bulls,UTA,Karl Malone,11.0,25.0,0.0,35.0,6,0.44,0.44
1997,1997_nba_finals_jazz_vs_bulls,CHI,Scottie Pippen,10.0,25.0,6.0,33.0,6,0.4,0.52
1997,1997_nba_finals_jazz_vs_bulls,UTA,John Stockton,10.0,22.0,4.0,37.0,6,0.455,0.545
1997,1997_nba_finals_jazz_vs_bulls,UTA,Bryon Russell,6.0,14.0,4.0,18.0,6,0.429,0.571
1997,1997_nba_finals_jazz_vs_bulls,CHI,Toni Kukoč,4.0,12.0,2.0,12.0,6,0.333,0.417
1997,1997_nba_finals_jazz_vs_bulls,UTA,Jeff Hornacek,3.0,11.0,2.0,13.0,6,0.273,0.364
1997,1997_nba_finals_jazz_vs_bulls,CHI,Steve Kerr,4.0,10.0,1.0,9.0,6,0.4,0.45
1997,1997_nba_finals_jazz_vs_bulls,UTA,Shandon Anderson,2.0,8.0,1.0,5.0,4,0.25,0.312
1997,1997_nba_finals_jazz_vs_bulls,CHI,Ron Harper,2.0,7.0,1.0,6.0,4,0.286,0.357
1997,1997_nba_finals_jazz_vs_bulls,CHI,Luc Longley,3.0,5.0,0.0,6.0,5,0.6,0.6
1997,1997_nba_finals_jazz_vs_bulls,UTA,Antoine Carr,2.0,5.0,0.0,4.0,4,0.4,0.4
1997,1997_nba_finals_jazz_vs_bulls,CHI,Bison Dele,1.0,5.0,0.0,2.0,6,0.2,0.2
1997,1997_nba_finals_jazz_vs_bulls,UTA,Greg Ostertag,1.0,4.0,0.0,2.0,3,0.25,0.25
1997,1997_nba_finals_jazz_vs_bulls,CHI,Jud Buechler,2.0,3.0,0.0,5.0,5,0.667,0.667
1997,1997_nba_finals_jazz_vs_bulls,UTA,Chris Morris,1.0,3.0,1.0,3.0,4,0.333,0.5
1997,1997_nba_finals_jazz_vs_bulls,UTA,Greg Foster,1.0,3.0,0.0,6.0,4,0.333,0.333
1997,1997_nba_finals_jazz_vs_bulls,CHI,Dennis Rodman,1.0,2.0,1.0,3.0,5,0.5,0.75
1997,1997_nba_finals_jazz_vs_bulls,UTA,Adam Keefe,1.0,2.0,0.0,2.0,1,0.5,0.5
1997,1997_nba_finals_jazz_vs_bulls,CHI,Jason Caffey,0.0,0.0,0.0,0.0,1,,
