Year,Series,Team,Player,Closeout_Game,Closeout_PTS,Other_PTS_mean,Other_G,rel_closeout_PTS
2026,2026_nba_finals_knicks_vs_spurs,NYK,Jalen Brunson,5,45.0,29.5,4,15.5
2026,2026_nba_finals_knicks_vs_spurs,SAS,Dylan Harper,5,25.0,16.25,4,8.75
2026,2026_nba_finals_knicks_vs_spurs,SAS,Victor Wembanyama,5,19.0,27.75,4,-8.75
2026,2026_nba_finals_knicks_vs_spurs,SAS,Julian Champagnie,5,14.0,10.25,4,3.75
2026,2026_nba_finals_knicks_vs_spurs,NYK,Mikal Bridges,5,14.0,9.5,4,4.5
2026,2026_nba_finals_knicks_vs_spurs,NYK,Josh Hart,5,13.0,6.25,4,6.75
2026,2026_nba_finals_knicks_vs_spurs,SAS,Devin Vassell,5,12.0,13.0,4,-1.0
2026,2026_nba_finals_knicks_vs_spurs,NYK,OG Anunoby,5,11.0,23.75,4,-12.75
2026,2026_nba_finals_knicks_vs_spurs,SAS,De'Aaron Fox,5,7.0,14.25,4,-7.25
2026,2026_nba_finals_knicks_vs_spurs,SAS,Keldon Johnson,5,7.0,3.75,4,3.25
2026,2026_nba_finals_knicks_vs_spurs,SAS,Stephon Castle,5,6.0,16.75,4,-10.75
2026,2026_nba_finals_knicks_vs_spurs,NYK,Landry Shamet,5,5.0,7.25,4,-2.25
2026,2026_nba_finals_knicks_vs_spurs,NYK,Jordan Clarkson,5,2.0,4.0,3,-2.0
2026,2026_nba_finals_knicks_vs_spurs,NYK,Karl-Anthony Towns,5,2.0,15.75,4,-13.75
2026,2026_nba_finals_knicks_vs_spurs,NYK,Mitchell Robinson,5,2.0,4.0,4,-2.0
2026,2026_nba_finals_knicks_vs_spurs,NYK,Ariel Hukporti,5,0.0,0.0,1,0.0
2026,2026_nba_finals_knicks_vs_spurs,SAS,Carter Bryant,5,0.0,2.25,4,-2.25
2026,2026_nba_finals_knicks_vs_spurs,SAS,Harrison Barnes,2,0.0,0.0,2,0.0
2026,2026_nba_finals_knicks_vs_spurs,NYK,Jeremy Sochan,5,0.0,0.0,2,0.0
2026,2026_nba_finals_knicks_vs_spurs,NYK,Jose Alvarado,5,0.0,5.25,4,-5.25
2026,2026_nba_finals_knicks_vs_spurs,SAS,Luke Kornet,5,0.0,0.75,4,-0.75
2026,2026_nba_finals_knicks_vs_spurs,NYK,Miles McBride,5,0.0,2.75,4,-2.75
2025,2025_nba_finals_pacers_vs_thunder,OKC,Shai Gilgeous-Alexander,7,29.0,30.5,6,-1.5
2025,2025_nba_finals_pacers_vs_thunder,IND,Bennedict Mathurin,7,24.0,10.5,6,13.5
2025,2025_nba_finals_pacers_vs_thunder,OKC,Jalen Williams,7,20.0,24.167,6,-4.167
2025,2025_nba_finals_pacers_vs_thunder,OKC,Chet Holmgren,7,18.0,11.333,6,6.667
2025,2025_nba_finals_pacers_vs_thunder,IND,Pascal Siakam,7,16.0,19.833,6,-3.833
2025,2025_nba_finals_pacers_vs_thunder,IND,T.J. McConnell,7,16.0,11.333,6,4.667
2025,2025_nba_finals_pacers_vs_thunder,IND,Andrew Nembhard,7,15.0,11.167,6,3.833
2025,2025_nba_finals_pacers_vs_thunder,OKC,Alex Caruso,7,10.0,10.167,6,-0.167
2025,2025_nba_finals_pacers_vs_thunder,OKC,Cason Wallace,7,10.0,5.333,6,4.667
2025,2025_nba_finals_pacers_vs_thunder,OKC,Luguentz Dort,7,9.0,8.0,6,1.0
2025,2025_nba_finals_pacers_vs_thunder,IND,Tyrese Haliburton,7,9.0,14.833,6,-5.833
2025,2025_nba_finals_pacers_vs_thunder,OKC,Isaiah Hartenstein,7,7.0,5.333,6,1.667
2025,2025_nba_finals_pacers_vs_thunder,IND,Myles Turner,7,6.0,11.333,6,-5.333
2025,2025_nba_finals_pacers_vs_thunder,IND,Aaron Nesmith,7,3.0,10.5,6,-7.5
2025,2025_nba_finals_pacers_vs_thunder,IND,Tony Bradley,7,2.0,3.5,2,-1.5
2025,2025_nba_finals_pacers_vs_thunder,OKC,Aaron Wiggins,7,0.0,6.833,6,-6.833
2025,2025_nba_finals_pacers_vs_thunder,OKC,Ajay Mitchell,7,0.0,1.333,3,-1.333
2025,2025_nba_finals_pacers_vs_thunder,IND,Ben Sheppard,7,0.0,3.333,6,-3.333
2025,2025_nba_finals_pacers_vs_thunder,OKC,Dillon Jones,7,0.0,2.0,2,-2.0
2025,2025_nba_finals_pacers_vs_thunder,OKC,Isaiah Joe,6,0.0,4.8,5,0.0
2025,2025_nba_finals_pacers_vs_thunder,IND,James Johnson,6,0.0,1.0,2,0.0
2025,2025_nba_finals_pacers_vs_thunder,OKC,Jaylin Williams,6,0.0,3.333,3,0.0
2025,2025_nba_finals_pacers_vs_thunder,IND,Johnny Furphy,7,0.0,0.667,3,-0.667
2025,2025_nba_finals_pacers_vs_thunder,OKC,Kenrich Williams,7,0.0,1.167,6,-1.167
2025,2025_nba_finals_pacers_vs_thunder,IND,Obi Toppin,7,0.0,12.833,6,-12.833
2025,2025_nba_finals_pacers_vs_thunder,OKC,Ousmane Dieng,7,0.0,1.5,2,-1.5
2025,2025_nba_finals_pacers_vs_thunder,IND,Thomas Bryant,7,0.0,2.0,5,-2.0
2024,2024_nba_finals_mavericks_vs_celtics,BOS,Jayson Tatum,5,31.0,20.0,4,11.0
2024,2024_nba_finals_mavericks_vs_celtics,DAL,Luka Dončić,5,28.0,29.5,4,-1.5
2024,2024_nba_finals_mavericks_vs_celtics,BOS,Jaylen Brown,5,21.0,20.75,4,0.25
2024,2024_nba_finals_mavericks_vs_celtics,BOS,Jrue Holiday,5,15.0,14.25,4,0.75
2024,2024_nba_finals_mavericks_vs_celtics,DAL,Kyrie Irving,5,15.0,21.0,4,-6.0
2024,2024_nba_finals_mavericks_vs_celtics,BOS,Derrick White,5,14.0,13.75,4,0.25
2024,2024_nba_finals_mavericks_vs_celtics,DAL,Josh Green,5,14.0,3.25,4,10.75
2024,2024_nba_finals_mavericks_vs_celtics,DAL,Derrick Jones Jr.,5,10.0,5.75,4,4.25
2024,2024_nba_finals_mavericks_vs_celtics,BOS,Al Horford,5,9.0,6.5,4,2.5
2024,2024_nba_finals_mavericks_vs_celtics,BOS,Sam Hauser,5,8.0,8.25,4,-0.25
2024,2024_nba_finals_mavericks_vs_celtics,DAL,Daniel Gafford,5,6.0,8.5,4,-2.5
2024,2024_nba_finals_mavericks_vs_celtics,BOS,Kristaps Porziņģis,5,5.0,16.0,2,-11.0
2024,2024_nba_finals_mavericks_vs_celtics,DAL,Danté Exum,5,4.0,3.75,4,0.25
2024,2024_nba_finals_mavericks_vs_celtics,DAL,P.J. Washington,5,4.0,12.5,4,-8.5
2024,2024_nba_finals_mavericks_vs_celtics,DAL,Jaden Hardy,5,3.0,4.5,4,-1.5
2024,2024_nba_finals_mavericks_vs_celtics,BOS,Payton Pritchard,5,3.0,3.5,4,-0.5
2024,2024_nba_finals_mavericks_vs_celtics,DAL,Dereck Lively II,5,2.0,6.5,4,-4.5
2024,2024_nba_finals_mavericks_vs_celtics,DAL,Maxi Kleber,5,2.0,1.75,4,0.25
2024,2024_nba_finals_mavericks_vs_celtics,DAL,A.J. Lawson,5,0.0,2.0,1,-2.0
2024,2024_nba_finals_mavericks_vs_celtics,DAL,Dwight Powell,5,0.0,0.0,2,0.0
2024,2024_nba_finals_mavericks_vs_celtics,BOS,Jaden Springer,4,0.0,0.0,1,0.0
2024,2024_nba_finals_mavericks_vs_celtics,BOS,Jordan Walsh,4,0.0,0.0,1,0.0
2024,2024_nba_finals_mavericks_vs_celtics,BOS,Luke Kornet,5,0.0,1.0,2,-1.0
2024,2024_nba_finals_mavericks_vs_celtics,DAL,Markieff Morris,4,0.0,3.0,1,0.0
2024,2024_nba_finals_mavericks_vs_celtics,BOS,Neemias Queta,4,0.0,2.0,1,0.0
2024,2024_nba_finals_mavericks_vs_celtics,DAL,Olivier-Maxence Prosper,5,0.0,0.0,1,0.0
2024,2024_nba_finals_mavericks_vs_celtics,BOS,Oshae Brissett,5,0.0,3.5,2,-3.5
2024,2024_nba_finals_mavericks_vs_celtics,BOS,Svi Mykhailiuk,5,0.0,2.5,2,-2.5
2024,2024_nba_finals_mavericks_vs_celtics,DAL,Tim Hardaway Jr.,5,0.0,5.0,3,-5.0
2024,2024_nba_finals_mavericks_vs_celtics,BOS,Xavier Tillman Sr.,4,0.0,3.0,2,0.0
2023,2023_nba_finals_heat_vs_nuggets,DEN,Nikola Jokić,5,28.0,30.75,4,-2.75
2023,2023_nba_finals_heat_vs_nuggets,MIA,Jimmy Butler,5,21.0,21.75,4,-0.75
2023,2023_nba_finals_heat_vs_nuggets,MIA,Bam Adebayo,5,20.0,22.25,4,-2.25
2023,2023_nba_finals_heat_vs_nuggets,DEN,Michael Porter Jr.,5,16.0,8.0,4,8.0
2023,2023_nba_finals_heat_vs_nuggets,DEN,Jamal Murray,5,14.0,23.25,4,-9.25
2023,2023_nba_finals_heat_vs_nuggets,MIA,Kyle Lowry,5,12.0,10.5,4,1.5
2023,2023_nba_finals_heat_vs_nuggets,MIA,Max Strus,5,12.0,4.25,4,7.75
2023,2023_nba_finals_heat_vs_nuggets,DEN,Kentavious Caldwell-Pope,5,11.0,6.5,4,4.5
2023,2023_nba_finals_heat_vs_nuggets,DEN,Bruce Brown,5,10.0,11.75,4,-1.75
2023,2023_nba_finals_heat_vs_nuggets,MIA,Caleb Martin,5,10.0,6.75,4,3.25
2023,2023_nba_finals_heat_vs_nuggets,DEN,Christian Braun,5,7.0,5.5,4,1.5
2023,2023_nba_finals_heat_vs_nuggets,MIA,Gabe Vincent,5,6.0,12.75,4,-6.75
2023,2023_nba_finals_heat_vs_nuggets,MIA,Duncan Robinson,5,5.0,8.5,4,-3.5
2023,2023_nba_finals_heat_vs_nuggets,DEN,Aaron Gordon,5,4.0,16.5,4,-12.5
2023,2023_nba_finals_heat_vs_nuggets,DEN,Jeff Green,5,4.0,5.0,4,-1.0
2023,2023_nba_finals_heat_vs_nuggets,MIA,Kevin Love,5,3.0,8.0,3,-5.0
2023,2023_nba_finals_heat_vs_nuggets,MIA,Cody Zeller,5,0.0,1.0,4,-1.0
2023,2023_nba_finals_heat_vs_nuggets,DEN,DeAndre Jordan,5,0.0,0.0,0,0.0
2023,2023_nba_finals_heat_vs_nuggets,MIA,Haywood Highsmith,5,0.0,4.5,4,-4.5
2023,2023_nba_finals_heat_vs_nuggets,MIA,Nikola Jović,3,0.0,0.0,2,0.0
2023,2023_nba_finals_heat_vs_nuggets,MIA,Omer Yurtseven,3,0.0,0.0,2,0.0
2023,2023_nba_finals_heat_vs_nuggets,DEN,Peyton Watson,3,0.0,0.0,1,0.0
2023,2023_nba_finals_heat_vs_nuggets,DEN,Reggie Jackson,3,0.0,0.0,1,0.0
2023,2023_nba_finals_heat_vs_nuggets,DEN,Thomas Bryant,3,0.0,0.0,1,0.0
2023,2023_nba_finals_heat_vs_nuggets,MIA,Udonis Haslem,3,0.0,0.0,1,0.0
2023,2023_nba_finals_heat_vs_nuggets,DEN,Vlatko Čančar,3,0.0,0.0,1,0.0
2023,2023_nba_finals_heat_vs_nuggets,DEN,Zeke Nnaji,3,0.0,0.0,1,0.0
2022,2022_nba_finals_celtics_vs_warriors,BOS,Jaylen Brown,6,34.0,21.4,5,12.6
2022,2022_nba_finals_celtics_vs_warriors,GSW,Stephen Curry,6,34.0,30.6,5,3.4
2022,2022_nba_finals_celtics_vs_warriors,BOS,Al Horford,6,19.0,11.2,5,7.8
2022,2022_nba_finals_celtics_vs_warriors,GSW,Andrew Wiggins,6,18.0,18.4,5,-0.4
2022,2022_nba_finals_celtics_vs_warriors,GSW,Jordan Poole,6,15.0,12.8,5,2.2
2022,2022_nba_finals_celtics_vs_warriors,BOS,Jayson Tatum,6,13.0,23.2,5,-10.2
2022,2022_nba_finals_celtics_vs_warriors,GSW,Draymond Green,6,12.0,5.0,5,7.0
2022,2022_nba_finals_celtics_vs_warriors,GSW,Klay Thompson,6,12.0,18.0,5,-6.0
2022,2022_nba_finals_celtics_vs_warriors,BOS,Robert Williams,6,10.0,7.0,5,3.0
2022,2022_nba_finals_celtics_vs_warriors,BOS,Marcus Smart,6,9.0,16.4,5,-7.4
2022,2022_nba_finals_celtics_vs_warriors,GSW,Gary Payton II,6,6.0,7.25,4,-1.25
2022,2022_nba_finals_celtics_vs_warriors,GSW,Otto Porter Jr.,6,6.0,5.0,5,1.0
2022,2022_nba_finals_celtics_vs_warriors,BOS,Grant Williams,6,3.0,4.4,5,-1.4
2022,2022_nba_finals_celtics_vs_warriors,BOS,Derrick White,6,2.0,11.4,5,-9.4
2022,2022_nba_finals_celtics_vs_warriors,BOS,Aaron Nesmith,6,0.0,1.75,4,-1.75
2022,2022_nba_finals_celtics_vs_warriors,GSW,Andre Iguodala,6,0.0,2.333,3,-2.333
2022,2022_nba_finals_celtics_vs_warriors,GSW,Damion Lee,5,0.0,0.0,4,0.0
2022,2022_nba_finals_celtics_vs_warriors,BOS,Daniel Theis,2,0.0,1.5,2,0.0
2022,2022_nba_finals_celtics_vs_warriors,GSW,Jonathan Kuminga,5,0.0,0.0,4,0.0
2022,2022_nba_finals_celtics_vs_warriors,GSW,Juan Toscano-Anderson,5,0.0,0.0,4,0.0
2022,2022_nba_finals_celtics_vs_warriors,BOS,Juwan Morgan,6,0.0,0.0,3,0.0
2022,2022_nba_finals_celtics_vs_warriors,GSW,Kevon Looney,6,0.0,6.0,5,-6.0
2022,2022_nba_finals_celtics_vs_warriors,BOS,Luke Kornet,6,0.0,2.5,2,-2.5
2022,2022_nba_finals_celtics_vs_warriors,BOS,Malik Fitts,3,0.0,1.0,3,0.0
2022,2022_nba_finals_celtics_vs_warriors,GSW,Moses Moody,5,0.0,0.5,4,0.0
2022,2022_nba_finals_celtics_vs_warriors,GSW,Nemanja Bjelica,5,0.0,1.8,5,0.0
2022,2022_nba_finals_celtics_vs_warriors,BOS,Nik Stauskas,6,0.0,0.75,4,-0.75
2022,2022_nba_finals_celtics_vs_warriors,BOS,Payton Pritchard,6,0.0,3.2,5,-3.2
2022,2022_nba_finals_celtics_vs_warriors,BOS,Sam Hauser,6,0.0,0.75,4,-0.75
2021,2021_nba_finals_bucks_vs_suns,MIL,Giannis Antetokounmpo,6,50.0,32.2,5,17.8
2021,2021_nba_finals_bucks_vs_suns,PHO,Chris Paul,6,26.0,21.0,5,5.0
2021,2021_nba_finals_bucks_vs_suns,PHO,Devin Booker,6,19.0,30.0,5,-11.0
2021,2021_nba_finals_bucks_vs_suns,MIL,Khris Middleton,6,17.0,25.4,5,-8.4
2021,2021_nba_finals_bucks_vs_suns,MIL,Bobby Portis,6,16.0,6.0,5,10.0
2021,2021_nba_finals_bucks_vs_suns,PHO,Jae Crowder,6,15.0,11.0,5,4.0
2021,2021_nba_finals_bucks_vs_suns,PHO,Deandre Ayton,6,12.0,15.2,5,-3.2
2021,2021_nba_finals_bucks_vs_suns,MIL,Jrue Holiday,6,12.0,17.6,5,-5.6
2021,2021_nba_finals_bucks_vs_suns,MIL,Brook Lopez,6,10.0,11.8,5,-1.8
2021,2021_nba_finals_bucks_vs_suns,PHO,Cameron Payne,6,10.0,6.8,5,3.2
2021,2021_nba_finals_bucks_vs_suns,PHO,Mikal Bridges,6,7.0,13.0,5,-6.0
2021,2021_nba_finals_bucks_vs_suns,PHO,Frank Kaminsky,6,6.0,2.0,3,4.0
2021,2021_nba_finals_bucks_vs_suns,PHO,Cameron Johnson,6,3.0,9.6,5,-6.6
2021,2021_nba_finals_bucks_vs_suns,PHO,Abdel Nader,3,0.0,0.0,2,0.0
2021,2021_nba_finals_bucks_vs_suns,MIL,Bryn Forbes,3,0.0,3.0,3,0.0
2021,2021_nba_finals_bucks_vs_suns,PHO,Dario Šarić,1,0.0,0.0,1,0.0
2021,2021_nba_finals_bucks_vs_suns,MIL,Elijah Bryant,2,0.0,0.0,1,0.0
2021,2021_nba_finals_bucks_vs_suns,MIL,Jeff Teague,6,0.0,1.8,5,-1.8
2021,2021_nba_finals_bucks_vs_suns,MIL,Jordan Nwora,3,0.0,3.0,1,0.0
2021,2021_nba_finals_bucks_vs_suns,MIL,P.J. Tucker,6,0.0,4.8,5,-4.8
2021,2021_nba_finals_bucks_vs_suns,MIL,Pat Connaughton,6,0.0,11.0,5,-11.0
2021,2021_nba_finals_bucks_vs_suns,MIL,Sam Merrill,3,0.0,0.0,1,0.0
2021,2021_nba_finals_bucks_vs_suns,MIL,Thanasis Antetokounmpo,3,0.0,0.0,1,0.0
2021,2021_nba_finals_bucks_vs_suns,PHO,Torrey Craig,6,0.0,3.4,5,-3.4
2021,2021_nba_finals_bucks_vs_suns,PHO,Ty-Shon Alexander,3,0.0,2.0,1,0.0
2020,2020_nba_finals_heat_vs_lakers,LAL,LeBron James,6,28.0,30.2,5,-2.2
2020,2020_nba_finals_heat_vs_lakers,MIA,Bam Adebayo,6,25.0,12.0,3,13.0
2020,2020_nba_finals_heat_vs_lakers,LAL,Anthony Davis,6,19.0,26.2,5,-7.2
2020,2020_nba_finals_heat_vs_lakers,LAL,Rajon Rondo,6,19.0,6.6,5,12.4
2020,2020_nba_finals_heat_vs_lakers,LAL,Kentavious Caldwell-Pope,6,17.0,12.0,5,5.0
2020,2020_nba_finals_heat_vs_lakers,MIA,Jae Crowder,6,12.0,11.0,5,1.0
2020,2020_nba_finals_heat_vs_lakers,MIA,Jimmy Butler,6,12.0,29.0,5,-17.0
2020,2020_nba_finals_heat_vs_lakers,LAL,Danny Green,6,11.0,6.8,5,4.2
2020,2020_nba_finals_heat_vs_lakers,MIA,Duncan Robinson,6,10.0,13.0,5,-3.0
2020,2020_nba_finals_heat_vs_lakers,MIA,Kelly Olynyk,6,9.0,12.25,4,-3.25
2020,2020_nba_finals_heat_vs_lakers,MIA,Kendrick Nunn,6,8.0,11.0,5,-3.0
2020,2020_nba_finals_heat_vs_lakers,MIA,Tyler Herro,6,7.0,16.2,5,-9.2
2020,2020_nba_finals_heat_vs_lakers,MIA,Goran Dragić,6,5.0,6.0,1,-1.0
2020,2020_nba_finals_heat_vs_lakers,MIA,Solomon Hill,6,5.0,2.333,3,2.667
2020,2020_nba_finals_heat_vs_lakers,LAL,Alex Caruso,6,4.0,6.8,5,-2.8
2020,2020_nba_finals_heat_vs_lakers,LAL,Dwight Howard,6,3.0,2.8,5,0.2
2020,2020_nba_finals_heat_vs_lakers,LAL,Markieff Morris,6,3.0,8.4,5,-5.4
2020,2020_nba_finals_heat_vs_lakers,LAL,Kyle Kuzma,6,2.0,9.8,5,-7.8
2020,2020_nba_finals_heat_vs_lakers,MIA,Andre Iguodala,6,0.0,3.8,5,-3.8
2020,2020_nba_finals_heat_vs_lakers,MIA,Derrick Jones Jr.,6,0.0,0.667,3,-0.667
2020,2020_nba_finals_heat_vs_lakers,LAL,J.R. Smith,3,0.0,1.0,3,0.0
2020,2020_nba_finals_heat_vs_lakers,LAL,Jared Dudley,6,0.0,0.0,2,0.0
2020,2020_nba_finals_heat_vs_lakers,MIA,Meyers Leonard,3,0.0,7.0,2,0.0
2020,2020_nba_finals_heat_vs_lakers,LAL,Quinn Cook,6,0.0,3.0,1,-3.0
2019,2019_nba_finals_warriors_vs_raptors,GSW,Klay Thompson,6,30.0,25.0,4,5.0
2019,2019_nba_finals_warriors_vs_raptors,TOR,Kyle Lowry,6,26.0,14.2,5,11.8
2019,2019_nba_finals_warriors_vs_raptors,TOR,Pascal Siakam,6,26.0,18.6,5,7.4
2019,2019_nba_finals_warriors_vs_raptors,GSW,Andre Iguodala,6,22.0,6.6,5,15.4
2019,2019_nba_finals_warriors_vs_raptors,TOR,Fred VanVleet,6,22.0,12.4,5,9.6
2019,2019_nba_finals_warriors_vs_raptors,TOR,Kawhi Leonard,6,22.0,29.8,5,-7.8
2019,2019_nba_finals_warriors_vs_raptors,GSW,Stephen Curry,6,21.0,32.4,5,-11.4
2019,2019_nba_finals_warriors_vs_raptors,TOR,Serge Ibaka,6,15.0,10.6,5,4.4
2019,2019_nba_finals_warriors_vs_raptors,GSW,DeMarcus Cousins,6,12.0,7.6,5,4.4
2019,2019_nba_finals_warriors_vs_raptors,GSW,Draymond Green,6,11.0,12.8,5,-1.8
2019,2019_nba_finals_warriors_vs_raptors,GSW,Kevon Looney,6,6.0,5.75,4,0.25
2019,2019_nba_finals_warriors_vs_raptors,GSW,Shaun Livingston,6,6.0,4.4,5,1.6
2019,2019_nba_finals_warriors_vs_raptors,TOR,Marc Gasol,6,3.0,13.8,5,-10.8
2019,2019_nba_finals_warriors_vs_raptors,GSW,Quinn Cook,6,2.0,5.4,5,-3.4
2019,2019_nba_finals_warriors_vs_raptors,GSW,Alfonzo McKinnie,6,0.0,2.6,5,-2.6
2019,2019_nba_finals_warriors_vs_raptors,GSW,Andrew Bogut,6,0.0,3.0,4,-3.0
2019,2019_nba_finals_warriors_vs_raptors,GSW,Damian Jones,3,0.0,0.0,1,0.0
2019,2019_nba_finals_warriors_vs_raptors,TOR,Danny Green,6,0.0,8.8,5,-8.8
2019,2019_nba_finals_warriors_vs_raptors,GSW,Jacob Evans,3,0.0,0.0,3,0.0
2019,2019_nba_finals_warriors_vs_raptors,TOR,Jeremy Lin,3,0.0,0.0,1,0.0
2019,2019_nba_finals_warriors_vs_raptors,TOR,Jodie Meeks,3,0.0,0.0,1,0.0
2019,2019_nba_finals_warriors_vs_raptors,GSW,Jonas Jerebko,6,0.0,4.667,3,-4.667
2019,2019_nba_finals_warriors_vs_raptors,GSW,Jordan Bell,5,0.0,1.5,4,0.0
2019,2019_nba_finals_warriors_vs_raptors,GSW,Kevin Durant,5,0.0,11.0,1,0.0
2019,2019_nba_finals_warriors_vs_raptors,TOR,Malcolm Miller,3,0.0,0.0,1,0.0
2019,2019_nba_finals_warriors_vs_raptors,TOR,Norman Powell,6,0.0,2.2,5,-2.2
2019,2019_nba_finals_warriors_vs_raptors,TOR,Patrick McCaw,5,0.0,0.75,4,0.0
2018,2018_nba_finals_cavaliers_vs_warriors,GSW,Stephen Curry,4,37.0,24.333,3,12.667
2018,2018_nba_finals_cavaliers_vs_warriors,CLE,LeBron James,4,23.0,37.667,3,-14.667
2018,2018_nba_finals_cavaliers_vs_warriors,GSW,Kevin Durant,4,20.0,31.667,3,-11.667
2018,2018_nba_finals_cavaliers_vs_warriors,CLE,Kevin Love,4,13.0,21.0,3,-8.0
2018,2018_nba_finals_cavaliers_vs_warriors,GSW,Andre Iguodala,4,11.0,8.0,1,3.0
2018,2018_nba_finals_cavaliers_vs_warriors,CLE,J.R. Smith,4,10.0,9.333,3,0.667
2018,2018_nba_finals_cavaliers_vs_warriors,GSW,Klay Thompson,4,10.0,18.0,3,-8.0
2018,2018_nba_finals_cavaliers_vs_warriors,CLE,Rodney Hood,4,10.0,5.667,3,4.333
2018,2018_nba_finals_cavaliers_vs_warriors,GSW,Draymond Green,4,9.0,9.333,3,-0.333
2018,2018_nba_finals_cavaliers_vs_warriors,CLE,Larry Nance Jr.,4,7.0,5.333,3,1.667
2018,2018_nba_finals_cavaliers_vs_warriors,GSW,JaVale McGee,4,6.0,8.667,3,-2.667
2018,2018_nba_finals_cavaliers_vs_warriors,CLE,Tristan Thompson,4,6.0,7.0,3,-1.0
2018,2018_nba_finals_cavaliers_vs_warriors,CLE,Jeff Green,4,5.0,5.333,3,-0.333
2018,2018_nba_finals_cavaliers_vs_warriors,CLE,Ante Žižić,4,4.0,1.0,2,3.0
2018,2018_nba_finals_cavaliers_vs_warriors,GSW,Jordan Bell,4,4.0,6.333,3,-2.333
2018,2018_nba_finals_cavaliers_vs_warriors,CLE,George Hill,4,3.0,9.0,3,-6.0
2018,2018_nba_finals_cavaliers_vs_warriors,GSW,Nick Young,4,3.0,0.667,3,2.333
2018,2018_nba_finals_cavaliers_vs_warriors,CLE,Cedi Osman,4,2.0,1.0,2,1.0
2018,2018_nba_finals_cavaliers_vs_warriors,GSW,David West,4,2.0,1.667,3,0.333
2018,2018_nba_finals_cavaliers_vs_warriors,GSW,Kevon Looney,4,2.0,2.667,3,-0.667
2018,2018_nba_finals_cavaliers_vs_warriors,CLE,Kyle Korver,4,2.0,1.333,3,0.667
2018,2018_nba_finals_cavaliers_vs_warriors,GSW,Shaun Livingston,4,2.0,9.333,3,-7.333
2018,2018_nba_finals_cavaliers_vs_warriors,GSW,Zaza Pachulia,4,2.0,6.0,1,-4.0
2018,2018_nba_finals_cavaliers_vs_warriors,CLE,Jordan Clarkson,2,0.0,3.0,2,0.0
2018,2018_nba_finals_cavaliers_vs_warriors,CLE,José Calderón,4,0.0,2.0,2,-2.0
2018,2018_nba_finals_cavaliers_vs_warriors,GSW,Patrick McCaw,4,0.0,0.667,3,-0.667
2018,2018_nba_finals_cavaliers_vs_warriors,GSW,Quinn Cook,2,0.0,1.0,2,0.0
2017,2017_nba_finals_cavaliers_vs_warriors,CLE,LeBron James,5,41.0,31.75,4,9.25
2017,2017_nba_finals_cavaliers_vs_warriors,GSW,Kevin Durant,5,39.0,34.25,4,4.75
2017,2017_nba_finals_cavaliers_vs_warriors,GSW,Stephen Curry,5,34.0,25.0,4,9.0
2017,2017_nba_finals_cavaliers_vs_warriors,CLE,Kyrie Irving,5,26.0,30.25,4,-4.25
2017,2017_nba_finals_cavaliers_vs_warriors,CLE,J.R. Smith,5,25.0,8.5,4,16.5
2017,2017_nba_finals_cavaliers_vs_warriors,GSW,Andre Iguodala,5,20.0,5.75,4,14.25
2017,2017_nba_finals_cavaliers_vs_warriors,CLE,Tristan Thompson,5,15.0,3.25,4,11.75
2017,2017_nba_finals_cavaliers_vs_warriors,GSW,Klay Thompson,5,11.0,17.75,4,-6.75
2017,2017_nba_finals_cavaliers_vs_warriors,GSW,Draymond Green,5,10.0,11.25,4,-1.25
2017,2017_nba_finals_cavaliers_vs_warriors,CLE,Kevin Love,5,6.0,18.5,4,-12.5
2017,2017_nba_finals_cavaliers_vs_warriors,GSW,Patrick McCaw,5,6.0,1.25,4,4.75
2017,2017_nba_finals_cavaliers_vs_warriors,GSW,Shaun Livingston,5,5.0,7.0,4,-2.0
2017,2017_nba_finals_cavaliers_vs_warriors,GSW,David West,5,4.0,4.25,4,-0.25
2017,2017_nba_finals_cavaliers_vs_warriors,CLE,Richard Jefferson,5,4.0,6.25,4,-2.25
2017,2017_nba_finals_cavaliers_vs_warriors,CLE,Kyle Korver,5,3.0,4.75,4,-1.75
2017,2017_nba_finals_cavaliers_vs_warriors,CLE,Channing Frye,2,0.0,2.0,1,0.0
2017,2017_nba_finals_cavaliers_vs_warriors,CLE,Dahntay Jones,4,0.0,3.0,3,0.0
2017,2017_nba_finals_cavaliers_vs_warriors,CLE,Deron Williams,5,0.0,1.25,4,-1.25
2017,2017_nba_finals_cavaliers_vs_warriors,CLE,Derrick Williams,4,0.0,2.333,3,0.0
2017,2017_nba_finals_cavaliers_vs_warriors,GSW,Ian Clark,4,0.0,4.75,4,0.0
2017,2017_nba_finals_cavaliers_vs_warriors,CLE,Iman Shumpert,5,0.0,4.5,4,-4.5
2017,2017_nba_finals_cavaliers_vs_warriors,GSW,JaVale McGee,4,0.0,2.75,4,0.0
2017,2017_nba_finals_cavaliers_vs_warriors,CLE,James Jones,4,0.0,0.0,3,0.0
2017,2017_nba_finals_cavaliers_vs_warriors,GSW,James Michael McAdoo,4,0.0,1.0,4,0.0
2017,2017_nba_finals_cavaliers_vs_warriors,GSW,Matt Barnes,5,0.0,0.75,4,-0.75
2017,2017_nba_finals_cavaliers_vs_warriors,GSW,Zaza Pachulia,5,0.0,4.0,4,-4.0
2016,2016_nba_finals_cavaliers_vs_warriors,GSW,Draymond Green,7,32.0,13.4,5,18.6
2016,2016_nba_finals_cavaliers_vs_warriors,CLE,LeBron James,7,27.0,30.167,6,-3.167
2016,2016_nba_finals_cavaliers_vs_warriors,CLE,Kyrie Irving,7,26.0,27.333,6,-1.333
2016,2016_nba_finals_cavaliers_vs_warriors,GSW,Stephen Curry,7,17.0,23.5,6,-6.5
2016,2016_nba_finals_cavaliers_vs_warriors,GSW,Klay Thompson,7,14.0,20.5,6,-6.5
2016,2016_nba_finals_cavaliers_vs_warriors,CLE,J.R. Smith,7,12.0,10.333,6,1.667
2016,2016_nba_finals_cavaliers_vs_warriors,GSW,Harrison Barnes,7,10.0,9.167,6,0.833
2016,2016_nba_finals_cavaliers_vs_warriors,CLE,Kevin Love,7,9.0,8.4,5,0.6
2016,2016_nba_finals_cavaliers_vs_warriors,CLE,Tristan Thompson,7,9.0,10.5,6,-1.5
2016,2016_nba_finals_cavaliers_vs_warriors,GSW,Shaun Livingston,7,8.0,8.333,6,-0.333
2016,2016_nba_finals_cavaliers_vs_warriors,CLE,Iman Shumpert,7,6.0,2.5,6,3.5
2016,2016_nba_finals_cavaliers_vs_warriors,GSW,Andre Iguodala,7,4.0,10.0,6,-6.0
2016,2016_nba_finals_cavaliers_vs_warriors,GSW,Leandro Barbosa,7,3.0,9.2,5,-6.2
2016,2016_nba_finals_cavaliers_vs_warriors,CLE,Mo Williams,7,2.0,1.4,5,0.6
2016,2016_nba_finals_cavaliers_vs_warriors,CLE,Richard Jefferson,7,2.0,6.333,6,-4.333
2016,2016_nba_finals_cavaliers_vs_warriors,GSW,Anderson Varejão,7,1.0,1.2,5,-0.2
2016,2016_nba_finals_cavaliers_vs_warriors,GSW,Andrew Bogut,5,0.0,3.2,5,0.0
2016,2016_nba_finals_cavaliers_vs_warriors,GSW,Brandon Rush,6,0.0,0.2,5,0.0
2016,2016_nba_finals_cavaliers_vs_warriors,CLE,Channing Frye,4,0.0,0.5,4,0.0
2016,2016_nba_finals_cavaliers_vs_warriors,CLE,Dahntay Jones,6,0.0,1.333,6,0.0
2016,2016_nba_finals_cavaliers_vs_warriors,GSW,Festus Ezeli,7,0.0,2.333,6,-2.333
2016,2016_nba_finals_cavaliers_vs_warriors,GSW,Ian Clark,6,0.0,3.25,4,0.0
2016,2016_nba_finals_cavaliers_vs_warriors,CLE,James Jones,6,0.0,0.2,5,0.0
2016,2016_nba_finals_cavaliers_vs_warriors,GSW,James Michael McAdoo,6,0.0,1.333,3,0.0
2016,2016_nba_finals_cavaliers_vs_warriors,CLE,Jordan McRae,3,0.0,4.0,1,0.0
2016,2016_nba_finals_cavaliers_vs_warriors,GSW,Marreese Speights,7,0.0,2.333,6,-2.333
2016,2016_nba_finals_cavaliers_vs_warriors,CLE,Matthew Dellavedova,6,0.0,2.667,6,0.0
2016,2016_nba_finals_cavaliers_vs_warriors,CLE,Timofey Mozgov,6,0.0,1.4,5,0.0
2015,2015_nba_finals_cavaliers_vs_warriors,CLE,LeBron James,6,32.0,36.6,5,-4.6
2015,2015_nba_finals_cavaliers_vs_warriors,GSW,Andre Iguodala,6,25.0,14.6,5,10.4
2015,2015_nba_finals_cavaliers_vs_warriors,GSW,Stephen Curry,6,25.0,26.2,5,-1.2
2015,2015_nba_finals_cavaliers_vs_warriors,CLE,J.R. Smith,6,19.0,10.0,5,9.0
2015,2015_nba_finals_cavaliers_vs_warriors,CLE,Timofey Mozgov,6,17.0,13.4,5,3.6
2015,2015_nba_finals_cavaliers_vs_warriors,GSW,Draymond Green,6,16.0,12.4,5,3.6
2015,2015_nba_finals_cavaliers_vs_warriors,CLE,Tristan Thompson,6,15.0,9.0,5,6.0
2015,2015_nba_finals_cavaliers_vs_warriors,GSW,Festus Ezeli,6,10.0,3.0,4,7.0
2015,2015_nba_finals_cavaliers_vs_warriors,GSW,Shaun Livingston,6,10.0,4.0,5,6.0
2015,2015_nba_finals_cavaliers_vs_warriors,GSW,Harrison Barnes,6,9.0,8.8,5,0.2
2015,2015_nba_finals_cavaliers_vs_warriors,CLE,Iman Shumpert,6,8.0,6.2,5,1.8
2015,2015_nba_finals_cavaliers_vs_warriors,CLE,James Jones,6,5.0,3.0,5,2.0
2015,2015_nba_finals_cavaliers_vs_warriors,GSW,Klay Thompson,6,5.0,18.0,5,-13.0
2015,2015_nba_finals_cavaliers_vs_warriors,GSW,Leandro Barbosa,6,5.0,5.2,5,-0.2
2015,2015_nba_finals_cavaliers_vs_warriors,CLE,Matthew Dellavedova,6,1.0,8.8,5,-7.8
2015,2015_nba_finals_cavaliers_vs_warriors,GSW,Andrew Bogut,4,0.0,2.5,4,0.0
2015,2015_nba_finals_cavaliers_vs_warriors,GSW,David Lee,6,0.0,7.333,3,-7.333
2015,2015_nba_finals_cavaliers_vs_warriors,GSW,James Michael McAdoo,4,0.0,0.0,1,0.0
2015,2015_nba_finals_cavaliers_vs_warriors,CLE,Joe Harris,6,0.0,1.0,1,-1.0
2015,2015_nba_finals_cavaliers_vs_warriors,GSW,Justin Holiday,4,0.0,0.0,1,0.0
2015,2015_nba_finals_cavaliers_vs_warriors,CLE,Kendrick Perkins,4,0.0,2.0,1,0.0
2015,2015_nba_finals_cavaliers_vs_warriors,CLE,Kyrie Irving,1,0.0,23.0,1,0.0
2015,2015_nba_finals_cavaliers_vs_warriors,GSW,Marreese Speights,4,0.0,3.0,3,0.0
2015,2015_nba_finals_cavaliers_vs_warriors,CLE,Mike Miller,6,0.0,0.75,4,-0.75
2014,2014_nba_finals_heat_vs_spurs,MIA,LeBron James,5,31.0,27.5,4,3.5
2014,2014_nba_finals_heat_vs_spurs,SAS,Kawhi Leonard,5,22.0,16.75,4,5.25
2014,2014_nba_finals_heat_vs_spurs,SAS,Manu Ginóbili,5,19.0,13.25,4,5.75
2014,2014_nba_finals_heat_vs_spurs,SAS,Patty Mills,5,17.0,8.5,4,8.5
2014,2014_nba_finals_heat_vs_spurs,SAS,Tony Parker,5,16.0,18.5,4,-2.5
2014,2014_nba_finals_heat_vs_spurs,SAS,Tim Duncan,5,14.0,15.75,4,-1.75
2014,2014_nba_finals_heat_vs_spurs,MIA,Chris Bosh,5,13.0,14.25,4,-1.25
2014,2014_nba_finals_heat_vs_spurs,MIA,Dwyane Wade,5,11.0,16.25,4,-5.25
2014,2014_nba_finals_heat_vs_spurs,MIA,Michael Beasley,5,9.0,0.0,0,0.0
2014,2014_nba_finals_heat_vs_spurs,MIA,Mario Chalmers,5,8.0,3.5,4,4.5
2014,2014_nba_finals_heat_vs_spurs,SAS,Boris Diaw,5,5.0,6.5,4,-1.5
2014,2014_nba_finals_heat_vs_spurs,MIA,Ray Allen,5,5.0,11.0,4,-6.0
2014,2014_nba_finals_heat_vs_spurs,SAS,Marco Belinelli,5,4.0,4.75,4,-0.75
2014,2014_nba_finals_heat_vs_spurs,MIA,Rashard Lewis,5,3.0,10.0,4,-7.0
2014,2014_nba_finals_heat_vs_spurs,SAS,Tiago Splitter,5,3.0,7.0,4,-4.0
2014,2014_nba_finals_heat_vs_spurs,MIA,Toney Douglas,5,3.0,0.5,2,2.5
2014,2014_nba_finals_heat_vs_spurs,SAS,Aron Baynes,5,2.0,2.0,2,0.0
2014,2014_nba_finals_heat_vs_spurs,SAS,Jeff Ayres,5,2.0,1.5,2,0.5
2014,2014_nba_finals_heat_vs_spurs,MIA,Norris Cole,5,2.0,3.5,4,-1.5
2014,2014_nba_finals_heat_vs_spurs,MIA,Udonis Haslem,5,2.0,0.667,3,1.333
2014,2014_nba_finals_heat_vs_spurs,MIA,Chris Andersen,5,0.0,3.25,4,-3.25
2014,2014_nba_finals_heat_vs_spurs,SAS,Cory Joseph,5,0.0,1.0,2,-1.0
2014,2014_nba_finals_heat_vs_spurs,SAS,Danny Green,5,0.0,11.5,4,-11.5
2014,2014_nba_finals_heat_vs_spurs,MIA,Greg Oden,4,0.0,0.0,2,0.0
2014,2014_nba_finals_heat_vs_spurs,MIA,James Jones,5,0.0,3.667,3,-3.667
2014,2014_nba_finals_heat_vs_spurs,SAS,Matt Bonner,5,0.0,1.667,3,-1.667
2014,2014_nba_finals_heat_vs_spurs,MIA,Shane Battier,5,0.0,0.0,3,0.0
2013,2013_nba_finals_spurs_vs_heat,MIA,LeBron James,7,37.0,23.333,6,13.667
2013,2013_nba_finals_spurs_vs_heat,SAS,Tim Duncan,7,24.0,18.0,6,6.0
2013,2013_nba_finals_spurs_vs_heat,MIA,Dwyane Wade,7,23.0,19.0,6,4.0
2013,2013_nba_finals_spurs_vs_heat,SAS,Kawhi Leonard,7,19.0,13.833,6,5.167
2013,2013_nba_finals_spurs_vs_heat,SAS,Manu Ginóbili,7,18.0,10.5,6,7.5
2013,2013_nba_finals_spurs_vs_heat,MIA,Shane Battier,7,18.0,3.5,6,14.5
2013,2013_nba_finals_spurs_vs_heat,MIA,Mario Chalmers,7,14.0,10.0,6,4.0
2013,2013_nba_finals_spurs_vs_heat,SAS,Tony Parker,7,10.0,16.667,6,-6.667
2013,2013_nba_finals_spurs_vs_heat,SAS,Boris Diaw,7,5.0,3.8,5,1.2
2013,2013_nba_finals_spurs_vs_heat,SAS,Danny Green,7,5.0,15.5,6,-10.5
2013,2013_nba_finals_spurs_vs_heat,SAS,Gary Neal,7,5.0,10.167,6,-5.167
2013,2013_nba_finals_spurs_vs_heat,MIA,Chris Andersen,7,3.0,4.75,4,-1.75
2013,2013_nba_finals_spurs_vs_heat,SAS,Tiago Splitter,7,2.0,5.333,6,-3.333
2013,2013_nba_finals_spurs_vs_heat,MIA,Chris Bosh,7,0.0,13.833,6,-13.833
2013,2013_nba_finals_spurs_vs_heat,SAS,Cory Joseph,7,0.0,2.2,5,-2.2
2013,2013_nba_finals_spurs_vs_heat,SAS,DeJuan Blair,4,0.0,3.667,3,0.0
2013,2013_nba_finals_spurs_vs_heat,MIA,James Jones,5,0.0,2.0,3,0.0
2013,2013_nba_finals_spurs_vs_heat,MIA,Joel Anthony,5,0.0,0.5,4,0.0
2013,2013_nba_finals_spurs_vs_heat,SAS,Matt Bonner,6,0.0,1.833,6,0.0
2013,2013_nba_finals_spurs_vs_heat,MIA,Mike Miller,7,0.0,6.167,6,-6.167
2013,2013_nba_finals_spurs_vs_heat,SAS,Nando De Colo,5,0.0,0.0,2,0.0
2013,2013_nba_finals_spurs_vs_heat,MIA,Norris Cole,5,0.0,3.0,5,0.0
2013,2013_nba_finals_spurs_vs_heat,SAS,Patty Mills,3,0.0,2.0,2,0.0
2013,2013_nba_finals_spurs_vs_heat,MIA,Rashard Lewis,5,0.0,1.333,3,0.0
2013,2013_nba_finals_spurs_vs_heat,MIA,Ray Allen,7,0.0,12.333,6,-12.333
2013,2013_nba_finals_spurs_vs_heat,SAS,Tracy McGrady,3,0.0,0.0,2,0.0
2013,2013_nba_finals_spurs_vs_heat,MIA,Udonis Haslem,7,0.0,1.8,5,-1.8
2012,2012_nba_finals_heat_vs_thunder,OKC,Kevin Durant,5,32.0,30.25,4,1.75
2012,2012_nba_finals_heat_vs_thunder,MIA,LeBron James,5,26.0,29.25,4,-3.25
2012,2012_nba_finals_heat_vs_thunder,MIA,Chris Bosh,5,24.0,12.25,4,11.75
2012,2012_nba_finals_heat_vs_thunder,MIA,Mike Miller,5,23.0,2.0,4,21.0
2012,2012_nba_finals_heat_vs_thunder,MIA,Dwyane Wade,5,20.0,23.25,4,-3.25
2012,2012_nba_finals_heat_vs_thunder,OKC,James Harden,5,19.0,10.75,4,8.25
2012,2012_nba_finals_heat_vs_thunder,OKC,Russell Westbrook,5,19.0,29.0,4,-10.0
2012,2012_nba_finals_heat_vs_thunder,OKC,Derek Fisher,5,11.0,4.25,4,6.75
2012,2012_nba_finals_heat_vs_thunder,MIA,Shane Battier,5,11.0,11.75,4,-0.75
2012,2012_nba_finals_heat_vs_thunder,MIA,Mario Chalmers,5,10.0,10.5,4,-0.5
2012,2012_nba_finals_heat_vs_thunder,OKC,Serge Ibaka,5,9.0,6.5,4,2.5
2012,2012_nba_finals_heat_vs_thunder,OKC,Royal Ivey,5,6.0,0.0,0,0.0
2012,2012_nba_finals_heat_vs_thunder,MIA,Norris Cole,5,3.0,3.333,3,-0.333
2012,2012_nba_finals_heat_vs_thunder,MIA,Terrel Harris,5,3.0,0.0,0,0.0
2012,2012_nba_finals_heat_vs_thunder,OKC,Cole Aldrich,5,2.0,0.0,0,0.0
2012,2012_nba_finals_heat_vs_thunder,OKC,Daequan Cook,5,2.0,0.0,2,2.0
2012,2012_nba_finals_heat_vs_thunder,OKC,Kendrick Perkins,5,2.0,5.5,4,-3.5
2012,2012_nba_finals_heat_vs_thunder,OKC,Lazar Hayward,5,2.0,0.0,0,0.0
2012,2012_nba_finals_heat_vs_thunder,OKC,Nick Collison,5,2.0,4.0,4,-2.0
2012,2012_nba_finals_heat_vs_thunder,MIA,Udonis Haslem,5,1.0,3.0,4,-2.0
2012,2012_nba_finals_heat_vs_thunder,MIA,James Jones,5,0.0,3.667,3,-3.667
2012,2012_nba_finals_heat_vs_thunder,MIA,Joel Anthony,1,0.0,0.0,1,0.0
2012,2012_nba_finals_heat_vs_thunder,MIA,Juwan Howard,5,0.0,0.0,0,0.0
2012,2012_nba_finals_heat_vs_thunder,MIA,Ronny Turiaf,5,0.0,0.0,0,0.0
2012,2012_nba_finals_heat_vs_thunder,OKC,Thabo Sefolosha,5,0.0,5.75,4,-5.75
2011,2011_nba_finals_mavericks_vs_heat,DAL,Jason Terry,6,27.0,16.2,5,10.8
2011,2011_nba_finals_mavericks_vs_heat,DAL,Dirk Nowitzki,6,21.0,27.0,5,-6.0
2011,2011_nba_finals_mavericks_vs_heat,MIA,LeBron James,6,21.0,17.2,5,3.8
2011,2011_nba_finals_mavericks_vs_heat,MIA,Chris Bosh,6,19.0,18.4,5,0.6
2011,2011_nba_finals_mavericks_vs_heat,MIA,Mario Chalmers,6,18.0,10.6,5,7.4
2011,2011_nba_finals_mavericks_vs_heat,MIA,Dwyane Wade,6,17.0,28.4,5,-11.4
2011,2011_nba_finals_mavericks_vs_heat,DAL,J.J. Barea,6,15.0,7.6,5,7.4
2011,2011_nba_finals_mavericks_vs_heat,DAL,Shawn Marion,6,12.0,14.0,5,-2.0
2011,2011_nba_finals_mavericks_vs_heat,MIA,Udonis Haslem,6,11.0,5.8,5,5.2
2011,2011_nba_finals_mavericks_vs_heat,DAL,DeShawn Stevenson,6,9.0,6.6,5,2.4
2011,2011_nba_finals_mavericks_vs_heat,MIA,Eddie House,6,9.0,0.0,1,9.0
2011,2011_nba_finals_mavericks_vs_heat,DAL,Jason Kidd,6,9.0,7.4,5,1.6
2011,2011_nba_finals_mavericks_vs_heat,DAL,Tyson Chandler,6,5.0,10.6,5,-5.6
2011,2011_nba_finals_mavericks_vs_heat,DAL,Ian Mahinmi,6,4.0,2.5,2,1.5
2011,2011_nba_finals_mavericks_vs_heat,DAL,Brian Cardinal,6,3.0,1.0,4,2.0
2011,2011_nba_finals_mavericks_vs_heat,DAL,Brendan Haywood,4,0.0,1.667,3,0.0
2011,2011_nba_finals_mavericks_vs_heat,MIA,Joel Anthony,6,0.0,1.6,5,-1.6
2011,2011_nba_finals_mavericks_vs_heat,MIA,Juwan Howard,6,0.0,2.25,4,-2.25
2011,2011_nba_finals_mavericks_vs_heat,MIA,Mike Bibby,5,0.0,3.8,5,0.0
2011,2011_nba_finals_mavericks_vs_heat,MIA,Mike Miller,6,0.0,4.2,5,-4.2
2011,2011_nba_finals_mavericks_vs_heat,DAL,Peja Stojaković,4,0.0,0.5,4,0.0
2010,2010_nba_finals_celtics_vs_lakers,LAL,Kobe Bryant,7,23.0,29.5,6,-6.5
2010,2010_nba_finals_celtics_vs_lakers,LAL,Metta World Peace,7,20.0,9.0,6,11.0
2010,2010_nba_finals_celtics_vs_lakers,LAL,Pau Gasol,7,19.0,18.5,6,0.5
2010,2010_nba_finals_celtics_vs_lakers,BOS,Paul Pierce,7,18.0,18.0,6,0.0
2010,2010_nba_finals_celtics_vs_lakers,BOS,Kevin Garnett,7,17.0,15.0,6,2.0
2010,2010_nba_finals_celtics_vs_lakers,BOS,Rajon Rondo,7,14.0,13.5,6,0.5
2010,2010_nba_finals_celtics_vs_lakers,BOS,Ray Allen,7,13.0,14.833,6,-1.833
2010,2010_nba_finals_celtics_vs_lakers,BOS,Rasheed Wallace,7,11.0,4.333,6,6.667
2010,2010_nba_finals_celtics_vs_lakers,LAL,Derek Fisher,7,10.0,8.333,6,1.667
2010,2010_nba_finals_celtics_vs_lakers,LAL,Lamar Odom,7,7.0,7.667,6,-0.667
2010,2010_nba_finals_celtics_vs_lakers,BOS,Glen Davis,7,6.0,6.833,6,-0.833
2010,2010_nba_finals_celtics_vs_lakers,LAL,Andrew Bynum,7,2.0,8.333,6,-6.333
2010,2010_nba_finals_celtics_vs_lakers,LAL,Sasha Vujačić,7,2.0,3.167,6,-1.167
2010,2010_nba_finals_celtics_vs_lakers,BOS,Brian Scalabrine,7,0.0,0.0,0,0.0
2010,2010_nba_finals_celtics_vs_lakers,LAL,D.J. Mbenga,6,0.0,0.0,1,0.0
2010,2010_nba_finals_celtics_vs_lakers,LAL,Jordan Farmar,7,0.0,3.5,6,-3.5
2010,2010_nba_finals_celtics_vs_lakers,LAL,Josh Powell,7,0.0,0.0,1,0.0
2010,2010_nba_finals_celtics_vs_lakers,BOS,Kendrick Perkins,6,0.0,5.833,6,0.0
2010,2010_nba_finals_celtics_vs_lakers,LAL,Luke Walton,6,0.0,0.5,4,0.0
2010,2010_nba_finals_celtics_vs_lakers,BOS,Marquis Daniels,6,0.0,2.5,2,0.0
2010,2010_nba_finals_celtics_vs_lakers,BOS,Michael Finley,6,0.0,0.0,2,0.0
2010,2010_nba_finals_celtics_vs_lakers,BOS,Nate Robinson,7,0.0,5.667,6,-5.667
2010,2010_nba_finals_celtics_vs_lakers,LAL,Shannon Brown,7,0.0,3.5,6,-3.5
2010,2010_nba_finals_celtics_vs_lakers,BOS,Shelden Williams,6,0.0,0.0,2,0.0
2010,2010_nba_finals_celtics_vs_lakers,BOS,Tony Allen,7,0.0,3.667,6,-3.667
2009,2009_nba_finals_magic_vs_lakers,LAL,Kobe Bryant,5,30.0,33.0,4,-3.0
2009,2009_nba_finals_magic_vs_lakers,ORL,Rashard Lewis,5,18.0,17.25,4,0.75
2009,2009_nba_finals_magic_vs_lakers,LAL,Lamar Odom,5,17.0,12.5,4,4.5
2009,2009_nba_finals_magic_vs_lakers,LAL,Trevor Ariza,5,15.0,10.0,4,5.0
2009,2009_nba_finals_magic_vs_lakers,LAL,Pau Gasol,5,14.0,19.75,4,-5.75
2009,2009_nba_finals_magic_vs_lakers,LAL,Derek Fisher,5,13.0,10.5,4,2.5
2009,2009_nba_finals_magic_vs_lakers,ORL,Courtney Lee,5,12.0,4.25,4,7.75
2009,2009_nba_finals_magic_vs_lakers,ORL,Hedo Türkoğlu,5,12.0,19.5,4,-7.5
2009,2009_nba_finals_magic_vs_lakers,ORL,Rafer Alston,5,12.0,10.25,4,1.75
2009,2009_nba_finals_magic_vs_lakers,ORL,Dwight Howard,5,11.0,16.5,4,-5.5
2009,2009_nba_finals_magic_vs_lakers,ORL,JJ Redick,5,8.0,4.667,3,3.333
2009,2009_nba_finals_magic_vs_lakers,LAL,Andrew Bynum,5,6.0,6.0,4,0.0
2009,2009_nba_finals_magic_vs_lakers,ORL,Jameer Nelson,5,5.0,3.5,4,1.5
2009,2009_nba_finals_magic_vs_lakers,ORL,Marcin Gortat,5,4.0,3.0,4,1.0
2009,2009_nba_finals_magic_vs_lakers,ORL,Mickaël Piétrus,5,4.0,12.25,4,-8.25
2009,2009_nba_finals_magic_vs_lakers,LAL,Jordan Farmar,5,2.0,3.75,4,-1.75
2009,2009_nba_finals_magic_vs_lakers,LAL,Luke Walton,5,2.0,4.25,4,-2.25
2009,2009_nba_finals_magic_vs_lakers,LAL,D.J. Mbenga,4,0.0,0.0,3,0.0
2009,2009_nba_finals_magic_vs_lakers,LAL,Josh Powell,4,0.0,2.5,2,0.0
2009,2009_nba_finals_magic_vs_lakers,LAL,Sasha Vujačić,5,0.0,0.0,4,0.0
2009,2009_nba_finals_magic_vs_lakers,LAL,Shannon Brown,4,0.0,0.0,3,0.0
2009,2009_nba_finals_magic_vs_lakers,ORL,Tony Battie,5,0.0,2.5,4,-2.5
2008,2008_nba_finals_lakers_vs_celtics,BOS,Kevin Garnett,6,26.0,16.6,5,9.4
2008,2008_nba_finals_lakers_vs_celtics,BOS,Ray Allen,6,26.0,19.2,5,6.8
2008,2008_nba_finals_lakers_vs_celtics,LAL,Kobe Bryant,6,22.0,26.4,5,-4.4
2008,2008_nba_finals_lakers_vs_celtics,BOS,Rajon Rondo,6,21.0,7.0,5,14.0
2008,2008_nba_finals_lakers_vs_celtics,BOS,Paul Pierce,6,17.0,22.8,5,-5.8
2008,2008_nba_finals_lakers_vs_celtics,LAL,Lamar Odom,6,14.0,13.4,5,0.6
2008,2008_nba_finals_lakers_vs_celtics,LAL,Jordan Farmar,6,12.0,6.0,5,6.0
2008,2008_nba_finals_lakers_vs_celtics,BOS,James Posey,6,11.0,8.2,5,2.8
2008,2008_nba_finals_lakers_vs_celtics,LAL,Pau Gasol,6,11.0,15.4,5,-4.4
2008,2008_nba_finals_lakers_vs_celtics,BOS,Eddie House,6,9.0,7.667,3,1.333
2008,2008_nba_finals_lakers_vs_celtics,BOS,Leon Powe,6,8.0,5.8,5,2.2
2008,2008_nba_finals_lakers_vs_celtics,LAL,Luke Walton,6,8.0,1.4,5,6.6
2008,2008_nba_finals_lakers_vs_celtics,LAL,Derek Fisher,6,7.0,11.6,5,-4.6
2008,2008_nba_finals_lakers_vs_celtics,LAL,Sasha Vujačić,6,7.0,8.6,5,-1.6
2008,2008_nba_finals_lakers_vs_celtics,BOS,P.J. Brown,6,6.0,3.6,5,2.4
2008,2008_nba_finals_lakers_vs_celtics,LAL,Vladimir Radmanović,6,6.0,7.6,5,-1.6
2008,2008_nba_finals_lakers_vs_celtics,BOS,Glen Davis,6,3.0,0.0,0,0.0
2008,2008_nba_finals_lakers_vs_celtics,LAL,Trevor Ariza,6,3.0,2.5,4,0.5
2008,2008_nba_finals_lakers_vs_celtics,BOS,Kendrick Perkins,6,2.0,4.5,4,-2.5
2008,2008_nba_finals_lakers_vs_celtics,LAL,Ronny Turiaf,6,2.0,1.8,5,0.2
2008,2008_nba_finals_lakers_vs_celtics,BOS,Tony Allen,6,2.0,3.0,2,-1.0
2008,2008_nba_finals_lakers_vs_celtics,LAL,Chris Mihm,5,0.0,0.0,1,0.0
2008,2008_nba_finals_lakers_vs_celtics,BOS,Sam Cassell,5,0.0,3.8,5,0.0
2007,2007_nba_finals_cavaliers_vs_spurs,SAS,Manu Ginóbili,4,27.0,14.667,3,12.333
2007,2007_nba_finals_cavaliers_vs_spurs,CLE,LeBron James,4,24.0,21.333,3,2.667
2007,2007_nba_finals_cavaliers_vs_spurs,SAS,Tony Parker,4,24.0,24.667,3,-0.667
2007,2007_nba_finals_cavaliers_vs_spurs,SAS,Tim Duncan,4,12.0,20.333,3,-8.333
2007,2007_nba_finals_cavaliers_vs_spurs,CLE,Drew Gooden,4,11.0,13.333,3,-2.333
2007,2007_nba_finals_cavaliers_vs_spurs,CLE,Daniel Gibson,4,10.0,11.0,3,-1.0
2007,2007_nba_finals_cavaliers_vs_spurs,CLE,Damon Jones,4,9.0,3.0,3,6.0
2007,2007_nba_finals_cavaliers_vs_spurs,CLE,Anderson Varejão,4,8.0,7.333,3,0.667
2007,2007_nba_finals_cavaliers_vs_spurs,CLE,Zydrunas Ilgauskas,4,8.0,7.667,3,0.333
2007,2007_nba_finals_cavaliers_vs_spurs,SAS,Fabricio Oberto,4,7.0,3.333,3,3.667
2007,2007_nba_finals_cavaliers_vs_spurs,CLE,Donyell Marshall,4,5.0,3.333,3,1.667
2007,2007_nba_finals_cavaliers_vs_spurs,CLE,Eric Snow,4,4.0,0.333,3,3.667
2007,2007_nba_finals_cavaliers_vs_spurs,SAS,Francisco Elson,4,4.0,4.0,3,0.0
2007,2007_nba_finals_cavaliers_vs_spurs,SAS,Michael Finley,4,4.0,3.667,3,0.333
2007,2007_nba_finals_cavaliers_vs_spurs,CLE,Sasha Pavlović,4,3.0,12.0,3,-9.0
2007,2007_nba_finals_cavaliers_vs_spurs,SAS,Bruce Bowen,4,2.0,7.333,3,-5.333
2007,2007_nba_finals_cavaliers_vs_spurs,SAS,Jacque Vaughn,4,2.0,2.0,3,0.0
2007,2007_nba_finals_cavaliers_vs_spurs,SAS,Robert Horry,4,1.0,3.667,3,-2.667
2007,2007_nba_finals_cavaliers_vs_spurs,SAS,Beno Udrih,2,0.0,0.0,2,0.0
2007,2007_nba_finals_cavaliers_vs_spurs,SAS,Brent Barry,4,0.0,4.0,3,-4.0
2007,2007_nba_finals_cavaliers_vs_spurs,CLE,Ira Newble,2,0.0,0.0,1,0.0
2007,2007_nba_finals_cavaliers_vs_spurs,CLE,Larry Hughes,2,0.0,1.0,2,0.0
2007,2007_nba_finals_cavaliers_vs_spurs,CLE,Scot Pollard,2,0.0,0.0,1,0.0
2007,2007_nba_finals_cavaliers_vs_spurs,CLE,Shannon Brown,4,0.0,0.0,0,0.0
2006,2006_nba_finals_heat_vs_mavericks,MIA,Dwyane Wade,6,36.0,34.4,5,1.6
2006,2006_nba_finals_heat_vs_mavericks,DAL,Dirk Nowitzki,6,29.0,21.6,5,7.4
2006,2006_nba_finals_heat_vs_mavericks,MIA,Udonis Haslem,6,17.0,4.4,5,12.6
2006,2006_nba_finals_heat_vs_mavericks,DAL,Jason Terry,6,16.0,23.2,5,-7.2
2006,2006_nba_finals_heat_vs_mavericks,MIA,Antoine Walker,6,14.0,13.8,5,0.2
2006,2006_nba_finals_heat_vs_mavericks,DAL,Josh Howard,6,14.0,14.8,5,-0.8
2006,2006_nba_finals_heat_vs_mavericks,DAL,Jerry Stackhouse,6,12.0,13.0,4,-1.0
2006,2006_nba_finals_heat_vs_mavericks,DAL,Marquis Daniels,6,12.0,1.0,5,11.0
2006,2006_nba_finals_heat_vs_mavericks,MIA,Shaquille O'Neal,6,9.0,14.6,5,-5.6
2006,2006_nba_finals_heat_vs_mavericks,MIA,Alonzo Mourning,6,8.0,3.6,5,4.4
2006,2006_nba_finals_heat_vs_mavericks,DAL,Devin Harris,6,6.0,7.6,5,-1.6
2006,2006_nba_finals_heat_vs_mavericks,MIA,James Posey,6,6.0,7.6,5,-1.6
2006,2006_nba_finals_heat_vs_mavericks,MIA,Jason Williams,6,3.0,10.0,5,-7.0
2006,2006_nba_finals_heat_vs_mavericks,DAL,DeSagana Diop,6,2.0,1.6,5,0.4
2006,2006_nba_finals_heat_vs_mavericks,MIA,Gary Payton,6,2.0,2.8,5,-0.8
2006,2006_nba_finals_heat_vs_mavericks,DAL,Erick Dampier,6,1.0,6.6,5,-5.6
2006,2006_nba_finals_heat_vs_mavericks,DAL,Adrian Griffin,6,0.0,3.6,5,-3.6
2006,2006_nba_finals_heat_vs_mavericks,DAL,D.J. Mbenga,6,0.0,0.0,1,0.0
2006,2006_nba_finals_heat_vs_mavericks,DAL,Darrell Armstrong,4,0.0,0.0,1,0.0
2006,2006_nba_finals_heat_vs_mavericks,MIA,Jason Kapono,4,0.0,0.0,1,0.0
2006,2006_nba_finals_heat_vs_mavericks,DAL,Josh Powell,4,0.0,0.0,1,0.0
2006,2006_nba_finals_heat_vs_mavericks,DAL,Keith Van Horn,5,0.0,1.4,5,0.0
2006,2006_nba_finals_heat_vs_mavericks,MIA,Michael Doleac,4,0.0,0.0,1,0.0
2006,2006_nba_finals_heat_vs_mavericks,MIA,Shandon Anderson,6,0.0,2.0,3,-2.0
2005,2005_nba_finals_pistons_vs_spurs,SAS,Tim Duncan,7,25.0,19.833,6,5.167
2005,2005_nba_finals_pistons_vs_spurs,SAS,Manu Ginóbili,7,23.0,18.0,6,5.0
2005,2005_nba_finals_pistons_vs_spurs,DET,Richard Hamilton,7,15.0,17.0,6,-2.0
2005,2005_nba_finals_pistons_vs_spurs,SAS,Robert Horry,7,15.0,9.833,6,5.167
2005,2005_nba_finals_pistons_vs_spurs,DET,Chauncey Billups,7,13.0,21.667,6,-8.667
2005,2005_nba_finals_pistons_vs_spurs,DET,Ben Wallace,7,12.0,10.5,6,1.5
2005,2005_nba_finals_pistons_vs_spurs,DET,Rasheed Wallace,7,11.0,10.833,6,0.167
2005,2005_nba_finals_pistons_vs_spurs,DET,Antonio McDyess,7,10.0,10.167,6,-0.167
2005,2005_nba_finals_pistons_vs_spurs,DET,Tayshaun Prince,7,9.0,10.333,6,-1.333
2005,2005_nba_finals_pistons_vs_spurs,SAS,Tony Parker,7,8.0,14.833,6,-6.833
2005,2005_nba_finals_pistons_vs_spurs,SAS,Brent Barry,7,5.0,4.5,6,0.5
2005,2005_nba_finals_pistons_vs_spurs,SAS,Bruce Bowen,7,5.0,8.333,6,-3.333
2005,2005_nba_finals_pistons_vs_spurs,DET,Lindsey Hunter,7,4.0,5.833,6,-1.833
2005,2005_nba_finals_pistons_vs_spurs,SAS,Beno Udrih,6,0.0,2.4,5,0.0
2005,2005_nba_finals_pistons_vs_spurs,DET,Carlos Arroyo,6,0.0,2.2,5,0.0
2005,2005_nba_finals_pistons_vs_spurs,DET,Darko Miličić,4,0.0,0.667,3,0.0
2005,2005_nba_finals_pistons_vs_spurs,DET,Darvin Ham,7,0.0,0.5,4,-0.5
2005,2005_nba_finals_pistons_vs_spurs,SAS,Devin Brown,7,0.0,2.2,5,-2.2
2005,2005_nba_finals_pistons_vs_spurs,DET,Elden Campbell,7,0.0,0.0,0,0.0
2005,2005_nba_finals_pistons_vs_spurs,SAS,Glenn Robinson,3,0.0,0.667,3,0.0
2005,2005_nba_finals_pistons_vs_spurs,SAS,Nazr Mohammed,7,0.0,5.667,6,-5.667
2005,2005_nba_finals_pistons_vs_spurs,SAS,Rasho Nesterović,4,0.0,0.5,4,0.0
2005,2005_nba_finals_pistons_vs_spurs,DET,Ronald Dupree,7,0.0,0.0,4,0.0
2005,2005_nba_finals_pistons_vs_spurs,SAS,Tony Massenburg,4,0.0,0.0,3,0.0
2004,2004_nba_finals_pistons_vs_lakers,LAL,Kobe Bryant,5,24.0,22.25,4,1.75
2004,2004_nba_finals_pistons_vs_lakers,DET,Richard Hamilton,5,21.0,21.5,4,-0.5
2004,2004_nba_finals_pistons_vs_lakers,LAL,Shaquille O'Neal,5,20.0,28.25,4,-8.25
2004,2004_nba_finals_pistons_vs_lakers,DET,Ben Wallace,5,18.0,9.0,4,9.0
2004,2004_nba_finals_pistons_vs_lakers,DET,Tayshaun Prince,5,17.0,8.25,4,8.75
2004,2004_nba_finals_pistons_vs_lakers,DET,Chauncey Billups,5,14.0,22.75,4,-8.75
2004,2004_nba_finals_pistons_vs_lakers,DET,Rasheed Wallace,5,11.0,13.5,4,-2.5
2004,2004_nba_finals_pistons_vs_lakers,LAL,Derek Fisher,5,10.0,5.5,4,4.5
2004,2004_nba_finals_pistons_vs_lakers,LAL,Stanislav Medvedenko,5,10.0,2.0,4,8.0
2004,2004_nba_finals_pistons_vs_lakers,DET,Mehmet Okur,5,7.0,1.333,3,5.667
2004,2004_nba_finals_pistons_vs_lakers,DET,Corliss Williamson,5,6.0,3.75,4,2.25
2004,2004_nba_finals_pistons_vs_lakers,LAL,Rick Fox,5,6.0,1.0,2,5.0
2004,2004_nba_finals_pistons_vs_lakers,LAL,Kareem Rush,5,5.0,3.25,4,1.75
2004,2004_nba_finals_pistons_vs_lakers,LAL,Brian Cook,5,4.0,0.0,2,4.0
2004,2004_nba_finals_pistons_vs_lakers,LAL,Devean George,5,4.0,6.25,4,-2.25
2004,2004_nba_finals_pistons_vs_lakers,DET,Elden Campbell,5,4.0,3.25,4,0.75
2004,2004_nba_finals_pistons_vs_lakers,LAL,Gary Payton,5,2.0,4.75,4,-2.75
2004,2004_nba_finals_pistons_vs_lakers,DET,Lindsey Hunter,5,2.0,4.0,4,-2.0
2004,2004_nba_finals_pistons_vs_lakers,LAL,Luke Walton,5,2.0,3.667,3,-1.667
2004,2004_nba_finals_pistons_vs_lakers,LAL,Bryon Russell,5,0.0,0.0,2,0.0
2004,2004_nba_finals_pistons_vs_lakers,DET,Darko Miličić,5,0.0,0.0,2,0.0
2004,2004_nba_finals_pistons_vs_lakers,DET,Darvin Ham,5,0.0,0.667,3,-0.667
2004,2004_nba_finals_pistons_vs_lakers,LAL,Karl Malone,4,0.0,5.0,4,0.0
2004,2004_nba_finals_pistons_vs_lakers,DET,Mike James,5,0.0,1.0,4,-1.0
2003,2003_nba_finals_nets_vs_spurs,NJN,Jason Kidd,6,21.0,19.4,5,1.6
2003,2003_nba_finals_nets_vs_spurs,SAS,Tim Duncan,6,21.0,24.8,5,-3.8
2003,2003_nba_finals_nets_vs_spurs,SAS,Stephen Jackson,6,17.0,9.0,5,8.0
2003,2003_nba_finals_nets_vs_spurs,NJN,Kerry Kittles,6,16.0,9.8,5,6.2
2003,2003_nba_finals_nets_vs_spurs,SAS,David Robinson,6,13.0,10.4,5,2.6
2003,2003_nba_finals_nets_vs_spurs,NJN,Richard Jefferson,6,13.0,13.2,5,-0.2
2003,2003_nba_finals_nets_vs_spurs,SAS,Speedy Claxton,6,13.0,4.8,5,8.2
2003,2003_nba_finals_nets_vs_spurs,SAS,Manu Ginóbili,6,11.0,8.2,5,2.8
2003,2003_nba_finals_nets_vs_spurs,NJN,Kenyon Martin,6,6.0,16.4,5,-10.4
2003,2003_nba_finals_nets_vs_spurs,SAS,Malik Rose,6,5.0,8.2,5,-3.2
2003,2003_nba_finals_nets_vs_spurs,NJN,Aaron Williams,6,4.0,6.0,4,-2.0
2003,2003_nba_finals_nets_vs_spurs,NJN,Anthony Johnson,6,4.0,1.75,4,2.25
2003,2003_nba_finals_nets_vs_spurs,NJN,Dikembe Mutombo,6,4.0,2.0,5,2.0
2003,2003_nba_finals_nets_vs_spurs,NJN,Jason Collins,6,4.0,3.6,5,0.4
2003,2003_nba_finals_nets_vs_spurs,SAS,Tony Parker,6,4.0,16.0,5,-12.0
2003,2003_nba_finals_nets_vs_spurs,NJN,Rodney Rogers,6,3.0,5.0,5,-2.0
2003,2003_nba_finals_nets_vs_spurs,SAS,Bruce Bowen,6,2.0,3.6,5,-1.6
2003,2003_nba_finals_nets_vs_spurs,NJN,Lucious Harris,6,2.0,7.4,5,-5.4
2003,2003_nba_finals_nets_vs_spurs,SAS,Steve Kerr,6,2.0,2.0,3,0.0
2003,2003_nba_finals_nets_vs_spurs,NJN,Brian Scalabrine,6,0.0,0.0,0,0.0
2003,2003_nba_finals_nets_vs_spurs,SAS,Danny Ferry,6,0.0,0.0,2,0.0
2003,2003_nba_finals_nets_vs_spurs,SAS,Kevin Willis,6,0.0,2.0,4,-2.0
2003,2003_nba_finals_nets_vs_spurs,SAS,Steve Smith,6,0.0,0.0,0,0.0
2003,2003_nba_finals_nets_vs_spurs,NJN,Tamar Slay,6,0.0,0.0,0,0.0
2002,2002_nba_finals_nets_vs_lakers,NJN,Kenyon Martin,4,35.0,17.667,3,17.333
2002,2002_nba_finals_nets_vs_lakers,LAL,Shaquille O'Neal,4,34.0,37.0,3,-3.0
2002,2002_nba_finals_nets_vs_lakers,LAL,Kobe Bryant,4,25.0,27.333,3,-2.333
2002,2002_nba_finals_nets_vs_lakers,NJN,Lucious Harris,4,22.0,3.0,3,19.0
2002,2002_nba_finals_nets_vs_lakers,LAL,Derek Fisher,4,13.0,12.667,3,0.333
2002,2002_nba_finals_nets_vs_lakers,NJN,Jason Kidd,4,13.0,23.333,3,-10.333
2002,2002_nba_finals_nets_vs_lakers,LAL,Robert Horry,4,12.0,6.667,3,5.333
2002,2002_nba_finals_nets_vs_lakers,LAL,Devean George,4,11.0,5.0,3,6.0
2002,2002_nba_finals_nets_vs_lakers,NJN,Kerry Kittles,4,11.0,13.0,3,-2.0
2002,2002_nba_finals_nets_vs_lakers,LAL,Rick Fox,4,8.0,10.333,3,-2.333
2002,2002_nba_finals_nets_vs_lakers,NJN,Todd MacCulloch,4,8.0,7.333,3,0.667
2002,2002_nba_finals_nets_vs_lakers,NJN,Keith Van Horn,4,7.0,11.667,3,-4.667
2002,2002_nba_finals_nets_vs_lakers,LAL,Brian Shaw,4,6.0,2.667,3,3.333
2002,2002_nba_finals_nets_vs_lakers,NJN,Richard Jefferson,4,5.0,7.333,3,-2.333
2002,2002_nba_finals_nets_vs_lakers,NJN,Jason Collins,4,4.0,4.333,3,-0.333
2002,2002_nba_finals_nets_vs_lakers,NJN,Aaron Williams,4,2.0,4.0,3,-2.0
2002,2002_nba_finals_nets_vs_lakers,LAL,Mitch Richmond,4,2.0,0.0,0,0.0
2002,2002_nba_finals_nets_vs_lakers,LAL,Samaki Walker,4,2.0,0.667,3,1.333
2002,2002_nba_finals_nets_vs_lakers,NJN,Anthony Johnson,4,0.0,1.667,3,-1.667
2002,2002_nba_finals_nets_vs_lakers,NJN,Brian Scalabrine,2,0.0,0.0,1,0.0
2002,2002_nba_finals_nets_vs_lakers,NJN,Donny Marshall,4,0.0,0.0,1,0.0
2002,2002_nba_finals_nets_vs_lakers,LAL,Lindsey Hunter,3,0.0,0.667,3,0.0
2002,2002_nba_finals_nets_vs_lakers,LAL,Mark Madsen,2,0.0,0.0,1,0.0
2002,2002_nba_finals_nets_vs_lakers,LAL,Stanislav Medvedenko,3,0.0,1.0,2,0.0
2001,2001_nba_finals_76ers_vs_lakers,PHI,Allen Iverson,5,37.0,35.25,4,1.75
2001,2001_nba_finals_76ers_vs_lakers,LAL,Shaquille O'Neal,5,29.0,34.0,4,-5.0
2001,2001_nba_finals_76ers_vs_lakers,LAL,Kobe Bryant,5,26.0,24.25,4,1.75
2001,2001_nba_finals_76ers_vs_lakers,LAL,Rick Fox,5,20.0,7.25,4,12.75
2001,2001_nba_finals_76ers_vs_lakers,LAL,Derek Fisher,5,18.0,7.75,4,10.25
2001,2001_nba_finals_76ers_vs_lakers,PHI,Tyrone Hill,5,18.0,3.75,4,14.25
2001,2001_nba_finals_76ers_vs_lakers,PHI,Dikembe Mutombo,5,13.0,17.75,4,-4.75
2001,2001_nba_finals_76ers_vs_lakers,PHI,Eric Snow,5,13.0,12.5,4,0.5
2001,2001_nba_finals_76ers_vs_lakers,PHI,Aaron McKie,5,7.0,8.25,4,-1.25
2001,2001_nba_finals_76ers_vs_lakers,LAL,Robert Horry,5,7.0,8.75,4,-1.75
2001,2001_nba_finals_76ers_vs_lakers,LAL,Horace Grant,5,6.0,5.0,4,1.0
2001,2001_nba_finals_76ers_vs_lakers,LAL,Brian Shaw,5,2.0,4.0,4,-2.0
2001,2001_nba_finals_76ers_vs_lakers,PHI,George Lynch,5,2.0,0.0,1,2.0
2001,2001_nba_finals_76ers_vs_lakers,PHI,Kevin Ollie,5,2.0,0.75,4,1.25
2001,2001_nba_finals_76ers_vs_lakers,PHI,Matt Geiger,5,2.0,6.0,4,-4.0
2001,2001_nba_finals_76ers_vs_lakers,PHI,Raja Bell,5,2.0,2.75,4,-0.75
2001,2001_nba_finals_76ers_vs_lakers,PHI,Jumaine Jones,5,0.0,2.5,4,-2.5
2001,2001_nba_finals_76ers_vs_lakers,LAL,Mark Madsen,5,0.0,0.0,1,0.0
2001,2001_nba_finals_76ers_vs_lakers,PHI,Rodney Buford,5,0.0,1.0,2,-1.0
2001,2001_nba_finals_76ers_vs_lakers,LAL,Ron Harper,5,0.0,6.5,2,-6.5
2001,2001_nba_finals_76ers_vs_lakers,PHI,Todd MacCulloch,5,0.0,3.25,4,-3.25
2001,2001_nba_finals_76ers_vs_lakers,LAL,Tyronn Lue,5,0.0,4.5,4,-4.5
2000,2000_nba_finals_pacers_vs_lakers,LAL,Shaquille O'Neal,6,41.0,37.4,5,3.6
2000,2000_nba_finals_pacers_vs_lakers,IND,Jalen Rose,6,29.0,21.8,5,7.2
2000,2000_nba_finals_pacers_vs_lakers,LAL,Kobe Bryant,6,26.0,13.0,4,13.0
2000,2000_nba_finals_pacers_vs_lakers,IND,Reggie Miller,6,25.0,24.2,5,0.8
2000,2000_nba_finals_pacers_vs_lakers,IND,Dale Davis,6,20.0,6.4,5,13.6
2000,2000_nba_finals_pacers_vs_lakers,IND,Austin Croshere,6,16.0,15.0,5,1.0
2000,2000_nba_finals_pacers_vs_lakers,LAL,Glen Rice,6,16.0,10.6,5,5.4
2000,2000_nba_finals_pacers_vs_lakers,IND,Mark Jackson,6,10.0,9.6,5,0.4
2000,2000_nba_finals_pacers_vs_lakers,LAL,Robert Horry,6,8.0,9.4,5,-1.4
2000,2000_nba_finals_pacers_vs_lakers,LAL,Rick Fox,6,7.0,6.6,5,0.4
2000,2000_nba_finals_pacers_vs_lakers,LAL,A.C. Green,6,6.0,4.8,5,1.2
2000,2000_nba_finals_pacers_vs_lakers,LAL,Derek Fisher,6,6.0,6.0,5,0.0
2000,2000_nba_finals_pacers_vs_lakers,LAL,Ron Harper,6,6.0,11.8,5,-5.8
2000,2000_nba_finals_pacers_vs_lakers,IND,Sam Perkins,6,6.0,6.0,5,0.0
2000,2000_nba_finals_pacers_vs_lakers,IND,Derrick McKey,6,3.0,1.6,5,1.4
2000,2000_nba_finals_pacers_vs_lakers,IND,Rik Smits,6,2.0,11.6,5,-9.6
2000,2000_nba_finals_pacers_vs_lakers,LAL,Brian Shaw,6,0.0,3.6,5,-3.6
2000,2000_nba_finals_pacers_vs_lakers,IND,Chris Mullin,5,0.0,1.333,3,0.0
2000,2000_nba_finals_pacers_vs_lakers,LAL,Devean George,5,0.0,1.0,1,0.0
2000,2000_nba_finals_pacers_vs_lakers,LAL,John Salley,5,0.0,1.0,4,0.0
2000,2000_nba_finals_pacers_vs_lakers,IND,Jonathan Bender,5,0.0,3.5,2,0.0
2000,2000_nba_finals_pacers_vs_lakers,IND,Travis Best,6,0.0,7.0,5,-7.0
2000,2000_nba_finals_pacers_vs_lakers,LAL,Travis Knight,5,0.0,1.25,4,0.0
2000,2000_nba_finals_pacers_vs_lakers,IND,Žan Tabak,5,0.0,0.667,3,0.0
1999,1999_nba_finals_knicks_vs_spurs,NYK,Latrell Sprewell,5,35.0,23.75,4,11.25
1999,1999_nba_finals_knicks_vs_spurs,SAS,Tim Duncan,5,31.0,26.5,4,4.5
1999,1999_nba_finals_knicks_vs_spurs,NYK,Allan Houston,5,16.0,23.0,4,-7.0
1999,1999_nba_finals_knicks_vs_spurs,SAS,David Robinson,5,15.0,17.0,4,-2.0
1999,1999_nba_finals_knicks_vs_spurs,SAS,Jaren Jackson,5,11.0,5.5,4,5.5
1999,1999_nba_finals_knicks_vs_spurs,SAS,Mario Elie,5,10.0,12.0,4,-2.0
1999,1999_nba_finals_knicks_vs_spurs,SAS,Avery Johnson,5,8.0,9.5,4,-1.5
1999,1999_nba_finals_knicks_vs_spurs,NYK,Larry Johnson,5,7.0,7.75,4,-0.75
1999,1999_nba_finals_knicks_vs_spurs,NYK,Marcus Camby,5,7.0,10.25,4,-3.25
1999,1999_nba_finals_knicks_vs_spurs,NYK,Kurt Thomas,5,6.0,5.5,4,0.5
1999,1999_nba_finals_knicks_vs_spurs,NYK,Charlie Ward,5,4.0,6.25,4,-2.25
1999,1999_nba_finals_knicks_vs_spurs,NYK,Chris Childs,5,2.0,2.5,4,-0.5
1999,1999_nba_finals_knicks_vs_spurs,SAS,Sean Elliott,5,2.0,9.5,4,-7.5
1999,1999_nba_finals_knicks_vs_spurs,SAS,Malik Rose,5,1.0,1.25,4,-0.25
1999,1999_nba_finals_knicks_vs_spurs,SAS,Antonio Daniels,5,0.0,3.333,3,-3.333
1999,1999_nba_finals_knicks_vs_spurs,NYK,Chris Dudley,5,0.0,1.5,4,-1.5
1999,1999_nba_finals_knicks_vs_spurs,SAS,Gerard King,3,0.0,0.0,2,0.0
1999,1999_nba_finals_knicks_vs_spurs,NYK,Herb Williams,5,0.0,0.0,1,0.0
1999,1999_nba_finals_knicks_vs_spurs,SAS,Jerome Kersey,4,0.0,1.0,2,0.0
1999,1999_nba_finals_knicks_vs_spurs,NYK,Rick Brunson,3,0.0,0.0,1,0.0
1999,1999_nba_finals_knicks_vs_spurs,SAS,Steve Kerr,5,0.0,2.25,4,-2.25
1998,1998_nba_finals_bulls_vs_jazz,CHI,Michael Jordan,6,45.0,31.2,5,13.8
1998,1998_nba_finals_bulls_vs_jazz,UTA,Karl Malone,6,31.0,23.8,5,7.2
1998,1998_nba_finals_bulls_vs_jazz,UTA,Jeff Hornacek,6,17.0,9.4,5,7.6
1998,1998_nba_finals_bulls_vs_jazz,CHI,Toni Kukoč,6,15.0,15.2,5,-0.2
1998,1998_nba_finals_bulls_vs_jazz,UTA,John Stockton,6,10.0,9.6,5,0.4
1998,1998_nba_finals_bulls_vs_jazz,UTA,Antoine Carr,6,9.0,3.2,5,5.8
1998,1998_nba_finals_bulls_vs_jazz,CHI,Ron Harper,6,8.0,4.8,5,3.2
1998,1998_nba_finals_bulls_vs_jazz,CHI,Scottie Pippen,6,8.0,17.2,5,-9.2
1998,1998_nba_finals_bulls_vs_jazz,UTA,Bryon Russell,6,7.0,9.2,5,-2.2
1998,1998_nba_finals_bulls_vs_jazz,CHI,Dennis Rodman,6,7.0,2.6,5,4.4
1998,1998_nba_finals_bulls_vs_jazz,UTA,Shandon Anderson,6,5.0,7.8,5,-2.8
1998,1998_nba_finals_bulls_vs_jazz,UTA,Howard Eisley,6,3.0,5.0,5,-2.0
1998,1998_nba_finals_bulls_vs_jazz,UTA,Adam Keefe,6,2.0,3.0,4,-1.0
1998,1998_nba_finals_bulls_vs_jazz,CHI,Bill Wennington,6,2.0,1.0,2,1.0
1998,1998_nba_finals_bulls_vs_jazz,UTA,Chris Morris,6,2.0,4.8,5,-2.8
1998,1998_nba_finals_bulls_vs_jazz,CHI,Jud Buechler,6,2.0,1.2,5,0.8
1998,1998_nba_finals_bulls_vs_jazz,CHI,Dickey Simpkins,3,0.0,1.0,2,0.0
1998,1998_nba_finals_bulls_vs_jazz,UTA,Greg Foster,6,0.0,1.6,5,-1.6
1998,1998_nba_finals_bulls_vs_jazz,UTA,Greg Ostertag,5,0.0,2.2,5,0.0
1998,1998_nba_finals_bulls_vs_jazz,UTA,Jacque Vaughn,3,0.0,0.0,1,0.0
1998,1998_nba_finals_bulls_vs_jazz,CHI,Luc Longley,6,0.0,6.0,5,-6.0
1998,1998_nba_finals_bulls_vs_jazz,CHI,Randy Brown,3,0.0,1.0,2,0.0
1998,1998_nba_finals_bulls_vs_jazz,CHI,Scott Burrell,6,0.0,4.2,5,-4.2
1998,1998_nba_finals_bulls_vs_jazz,CHI,Steve Kerr,6,0.0,4.6,5,-4.6
1997,1997_nba_finals_jazz_vs_bulls,CHI,Michael Jordan,6,39.0,31.0,5,8.0
1997,1997_nba_finals_jazz_vs_bulls,CHI,Scottie Pippen,6,23.0,19.4,5,3.6
1997,1997_nba_finals_jazz_vs_bulls,UTA,Karl Malone,6,21.0,24.4,5,-3.4
1997,1997_nba_finals_jazz_vs_bulls,UTA,Jeff Hornacek,6,18.0,10.8,5,7.2
1997,1997_nba_finals_jazz_vs_bulls,UTA,Bryon Russell,6,17.0,10.2,5,6.8
1997,1997_nba_finals_jazz_vs_bulls,UTA,John Stockton,6,13.0,15.4,5,-2.4
1997,1997_nba_finals_jazz_vs_bulls,CHI,Steve Kerr,6,9.0,3.4,5,5.6
1997,1997_nba_finals_jazz_vs_bulls,CHI,Toni Kukoč,6,9.0,7.8,5,1.2
1997,1997_nba_finals_jazz_vs_bulls,UTA,Shandon Anderson,6,8.0,3.0,3,5.0
1997,1997_nba_finals_jazz_vs_bulls,UTA,Howard Eisley,6,6.0,5.2,5,0.8
1997,1997_nba_finals_jazz_vs_bulls,CHI,Bison Dele,6,4.0,7.4,5,-3.4
1997,1997_nba_finals_jazz_vs_bulls,CHI,Jud Buechler,6,3.0,1.4,5,1.6
1997,1997_nba_finals_jazz_vs_bulls,UTA,Antoine Carr,6,2.0,3.2,5,-1.2
1997,1997_nba_finals_jazz_vs_bulls,CHI,Ron Harper,6,2.0,5.4,5,-3.4
1997,1997_nba_finals_jazz_vs_bulls,CHI,Dennis Rodman,6,1.0,2.6,5,-1.6
1997,1997_nba_finals_jazz_vs_bulls,UTA,Greg Ostertag,6,1.0,5.0,5,-4.0
1997,1997_nba_finals_jazz_vs_bulls,UTA,Adam Keefe,5,0.0,0.75,4,0.0
1997,1997_nba_finals_jazz_vs_bulls,UTA,Chris Morris,6,0.0,4.2,5,-4.2
1997,1997_nba_finals_jazz_vs_bulls,UTA,Greg Foster,6,0.0,6.6,5,-6.6
1997,1997_nba_finals_jazz_vs_bulls,CHI,Jason Caffey,6,0.0,0.0,4,0.0
1997,1997_nba_finals_jazz_vs_bulls,CHI,Luc Longley,6,0.0,8.2,5,-8.2
1997,1997_nba_finals_jazz_vs_bulls,CHI,Randy Brown,6,0.0,1.0,4,-1.0
1988,1988_nba_finals_pistons_vs_lakers,DET,Adrian Dantley,4,27.0,22.333,3,4.667
1988,1988_nba_finals_pistons_vs_lakers,LAL,Magic Johnson,4,23.0,23.0,3,0.0
1988,1988_nba_finals_pistons_vs_lakers,DET,Vinnie Johnson,4,16.0,10.0,3,6.0
1988,1988_nba_finals_pistons_vs_lakers,DET,James Edwards,4,14.0,5.333,3,8.667
1988,1988_nba_finals_pistons_vs_lakers,DET,Bill Laimbeer,4,13.0,10.667,3,2.333
1988,1988_nba_finals_pistons_vs_lakers,LAL,Byron Scott,4,13.0,22.333,3,-9.333
1988,1988_nba_finals_pistons_vs_lakers,LAL,Kareem Abdul-Jabbar,4,13.0,11.667,3,1.333
1988,1988_nba_finals_pistons_vs_lakers,DET,Isiah Thomas,4,10.0,20.0,3,-10.0
1988,1988_nba_finals_pistons_vs_lakers,LAL,A.C. Green,4,9.0,14.0,3,-5.0
1988,1988_nba_finals_pistons_vs_lakers,DET,Rick Mahorn,4,8.0,3.667,3,4.333
1988,1988_nba_finals_pistons_vs_lakers,DET,Dennis Rodman,4,7.0,8.0,3,-1.0
1988,1988_nba_finals_pistons_vs_lakers,LAL,James Worthy,4,7.0,23.0,3,-16.0
1988,1988_nba_finals_pistons_vs_lakers,DET,Joe Dumars,4,6.0,9.333,3,-3.333
1988,1988_nba_finals_pistons_vs_lakers,LAL,Mychal Thompson,4,6.0,3.333,3,2.667
1988,1988_nba_finals_pistons_vs_lakers,LAL,Tony Campbell,4,6.0,0.0,0,0.0
1988,1988_nba_finals_pistons_vs_lakers,DET,John Salley,4,4.0,6.333,3,-2.333
1988,1988_nba_finals_pistons_vs_lakers,LAL,Wes Matthews,4,4.0,0.0,2,4.0
1988,1988_nba_finals_pistons_vs_lakers,LAL,Michael Cooper,4,3.0,2.333,3,0.667
1988,1988_nba_finals_pistons_vs_lakers,DET,Chuck Nevitt,4,2.0,0.0,0,0.0
1988,1988_nba_finals_pistons_vs_lakers,LAL,Kurt Rambis,4,2.0,1.0,1,1.0
1988,1988_nba_finals_pistons_vs_lakers,DET,Ralph Lewis,4,2.0,0.0,1,2.0
1988,1988_nba_finals_pistons_vs_lakers,DET,Walker Russell,4,2.0,0.0,1,2.0
1988,1988_nba_finals_pistons_vs_lakers,LAL,Mike Smrek,4,0.0,0.0,0,0.0
1988,1988_nba_finals_pistons_vs_lakers,LAL,Milt Wagner,4,0.0,0.0,0,0.0
1987,1987_nba_finals_celtics_vs_lakers,BOS,Dennis Johnson,6,33.0,18.6,5,14.4
1987,1987_nba_finals_celtics_vs_lakers,LAL,Kareem Abdul-Jabbar,6,32.0,19.6,5,12.4
1987,1987_nba_finals_celtics_vs_lakers,LAL,James Worthy,6,22.0,20.4,5,1.6
1987,1987_nba_finals_celtics_vs_lakers,BOS,Kevin McHale,6,20.0,20.6,5,-0.6
1987,1987_nba_finals_celtics_vs_lakers,BOS,Larry Bird,6,16.0,25.8,5,-9.8
1987,1987_nba_finals_celtics_vs_lakers,LAL,Magic Johnson,6,16.0,28.2,5,-12.2
1987,1987_nba_finals_celtics_vs_lakers,LAL,Mychal Thompson,6,15.0,10.4,5,4.6
1987,1987_nba_finals_celtics_vs_lakers,BOS,Robert Parish,6,12.0,17.6,5,-5.6
1987,1987_nba_finals_celtics_vs_lakers,LAL,Byron Scott,6,8.0,12.6,5,-4.6
1987,1987_nba_finals_celtics_vs_lakers,LAL,A.C. Green,6,6.0,8.2,5,-2.2
1987,1987_nba_finals_celtics_vs_lakers,BOS,Darren Daye,6,6.0,4.2,5,1.8
1987,1987_nba_finals_celtics_vs_lakers,LAL,Michael Cooper,6,6.0,13.2,5,-7.2
1987,1987_nba_finals_celtics_vs_lakers,BOS,Bill Walton,6,2.0,1.0,4,1.0
1987,1987_nba_finals_celtics_vs_lakers,BOS,Danny Ainge,6,2.0,14.6,5,-12.6
1987,1987_nba_finals_celtics_vs_lakers,BOS,Greg Kite,6,2.0,0.6,5,1.4
1987,1987_nba_finals_celtics_vs_lakers,LAL,Kurt Rambis,6,1.0,2.0,5,-1.0
1987,1987_nba_finals_celtics_vs_lakers,LAL,Adrian Branch,6,0.0,1.667,3,-1.667
1987,1987_nba_finals_celtics_vs_lakers,BOS,Conner Henry,6,0.0,3.333,3,-3.333
1987,1987_nba_finals_celtics_vs_lakers,BOS,Fred Roberts,6,0.0,5.5,4,-5.5
1987,1987_nba_finals_celtics_vs_lakers,BOS,Jerry Sichting,6,0.0,1.6,5,-1.6
1987,1987_nba_finals_celtics_vs_lakers,LAL,Mike Smrek,6,0.0,0.667,3,-0.667
1987,1987_nba_finals_celtics_vs_lakers,BOS,Sam Vincent,6,0.0,6.333,3,-6.333
1987,1987_nba_finals_celtics_vs_lakers,LAL,Wes Matthews,6,0.0,1.667,3,-1.667
1986,1986_nba_finals_rockets_vs_celtics,BOS,Kevin McHale,6,29.0,25.2,5,3.8
1986,1986_nba_finals_rockets_vs_celtics,BOS,Larry Bird,6,29.0,23.0,5,6.0
1986,1986_nba_finals_rockets_vs_celtics,BOS,Danny Ainge,6,19.0,13.6,5,5.4
1986,1986_nba_finals_rockets_vs_celtics,HOU,Hakeem Olajuwon,6,19.0,25.8,5,-6.8
1986,1986_nba_finals_rockets_vs_celtics,HOU,Rodney McCray,6,16.0,15.2,5,0.8
1986,1986_nba_finals_rockets_vs_celtics,HOU,Lewis Lloyd,6,12.0,6.8,5,5.2
1986,1986_nba_finals_rockets_vs_celtics,HOU,Robert Reid,6,12.0,14.8,5,-2.8
1986,1986_nba_finals_rockets_vs_celtics,BOS,Robert Parish,6,11.0,13.0,5,-2.0
1986,1986_nba_finals_rockets_vs_celtics,BOS,Bill Walton,6,10.0,7.6,5,2.4
1986,1986_nba_finals_rockets_vs_celtics,BOS,Dennis Johnson,6,10.0,18.4,5,-8.4
1986,1986_nba_finals_rockets_vs_celtics,HOU,Ralph Sampson,6,8.0,16.2,5,-8.2
1986,1986_nba_finals_rockets_vs_celtics,HOU,Allen Leavell,6,7.0,5.4,5,1.6
1986,1986_nba_finals_rockets_vs_celtics,HOU,Craig Ehlo,6,6.0,2.0,3,4.0
1986,1986_nba_finals_rockets_vs_celtics,HOU,Steve Harris,6,6.0,2.0,3,4.0
1986,1986_nba_finals_rockets_vs_celtics,HOU,Hank McDowell,6,4.0,1.0,4,3.0
1986,1986_nba_finals_rockets_vs_celtics,HOU,Mitchell Wiggins,6,4.0,9.2,5,-5.2
1986,1986_nba_finals_rockets_vs_celtics,BOS,Rick Carlisle,6,4.0,1.0,2,3.0
1986,1986_nba_finals_rockets_vs_celtics,HOU,Jim Petersen,6,3.0,5.6,5,-2.6
1986,1986_nba_finals_rockets_vs_celtics,BOS,Greg Kite,6,2.0,0.8,5,1.2
1986,1986_nba_finals_rockets_vs_celtics,BOS,David Thirdkill,6,0.0,0.75,4,-0.75
1986,1986_nba_finals_rockets_vs_celtics,HOU,Granville Waiters,6,0.0,1.333,3,-1.333
1986,1986_nba_finals_rockets_vs_celtics,BOS,Jerry Sichting,6,0.0,3.6,5,-3.6
1986,1986_nba_finals_rockets_vs_celtics,BOS,Sam Vincent,6,0.0,1.333,3,-1.333
1986,1986_nba_finals_rockets_vs_celtics,BOS,Scott Wedman,6,0.0,0.0,0,0.0
1985,1985_nba_finals_lakers_vs_celtics,BOS,Kevin McHale,6,32.0,24.8,5,7.2
1985,1985_nba_finals_lakers_vs_celtics,LAL,Kareem Abdul-Jabbar,6,29.0,25.0,5,4.0
1985,1985_nba_finals_lakers_vs_celtics,LAL,James Worthy,6,28.0,22.8,5,5.2
1985,1985_nba_finals_lakers_vs_celtics,BOS,Larry Bird,6,28.0,23.0,5,5.0
1985,1985_nba_finals_lakers_vs_celtics,LAL,Byron Scott,6,14.0,10.6,5,3.4
1985,1985_nba_finals_lakers_vs_celtics,LAL,Magic Johnson,6,14.0,19.2,5,-5.2
1985,1985_nba_finals_lakers_vs_celtics,BOS,Robert Parish,6,14.0,17.8,5,-3.8
1985,1985_nba_finals_lakers_vs_celtics,BOS,Dennis Johnson,6,11.0,17.0,5,-6.0
1985,1985_nba_finals_lakers_vs_celtics,LAL,Kurt Rambis,6,9.0,7.2,5,1.8
1985,1985_nba_finals_lakers_vs_celtics,LAL,Michael Cooper,6,9.0,10.4,5,-1.4
1985,1985_nba_finals_lakers_vs_celtics,BOS,Scott Wedman,6,7.0,9.8,5,-2.8
1985,1985_nba_finals_lakers_vs_celtics,BOS,Danny Ainge,6,6.0,12.0,5,-6.0
1985,1985_nba_finals_lakers_vs_celtics,LAL,Mitch Kupchak,6,6.0,5.0,5,1.0
1985,1985_nba_finals_lakers_vs_celtics,LAL,Bob McAdoo,6,2.0,9.4,5,-7.4
1985,1985_nba_finals_lakers_vs_celtics,BOS,Greg Kite,6,2.0,1.75,4,0.25
1985,1985_nba_finals_lakers_vs_celtics,BOS,Carlos Clark,3,0.0,2.0,2,0.0
1985,1985_nba_finals_lakers_vs_celtics,BOS,Cedric Maxwell,5,0.0,2.6,5,0.0
1985,1985_nba_finals_lakers_vs_celtics,LAL,Chuck Nevitt,3,0.0,1.0,1,0.0
1985,1985_nba_finals_lakers_vs_celtics,LAL,Larry Spriggs,4,0.0,3.5,4,0.0
1985,1985_nba_finals_lakers_vs_celtics,BOS,M.L. Carr,4,0.0,2.333,3,0.0
1985,1985_nba_finals_lakers_vs_celtics,LAL,Mike McGee,6,0.0,6.333,3,-6.333
1985,1985_nba_finals_lakers_vs_celtics,BOS,Quinn Buckner,4,0.0,3.0,4,0.0
1985,1985_nba_finals_lakers_vs_celtics,BOS,Ray Williams,4,0.0,3.5,4,0.0
1985,1985_nba_finals_lakers_vs_celtics,LAL,Ronnie Lester,3,0.0,1.0,2,0.0
1984,1984_nba_finals_lakers_vs_celtics,LAL,Kareem Abdul-Jabbar,7,29.0,26.167,6,2.833
1984,1984_nba_finals_lakers_vs_celtics,BOS,Cedric Maxwell,7,24.0,11.167,6,12.833
1984,1984_nba_finals_lakers_vs_celtics,BOS,Dennis Johnson,7,22.0,16.833,6,5.167
1984,1984_nba_finals_lakers_vs_celtics,LAL,James Worthy,7,21.0,22.333,6,-1.333
1984,1984_nba_finals_lakers_vs_celtics,BOS,Larry Bird,7,20.0,28.667,6,-8.667
1984,1984_nba_finals_lakers_vs_celtics,LAL,Magic Johnson,7,16.0,18.333,6,-2.333
1984,1984_nba_finals_lakers_vs_celtics,LAL,Michael Cooper,7,16.0,13.0,6,3.0
1984,1984_nba_finals_lakers_vs_celtics,BOS,Robert Parish,7,14.0,15.667,6,-1.667
1984,1984_nba_finals_lakers_vs_celtics,BOS,Danny Ainge,7,10.0,5.333,6,4.667
1984,1984_nba_finals_lakers_vs_celtics,BOS,Kevin McHale,7,10.0,14.0,6,-4.0
1984,1984_nba_finals_lakers_vs_celtics,BOS,Gerald Henderson,7,9.0,12.833,6,-3.833
1984,1984_nba_finals_lakers_vs_celtics,LAL,Kurt Rambis,7,7.0,7.167,6,-0.167
1984,1984_nba_finals_lakers_vs_celtics,LAL,Mitch Kupchak,7,5.0,1.0,2,4.0
1984,1984_nba_finals_lakers_vs_celtics,LAL,Byron Scott,7,4.0,6.333,6,-2.333
1984,1984_nba_finals_lakers_vs_celtics,LAL,Jamaal Wilkes,7,4.0,4.667,6,-0.667
1984,1984_nba_finals_lakers_vs_celtics,BOS,Quinn Buckner,7,2.0,2.0,6,0.0
1984,1984_nba_finals_lakers_vs_celtics,LAL,Bob McAdoo,6,0.0,12.5,6,0.0
1984,1984_nba_finals_lakers_vs_celtics,BOS,Carlos Clark,7,0.0,2.0,2,-2.0
1984,1984_nba_finals_lakers_vs_celtics,BOS,Greg Kite,6,0.0,0.5,4,0.0
1984,1984_nba_finals_lakers_vs_celtics,LAL,Larry Spriggs,5,0.0,2.0,2,0.0
1984,1984_nba_finals_lakers_vs_celtics,BOS,M.L. Carr,7,0.0,4.333,3,-4.333
1984,1984_nba_finals_lakers_vs_celtics,LAL,Mike McGee,6,0.0,7.667,3,0.0
1984,1984_nba_finals_lakers_vs_celtics,BOS,Scott Wedman,4,0.0,9.25,4,0.0
1984,1984_nba_finals_lakers_vs_celtics,LAL,Swen Nater,7,0.0,4.667,6,-4.667
1983,1983_nba_finals_lakers_vs_76ers,LAL,Kareem Abdul-Jabbar,4,28.0,22.0,3,6.0
1983,1983_nba_finals_lakers_vs_76ers,LAL,Magic Johnson,4,27.0,16.333,3,10.667
1983,1983_nba_finals_lakers_vs_76ers,PHI,Moses Malone,4,24.0,26.333,3,-2.333
1983,1983_nba_finals_lakers_vs_76ers,PHI,Andrew Toney,4,23.0,21.667,3,1.333
1983,1983_nba_finals_lakers_vs_76ers,LAL,Jamaal Wilkes,4,21.0,17.667,3,3.333
1983,1983_nba_finals_lakers_vs_76ers,PHI,Julius Erving,4,21.0,18.333,3,2.667
1983,1983_nba_finals_lakers_vs_76ers,PHI,Maurice Cheeks,4,20.0,13.667,3,6.333
1983,1983_nba_finals_lakers_vs_76ers,PHI,Bobby Jones,4,13.0,11.667,3,1.333
1983,1983_nba_finals_lakers_vs_76ers,LAL,Michael Cooper,4,13.0,9.0,3,4.0
1983,1983_nba_finals_lakers_vs_76ers,LAL,Kurt Rambis,4,7.0,8.0,3,-1.0
1983,1983_nba_finals_lakers_vs_76ers,PHI,Clint Richardson,4,6.0,6.333,3,-0.333
1983,1983_nba_finals_lakers_vs_76ers,LAL,Mike McGee,4,6.0,0.0,2,6.0
1983,1983_nba_finals_lakers_vs_76ers,PHI,Clemon Johnson,4,4.0,3.0,2,1.0
1983,1983_nba_finals_lakers_vs_76ers,PHI,Marc Iavaroni,4,4.0,6.333,3,-2.333
1983,1983_nba_finals_lakers_vs_76ers,LAL,Mark Landsberger,4,4.0,2.0,3,2.0
1983,1983_nba_finals_lakers_vs_76ers,LAL,Dwight Jones,4,2.0,0.0,1,2.0
1983,1983_nba_finals_lakers_vs_76ers,LAL,Bob McAdoo,3,0.0,11.0,2,0.0
1983,1983_nba_finals_lakers_vs_76ers,LAL,Clay Johnson,3,0.0,2.0,3,0.0
1983,1983_nba_finals_lakers_vs_76ers,PHI,Earl Cureton,3,0.0,1.0,2,0.0
1983,1983_nba_finals_lakers_vs_76ers,PHI,Franklin Edwards,3,0.0,0.667,3,0.0
1983,1983_nba_finals_lakers_vs_76ers,PHI,Mark McNamara,3,0.0,4.0,1,0.0
1983,1983_nba_finals_lakers_vs_76ers,LAL,Norm Nixon,3,0.0,13.667,3,0.0
1983,1983_nba_finals_lakers_vs_76ers,PHI,Reggie Johnson,1,0.0,0.0,1,0.0
1983,1983_nba_finals_lakers_vs_76ers,LAL,Steve Mix,1,0.0,0.0,1,0.0
1982,1982_nba_finals_lakers_vs_76ers,PHI,Julius Erving,6,30.0,24.0,5,6.0
1982,1982_nba_finals_lakers_vs_76ers,PHI,Andrew Toney,6,29.0,25.4,5,3.6
1982,1982_nba_finals_lakers_vs_76ers,LAL,Jamaal Wilkes,6,27.0,18.2,5,8.8
1982,1982_nba_finals_lakers_vs_76ers,LAL,Kareem Abdul-Jabbar,6,18.0,18.0,5,0.0
1982,1982_nba_finals_lakers_vs_76ers,LAL,Bob McAdoo,6,16.0,16.4,5,-0.4
1982,1982_nba_finals_lakers_vs_76ers,LAL,Michael Cooper,6,16.0,12.8,5,3.2
1982,1982_nba_finals_lakers_vs_76ers,LAL,Norm Nixon,6,16.0,18.0,5,-2.0
1982,1982_nba_finals_lakers_vs_76ers,PHI,Maurice Cheeks,6,15.0,14.6,5,0.4
1982,1982_nba_finals_lakers_vs_76ers,LAL,Magic Johnson,6,13.0,16.8,5,-3.8
1982,1982_nba_finals_lakers_vs_76ers,PHI,Darryl Dawkins,6,10.0,12.6,5,-2.6
1982,1982_nba_finals_lakers_vs_76ers,LAL,Kurt Rambis,6,8.0,7.8,5,0.2
1982,1982_nba_finals_lakers_vs_76ers,PHI,Bobby Jones,6,7.0,12.4,5,-5.4
1982,1982_nba_finals_lakers_vs_76ers,PHI,Mike Bantom,6,6.0,5.2,5,0.8
1982,1982_nba_finals_lakers_vs_76ers,PHI,Clint Richardson,6,5.0,6.4,5,-1.4
1982,1982_nba_finals_lakers_vs_76ers,PHI,Caldwell Jones,6,2.0,6.8,5,-4.8
1982,1982_nba_finals_lakers_vs_76ers,LAL,Clay Johnson,5,0.0,0.667,3,0.0
1982,1982_nba_finals_lakers_vs_76ers,PHI,Earl Cureton,3,0.0,2.667,3,0.0
1982,1982_nba_finals_lakers_vs_76ers,LAL,Eddie Jordan,5,0.0,0.0,2,0.0
1982,1982_nba_finals_lakers_vs_76ers,PHI,Franklin Edwards,5,0.0,6.0,1,0.0
1982,1982_nba_finals_lakers_vs_76ers,LAL,Jim Brewer,5,0.0,2.0,2,0.0
1982,1982_nba_finals_lakers_vs_76ers,PHI,Lionel Hollins,5,0.0,3.333,3,0.0
1982,1982_nba_finals_lakers_vs_76ers,LAL,Mark Landsberger,6,0.0,1.333,3,-1.333
1982,1982_nba_finals_lakers_vs_76ers,LAL,Mike McGee,5,0.0,5.0,2,0.0
1982,1982_nba_finals_lakers_vs_76ers,PHI,Steve Mix,5,0.0,3.333,3,0.0
1981,1981_nba_finals_rockets_vs_celtics,BOS,Larry Bird,6,27.0,13.0,5,14.0
1981,1981_nba_finals_rockets_vs_celtics,HOU,Robert Reid,6,27.0,12.2,5,14.8
1981,1981_nba_finals_rockets_vs_celtics,HOU,Moses Malone,6,23.0,22.2,5,0.8
1981,1981_nba_finals_rockets_vs_celtics,BOS,Cedric Maxwell,6,19.0,17.4,5,1.6
1981,1981_nba_finals_rockets_vs_celtics,BOS,Robert Parish,6,18.0,14.4,5,3.6
1981,1981_nba_finals_rockets_vs_celtics,HOU,Billy Paultz,6,14.0,10.6,5,3.4
1981,1981_nba_finals_rockets_vs_celtics,BOS,Tiny Archibald,6,13.0,9.8,5,3.2
1981,1981_nba_finals_rockets_vs_celtics,BOS,Chris Ford,6,11.0,10.4,5,0.6
1981,1981_nba_finals_rockets_vs_celtics,HOU,Calvin Garrett,6,8.0,1.333,3,6.667
1981,1981_nba_finals_rockets_vs_celtics,HOU,Tom Henderson,6,8.0,6.4,5,1.6
1981,1981_nba_finals_rockets_vs_celtics,BOS,M.L. Carr,6,6.0,6.8,5,-0.8
1981,1981_nba_finals_rockets_vs_celtics,HOU,Mike Dunleavy,6,6.0,10.6,5,-4.6
1981,1981_nba_finals_rockets_vs_celtics,BOS,Rick Robey,6,6.0,8.2,5,-2.2
1981,1981_nba_finals_rockets_vs_celtics,HOU,Bill Willoughby,6,5.0,8.0,5,-3.0
1981,1981_nba_finals_rockets_vs_celtics,BOS,Kevin McHale,6,2.0,5.2,5,-3.2
1981,1981_nba_finals_rockets_vs_celtics,HOU,Allen Leavell,6,0.0,6.25,4,-6.25
1981,1981_nba_finals_rockets_vs_celtics,HOU,Calvin Murphy,5,0.0,9.75,4,0.0
1981,1981_nba_finals_rockets_vs_celtics,BOS,Eric Fernsten,6,0.0,0.667,3,-0.667
1981,1981_nba_finals_rockets_vs_celtics,BOS,Gerald Henderson,6,0.0,8.6,5,-8.6
1981,1981_nba_finals_rockets_vs_celtics,HOU,Major Jones,6,0.0,4.5,2,-4.5
1981,1981_nba_finals_rockets_vs_celtics,HOU,Rudy Tomjanovich,5,0.0,0.667,3,0.0
1981,1981_nba_finals_rockets_vs_celtics,BOS,Terry Duerod,6,0.0,2.0,3,-2.0
1980,1980_nba_finals_76ers_vs_lakers,LAL,Magic Johnson,6,42.0,17.4,5,24.6
1980,1980_nba_finals_76ers_vs_lakers,LAL,Jamaal Wilkes,6,37.0,18.2,5,18.8
1980,1980_nba_finals_76ers_vs_lakers,PHI,Julius Erving,6,27.0,25.2,5,1.8
1980,1980_nba_finals_76ers_vs_lakers,PHI,Steve Mix,6,18.0,4.5,4,13.5
1980,1980_nba_finals_76ers_vs_lakers,LAL,Michael Cooper,6,16.0,7.4,5,8.6
1980,1980_nba_finals_76ers_vs_lakers,PHI,Darryl Dawkins,6,14.0,21.4,5,-7.4
1980,1980_nba_finals_76ers_vs_lakers,PHI,Lionel Hollins,6,13.0,12.8,5,0.2
1980,1980_nba_finals_76ers_vs_lakers,PHI,Maurice Cheeks,6,13.0,15.0,5,-2.0
1980,1980_nba_finals_76ers_vs_lakers,LAL,Jim Chones,6,11.0,7.8,5,3.2
1980,1980_nba_finals_76ers_vs_lakers,PHI,Bobby Jones,6,8.0,11.6,5,-3.6
1980,1980_nba_finals_76ers_vs_lakers,LAL,Brad Holland,6,8.0,1.0,2,7.0
1980,1980_nba_finals_76ers_vs_lakers,PHI,Henry Bibby,6,8.0,4.4,5,3.6
1980,1980_nba_finals_76ers_vs_lakers,PHI,Caldwell Jones,6,6.0,9.6,5,-3.6
1980,1980_nba_finals_76ers_vs_lakers,LAL,Mark Landsberger,6,5.0,4.0,5,1.0
1980,1980_nba_finals_76ers_vs_lakers,LAL,Norm Nixon,6,4.0,17.8,5,-13.8
1980,1980_nba_finals_76ers_vs_lakers,PHI,Bernard Toone,6,0.0,0.0,0,0.0
1980,1980_nba_finals_76ers_vs_lakers,PHI,Clint Richardson,6,0.0,0.0,0,0.0
1980,1980_nba_finals_76ers_vs_lakers,PHI,Jim Spanarkel,6,0.0,0.0,0,0.0
1980,1980_nba_finals_76ers_vs_lakers,LAL,Kareem Abdul-Jabbar,5,0.0,33.4,5,0.0
1980,1980_nba_finals_76ers_vs_lakers,LAL,Marty Byrnes,6,0.0,0.0,0,0.0
1980,1980_nba_finals_76ers_vs_lakers,LAL,Spencer Haywood,2,0.0,1.0,2,0.0
1979,1979_nba_finals_supersonics_vs_bullets,WSB,Elvin Hayes,5,29.0,17.75,4,11.25
1979,1979_nba_finals_supersonics_vs_bullets,SEA,Gus Williams,5,23.0,30.5,4,-7.5
1979,1979_nba_finals_supersonics_vs_bullets,WSB,Bob Dandridge,5,21.0,22.0,4,-1.0
1979,1979_nba_finals_supersonics_vs_bullets,SEA,Dennis Johnson,5,21.0,23.0,4,-2.0
1979,1979_nba_finals_supersonics_vs_bullets,SEA,Fred Brown,5,14.0,8.0,4,6.0
1979,1979_nba_finals_supersonics_vs_bullets,WSB,Larry Wright,5,14.0,10.5,4,3.5
1979,1979_nba_finals_supersonics_vs_bullets,SEA,Lonnie Shelton,5,14.0,7.75,4,6.25
1979,1979_nba_finals_supersonics_vs_bullets,SEA,Jack Sikma,5,12.0,16.75,4,-4.75
1979,1979_nba_finals_supersonics_vs_bullets,SEA,John Johnson,5,11.0,11.75,4,-0.75
1979,1979_nba_finals_supersonics_vs_bullets,WSB,Greg Ballard,5,10.0,7.0,4,3.0
1979,1979_nba_finals_supersonics_vs_bullets,WSB,Charles Johnson,5,8.0,7.0,4,1.0
1979,1979_nba_finals_supersonics_vs_bullets,WSB,Wes Unseld,5,6.0,12.25,4,-6.25
1979,1979_nba_finals_supersonics_vs_bullets,WSB,Phil Chenier,5,3.0,1.0,2,2.0
1979,1979_nba_finals_supersonics_vs_bullets,WSB,Kevin Grevey,5,2.0,12.25,4,-10.25
1979,1979_nba_finals_supersonics_vs_bullets,SEA,Paul Silas,5,2.0,3.5,4,-1.5
1979,1979_nba_finals_supersonics_vs_bullets,WSB,Dave Corzine,5,0.0,0.667,3,-0.667
1979,1979_nba_finals_supersonics_vs_bullets,SEA,Dennis Awtrey,5,0.0,0.667,3,-0.667
1979,1979_nba_finals_supersonics_vs_bullets,SEA,Joe Hassett,3,0.0,0.0,2,0.0
1979,1979_nba_finals_supersonics_vs_bullets,WSB,Tom Henderson,5,0.0,7.25,4,-7.25
1979,1979_nba_finals_supersonics_vs_bullets,SEA,Wally Walker,4,0.0,0.25,4,0.0
1978,1978_nba_finals_bullets_vs_supersonics,SEA,Marvin Webster,7,27.0,12.833,6,14.167
1978,1978_nba_finals_bullets_vs_supersonics,SEA,Fred Brown,7,21.0,18.833,6,2.167
1978,1978_nba_finals_bullets_vs_supersonics,SEA,Jack Sikma,7,21.0,12.5,6,8.5
1978,1978_nba_finals_bullets_vs_supersonics,WSB,Bob Dandridge,7,19.0,20.667,6,-1.667
1978,1978_nba_finals_bullets_vs_supersonics,WSB,Charles Johnson,7,19.0,9.333,6,9.667
1978,1978_nba_finals_bullets_vs_supersonics,WSB,Tom Henderson,7,15.0,12.5,6,2.5
1978,1978_nba_finals_bullets_vs_supersonics,WSB,Wes Unseld,7,15.0,8.0,6,7.0
1978,1978_nba_finals_bullets_vs_supersonics,WSB,Mitch Kupchak,7,13.0,10.333,6,2.667
1978,1978_nba_finals_bullets_vs_supersonics,WSB,Elvin Hayes,7,12.0,22.167,6,-10.167
1978,1978_nba_finals_bullets_vs_supersonics,SEA,Gus Williams,7,12.0,17.0,6,-5.0
1978,1978_nba_finals_bullets_vs_supersonics,SEA,John Johnson,7,10.0,7.333,6,2.667
1978,1978_nba_finals_bullets_vs_supersonics,WSB,Kevin Grevey,7,6.0,14.167,6,-8.167
1978,1978_nba_finals_bullets_vs_supersonics,SEA,Dennis Johnson,7,4.0,18.667,6,-14.667
1978,1978_nba_finals_bullets_vs_supersonics,WSB,Greg Ballard,7,4.0,3.6,5,0.4
1978,1978_nba_finals_bullets_vs_supersonics,SEA,Paul Silas,7,4.0,6.0,6,-2.0
1978,1978_nba_finals_bullets_vs_supersonics,WSB,Larry Wright,7,2.0,3.833,6,-1.833
1978,1978_nba_finals_bullets_vs_supersonics,SEA,Al Fleming,6,0.0,2.0,1,0.0
1978,1978_nba_finals_bullets_vs_supersonics,SEA,Bruce Seals,7,0.0,4.0,2,-4.0
1978,1978_nba_finals_bullets_vs_supersonics,SEA,Joe Hassett,6,0.0,4.0,1,0.0
1978,1978_nba_finals_bullets_vs_supersonics,WSB,Joe Pace,6,0.0,3.5,2,0.0
1978,1978_nba_finals_bullets_vs_supersonics,WSB,Phil Walker,6,0.0,0.0,1,0.0
1978,1978_nba_finals_bullets_vs_supersonics,SEA,Wally Walker,6,0.0,3.333,6,0.0
1977,1977_nba_finals_trail_blazers_vs_76ers,PHI,Julius Erving,6,40.0,28.4,5,11.6
1977,1977_nba_finals_trail_blazers_vs_76ers,PHI,George McGinnis,6,28.0,10.0,5,18.0
1977,1977_nba_finals_trail_blazers_vs_76ers,POR,Bob Gross,6,24.0,16.0,5,8.0
1977,1977_nba_finals_trail_blazers_vs_76ers,POR,Bill Walton,6,20.0,18.2,5,1.8
1977,1977_nba_finals_trail_blazers_vs_76ers,POR,Lionel Hollins,6,20.0,15.2,5,4.8
1977,1977_nba_finals_trail_blazers_vs_76ers,POR,Maurice Lucas,6,15.0,20.6,5,-5.6
1977,1977_nba_finals_trail_blazers_vs_76ers,POR,Johnny Davis,6,13.0,10.2,5,2.8
1977,1977_nba_finals_trail_blazers_vs_76ers,PHI,Caldwell Jones,6,10.0,5.0,5,5.0
1977,1977_nba_finals_trail_blazers_vs_76ers,PHI,World B. Free,6,9.0,6.75,4,2.25
1977,1977_nba_finals_trail_blazers_vs_76ers,POR,Dave Twardzik,6,7.0,6.6,5,0.4
1977,1977_nba_finals_trail_blazers_vs_76ers,POR,Corky Calhoun,6,6.0,3.2,5,2.8
1977,1977_nba_finals_trail_blazers_vs_76ers,PHI,Doug Collins,6,6.0,22.4,5,-16.4
1977,1977_nba_finals_trail_blazers_vs_76ers,PHI,Henry Bibby,6,6.0,11.0,5,-5.0
1977,1977_nba_finals_trail_blazers_vs_76ers,PHI,Darryl Dawkins,6,4.0,7.6,5,-3.6
1977,1977_nba_finals_trail_blazers_vs_76ers,POR,Lloyd Neal,6,4.0,7.2,5,-3.2
1977,1977_nba_finals_trail_blazers_vs_76ers,PHI,Joe Bryant,6,2.0,3.4,5,-1.4
1977,1977_nba_finals_trail_blazers_vs_76ers,PHI,Steve Mix,6,2.0,7.4,5,-5.4
1977,1977_nba_finals_trail_blazers_vs_76ers,PHI,Harvey Catchings,6,0.0,0.0,1,0.0
1977,1977_nba_finals_trail_blazers_vs_76ers,POR,Herm Gilliam,5,0.0,5.4,5,0.0
1977,1977_nba_finals_trail_blazers_vs_76ers,POR,Larry Steele,5,0.0,3.8,5,0.0
1977,1977_nba_finals_trail_blazers_vs_76ers,PHI,Mike Dunleavy,6,0.0,1.2,5,-1.2
1977,1977_nba_finals_trail_blazers_vs_76ers,POR,Robin Jones,6,0.0,1.6,5,-1.6
1977,1977_nba_finals_trail_blazers_vs_76ers,PHI,Terry Furlow,4,0.0,4.667,3,0.0
1977,1977_nba_finals_trail_blazers_vs_76ers,POR,Wally Walker,4,0.0,6.333,3,0.0
1976,1976_nba_finals_suns_vs_celtics,BOS,Charlie Scott,6,25.0,12.4,5,12.6
1976,1976_nba_finals_suns_vs_celtics,BOS,Dave Cowens,6,21.0,20.4,5,0.6
1976,1976_nba_finals_suns_vs_celtics,PHO,Alvan Adams,6,20.0,23.6,5,-3.6
1976,1976_nba_finals_suns_vs_celtics,PHO,Ricky Sobers,6,19.0,13.2,5,5.8
1976,1976_nba_finals_suns_vs_celtics,BOS,Jo Jo White,6,15.0,23.0,5,-8.0
1976,1976_nba_finals_suns_vs_celtics,PHO,Paul Westphal,6,14.0,22.2,5,-8.2
1976,1976_nba_finals_suns_vs_celtics,PHO,Gar Heard,6,11.0,14.0,5,-3.0
1976,1976_nba_finals_suns_vs_celtics,BOS,John Havlicek,6,10.0,16.6,5,-6.6
1976,1976_nba_finals_suns_vs_celtics,BOS,Paul Silas,6,10.0,13.4,5,-3.4
1976,1976_nba_finals_suns_vs_celtics,PHO,Curtis Perry,6,8.0,14.2,5,-6.2
1976,1976_nba_finals_suns_vs_celtics,PHO,Dick Van Arsdale,6,4.0,7.2,5,-3.2
1976,1976_nba_finals_suns_vs_celtics,BOS,Steve Kuberski,6,4.0,5.8,5,-1.8
1976,1976_nba_finals_suns_vs_celtics,PHO,Dennis Awtrey,6,2.0,2.4,5,-0.4
1976,1976_nba_finals_suns_vs_celtics,BOS,Glenn McDonald,6,2.0,3.75,4,-1.75
1976,1976_nba_finals_suns_vs_celtics,PHO,Keith Erickson,6,2.0,4.0,5,-2.0
1976,1976_nba_finals_suns_vs_celtics,BOS,Don Nelson,6,0.0,5.2,5,-5.2
1976,1976_nba_finals_suns_vs_celtics,BOS,Jerome Anderson,2,0.0,2.0,1,0.0
1976,1976_nba_finals_suns_vs_celtics,BOS,Jim Ard,6,0.0,6.0,4,-6.0
1976,1976_nba_finals_suns_vs_celtics,BOS,Kevin Stacom,5,0.0,1.8,5,0.0
1976,1976_nba_finals_suns_vs_celtics,PHO,Nate Hawthorne,6,0.0,2.75,4,-2.75
1976,1976_nba_finals_suns_vs_celtics,PHO,Pat Riley,2,0.0,0.0,1,0.0
1976,1976_nba_finals_suns_vs_celtics,PHO,Phil Lumpkin,5,0.0,0.5,4,0.0
1976,1976_nba_finals_suns_vs_celtics,BOS,Tom Boswell,2,0.0,2.0,1,0.0
1975,1975_nba_finals_warriors_vs_bullets,WSB,Phil Chenier,4,26.0,22.0,3,4.0
1975,1975_nba_finals_warriors_vs_bullets,GSW,Rick Barry,4,20.0,32.667,3,-12.667
1975,1975_nba_finals_warriors_vs_bullets,WSB,Kevin Porter,4,19.0,14.333,3,4.667
1975,1975_nba_finals_warriors_vs_bullets,WSB,Wes Unseld,4,19.0,10.0,3,9.0
1975,1975_nba_finals_warriors_vs_bullets,GSW,Butch Beard,4,16.0,4.333,3,11.667
1975,1975_nba_finals_warriors_vs_bullets,WSB,Elvin Hayes,4,15.0,22.667,3,-7.667
1975,1975_nba_finals_warriors_vs_bullets,GSW,Clifford Ray,4,12.0,5.333,3,6.667
1975,1975_nba_finals_warriors_vs_bullets,GSW,Jamaal Wilkes,4,12.0,11.333,3,0.667
1975,1975_nba_finals_warriors_vs_bullets,GSW,Derrek Dickey,4,8.0,9.0,3,-1.0
1975,1975_nba_finals_warriors_vs_bullets,GSW,George Johnson,4,8.0,6.0,3,2.0
1975,1975_nba_finals_warriors_vs_bullets,GSW,Jeff Mullins,4,8.0,8.0,3,0.0
1975,1975_nba_finals_warriors_vs_bullets,WSB,Mike Riordan,4,8.0,9.0,3,-1.0
1975,1975_nba_finals_warriors_vs_bullets,GSW,Phil Smith,4,6.0,12.333,3,-6.333
1975,1975_nba_finals_warriors_vs_bullets,GSW,Charles Johnson,4,4.0,8.667,3,-4.667
1975,1975_nba_finals_warriors_vs_bullets,WSB,Nick Weatherspoon,4,4.0,4.0,3,0.0
1975,1975_nba_finals_warriors_vs_bullets,WSB,Tom Kozelko,4,4.0,0.0,2,4.0
1975,1975_nba_finals_warriors_vs_bullets,GSW,Bill Bridges,4,2.0,0.667,3,1.333
1975,1975_nba_finals_warriors_vs_bullets,GSW,Charles Dudley,4,0.0,2.333,3,-2.333
1975,1975_nba_finals_warriors_vs_bullets,WSB,Clem Haskins,4,0.0,6.333,3,-6.333
1975,1975_nba_finals_warriors_vs_bullets,WSB,Dennis DuVal,3,0.0,2.0,1,0.0
1975,1975_nba_finals_warriors_vs_bullets,WSB,Dick Gibbs,4,0.0,4.0,1,-4.0
1975,1975_nba_finals_warriors_vs_bullets,GSW,Steve Bracey,3,0.0,0.0,1,0.0
1975,1975_nba_finals_warriors_vs_bullets,WSB,Truck Robinson,4,0.0,5.333,3,-5.333
1974,1974_nba_finals_celtics_vs_bucks,BOS,Dave Cowens,7,28.0,21.833,6,6.167
1974,1974_nba_finals_celtics_vs_bucks,MIL,Kareem Abdul-Jabbar,7,26.0,33.667,6,-7.667
1974,1974_nba_finals_celtics_vs_bucks,BOS,Jo Jo White,7,16.0,16.667,6,-0.667
1974,1974_nba_finals_celtics_vs_bucks,BOS,John Havlicek,7,16.0,28.167,6,-12.167
1974,1974_nba_finals_celtics_vs_bucks,MIL,Mickey Davis,7,15.0,10.667,6,4.333
1974,1974_nba_finals_celtics_vs_bucks,MIL,Bob Dandridge,7,14.0,17.167,6,-3.167
1974,1974_nba_finals_celtics_vs_bucks,BOS,Paul Silas,7,14.0,5.5,6,8.5
1974,1974_nba_finals_celtics_vs_bucks,MIL,Jon McGlocklin,7,13.0,4.75,4,8.25
1974,1974_nba_finals_celtics_vs_bucks,BOS,Paul Westphal,7,12.0,3.667,6,8.333
1974,1974_nba_finals_celtics_vs_bucks,MIL,Curtis Perry,7,6.0,5.833,6,0.167
1974,1974_nba_finals_celtics_vs_bucks,BOS,Don Chaney,7,6.0,12.0,6,-6.0
1974,1974_nba_finals_celtics_vs_bucks,BOS,Don Nelson,7,6.0,5.167,6,0.833
1974,1974_nba_finals_celtics_vs_bucks,MIL,Oscar Robertson,7,6.0,13.167,6,-7.167
1974,1974_nba_finals_celtics_vs_bucks,MIL,Ron Williams,7,4.0,2.8,5,1.2
1974,1974_nba_finals_celtics_vs_bucks,BOS,Art Williams,7,2.0,0.0,3,2.0
1974,1974_nba_finals_celtics_vs_bucks,BOS,Phil Hankinson,7,2.0,0.0,0,0.0
1974,1974_nba_finals_celtics_vs_bucks,MIL,Terry Driscoll,7,2.0,1.0,2,1.0
1974,1974_nba_finals_celtics_vs_bucks,MIL,Cornell Warner,7,1.0,5.167,6,-4.167
1974,1974_nba_finals_celtics_vs_bucks,MIL,Dick Garrett,7,0.0,0.667,3,-0.667
1974,1974_nba_finals_celtics_vs_bucks,BOS,Hank Finkel,7,0.0,2.833,6,-2.833
1974,1974_nba_finals_celtics_vs_bucks,MIL,Russ Lee,7,0.0,2.0,3,-2.0
1974,1974_nba_finals_celtics_vs_bucks,BOS,Steve Kuberski,7,0.0,0.0,0,0.0
1973,1973_nba_finals_knicks_vs_lakers,LAL,Gail Goodrich,5,28.0,20.25,4,7.75
1973,1973_nba_finals_knicks_vs_lakers,NYK,Earl Monroe,5,23.0,14.25,4,8.75
1973,1973_nba_finals_knicks_vs_lakers,LAL,Wilt Chamberlain,5,23.0,8.75,4,14.25
1973,1973_nba_finals_knicks_vs_lakers,NYK,Bill Bradley,5,20.0,18.25,4,1.75
1973,1973_nba_finals_knicks_vs_lakers,LAL,Jim McMillian,5,19.0,22.25,4,-3.25
1973,1973_nba_finals_knicks_vs_lakers,NYK,Walt Frazier,5,18.0,16.25,4,1.75
1973,1973_nba_finals_knicks_vs_lakers,NYK,Willis Reed,5,18.0,16.0,4,2.0
1973,1973_nba_finals_knicks_vs_lakers,LAL,Jerry West,5,12.0,23.75,4,-11.75
1973,1973_nba_finals_knicks_vs_lakers,NYK,Jerry Lucas,5,10.0,7.0,4,3.0
1973,1973_nba_finals_knicks_vs_lakers,LAL,Bill Bridges,5,9.0,9.0,4,0.0
1973,1973_nba_finals_knicks_vs_lakers,NYK,Phil Jackson,5,6.0,9.0,4,-3.0
1973,1973_nba_finals_knicks_vs_lakers,NYK,Dean Meminger,5,5.0,0.0,4,5.0
1973,1973_nba_finals_knicks_vs_lakers,NYK,Dave DeBusschere,5,2.0,19.0,4,-17.0
1973,1973_nba_finals_knicks_vs_lakers,LAL,Keith Erickson,5,2.0,7.5,4,-5.5
1973,1973_nba_finals_knicks_vs_lakers,NYK,Dick Barnett,3,0.0,2.0,1,0.0
1973,1973_nba_finals_knicks_vs_lakers,LAL,Happy Hairston,5,0.0,6.0,1,-6.0
1973,1973_nba_finals_knicks_vs_lakers,NYK,John Gianelli,3,0.0,0.0,2,0.0
1973,1973_nba_finals_knicks_vs_lakers,LAL,Mel Counts,5,0.0,4.75,4,-4.75
1973,1973_nba_finals_knicks_vs_lakers,LAL,Pat Riley,5,0.0,0.0,0,0.0
1972,1972_nba_finals_knicks_vs_lakers,NYK,Walt Frazier,5,31.0,21.0,4,10.0
1972,1972_nba_finals_knicks_vs_lakers,LAL,Gail Goodrich,5,25.0,25.75,4,-0.75
1972,1972_nba_finals_knicks_vs_lakers,LAL,Wilt Chamberlain,5,24.0,18.25,4,5.75
1972,1972_nba_finals_knicks_vs_lakers,LAL,Jerry West,5,23.0,19.0,4,4.0
1972,1972_nba_finals_knicks_vs_lakers,LAL,Jim McMillian,5,20.0,16.0,4,4.0
1972,1972_nba_finals_knicks_vs_lakers,NYK,Earl Monroe,5,16.0,4.5,4,11.5
1972,1972_nba_finals_knicks_vs_lakers,NYK,Jerry Lucas,5,14.0,22.5,4,-8.5
1972,1972_nba_finals_knicks_vs_lakers,NYK,Dave DeBusschere,5,13.0,9.75,4,3.25
1972,1972_nba_finals_knicks_vs_lakers,LAL,Happy Hairston,5,13.0,14.5,4,-1.5
1972,1972_nba_finals_knicks_vs_lakers,NYK,Bill Bradley,5,12.0,21.5,4,-9.5
1972,1972_nba_finals_knicks_vs_lakers,NYK,Phil Jackson,5,10.0,11.75,4,-1.75
1972,1972_nba_finals_knicks_vs_lakers,LAL,Pat Riley,5,7.0,4.5,4,2.5
1972,1972_nba_finals_knicks_vs_lakers,NYK,Dean Meminger,5,4.0,3.75,4,0.25
1972,1972_nba_finals_knicks_vs_lakers,LAL,Jim Cleamons,5,2.0,2.0,1,0.0
1972,1972_nba_finals_knicks_vs_lakers,NYK,Charlie Paulk,5,0.0,0.0,2,0.0
1972,1972_nba_finals_knicks_vs_lakers,NYK,Dick Barnett,5,0.0,8.667,3,-8.667
1972,1972_nba_finals_knicks_vs_lakers,NYK,Eddie Mast,5,0.0,1.333,3,-1.333
1972,1972_nba_finals_knicks_vs_lakers,NYK,Eddie Miles,5,0.0,1.0,2,-1.0
1972,1972_nba_finals_knicks_vs_lakers,LAL,Flynn Robinson,5,0.0,7.0,1,-7.0
1972,1972_nba_finals_knicks_vs_lakers,LAL,John Trapp,5,0.0,2.5,2,-2.5
1972,1972_nba_finals_knicks_vs_lakers,LAL,Leroy Ellis,5,0.0,3.75,4,-3.75
1972,1972_nba_finals_knicks_vs_lakers,NYK,Luther Rackley,5,0.0,0.667,3,-0.667
1971,1971_nba_finals_bullets_vs_bucks,MIL,Oscar Robertson,4,30.0,21.333,3,8.667
1971,1971_nba_finals_bullets_vs_bucks,BAL,Fred Carter,4,28.0,11.0,3,17.0
1971,1971_nba_finals_bullets_vs_bucks,MIL,Kareem Abdul-Jabbar,4,27.0,27.0,3,0.0
1971,1971_nba_finals_bullets_vs_bucks,MIL,Bob Dandridge,4,21.0,20.0,3,1.0
1971,1971_nba_finals_bullets_vs_bucks,BAL,Kevin Loughery,4,18.0,9.0,3,9.0
1971,1971_nba_finals_bullets_vs_bucks,MIL,Greg Smith,4,14.0,8.667,3,5.333
1971,1971_nba_finals_bullets_vs_bucks,BAL,Earl Monroe,4,12.0,17.667,3,-5.667
1971,1971_nba_finals_bullets_vs_bucks,BAL,Jack Marin,4,12.0,20.333,3,-8.333
1971,1971_nba_finals_bullets_vs_bucks,MIL,Jon McGlocklin,4,12.0,10.333,3,1.667
1971,1971_nba_finals_bullets_vs_bucks,BAL,Gus Johnson,4,11.0,10.0,1,1.0
1971,1971_nba_finals_bullets_vs_bucks,BAL,Wes Unseld,4,11.0,16.333,3,-5.333
1971,1971_nba_finals_bullets_vs_bucks,BAL,John Tresvant,4,8.0,7.0,3,1.0
1971,1971_nba_finals_bullets_vs_bucks,BAL,Gary Zeller,4,6.0,2.0,3,4.0
1971,1971_nba_finals_bullets_vs_bucks,MIL,Bob Boozer,4,5.0,5.667,3,-0.667
1971,1971_nba_finals_bullets_vs_bucks,MIL,McCoy McLemore,4,5.0,0.0,2,5.0
1971,1971_nba_finals_bullets_vs_bucks,MIL,Lucius Allen,4,4.0,8.667,3,-4.667
1971,1971_nba_finals_bullets_vs_bucks,MIL,Bob Greacen,4,0.0,0.0,1,0.0
1971,1971_nba_finals_bullets_vs_bucks,MIL,Dick Cunningham,4,0.0,0.0,3,0.0
1971,1971_nba_finals_bullets_vs_bucks,BAL,Dorie Murrey,4,0.0,2.0,3,-2.0
1971,1971_nba_finals_bullets_vs_bucks,BAL,George Johnson,4,0.0,1.333,3,-1.333
1971,1971_nba_finals_bullets_vs_bucks,MIL,Jeff Webb,4,0.0,1.0,2,-1.0
1971,1971_nba_finals_bullets_vs_bucks,MIL,Marv Winkler,4,0.0,0.0,1,0.0
1970,1970_nba_finals_lakers_vs_knicks,NYK,Walt Frazier,7,36.0,14.5,6,21.5
1970,1970_nba_finals_lakers_vs_knicks,LAL,Jerry West,7,28.0,31.833,6,-3.833
1970,1970_nba_finals_lakers_vs_knicks,NYK,Dick Barnett,7,21.0,18.167,6,2.833
1970,1970_nba_finals_lakers_vs_knicks,LAL,Wilt Chamberlain,7,21.0,23.667,6,-2.667
1970,1970_nba_finals_lakers_vs_knicks,LAL,Elgin Baylor,7,19.0,17.667,6,1.333
1970,1970_nba_finals_lakers_vs_knicks,NYK,Dave DeBusschere,7,18.0,19.167,6,-1.167
1970,1970_nba_finals_lakers_vs_knicks,NYK,Bill Bradley,7,17.0,11.333,6,5.667
1970,1970_nba_finals_lakers_vs_knicks,LAL,Keith Erickson,7,14.0,11.167,6,2.833
1970,1970_nba_finals_lakers_vs_knicks,LAL,Dick Garrett,7,8.0,13.833,6,-5.833
1970,1970_nba_finals_lakers_vs_knicks,LAL,Happy Hairston,7,6.0,6.6,5,-0.6
1970,1970_nba_finals_lakers_vs_knicks,NYK,Nate Bowman,7,6.0,3.833,6,2.167
1970,1970_nba_finals_lakers_vs_knicks,NYK,Mike Riordan,7,5.0,4.167,6,0.833
1970,1970_nba_finals_lakers_vs_knicks,NYK,Dave Stallworth,7,4.0,7.5,6,-3.5
1970,1970_nba_finals_lakers_vs_knicks,NYK,Willis Reed,7,4.0,26.8,5,-22.8
1970,1970_nba_finals_lakers_vs_knicks,LAL,John Tresvant,7,3.0,5.0,3,-2.0
1970,1970_nba_finals_lakers_vs_knicks,NYK,Cazzie Russell,7,2.0,10.5,6,-8.5
1970,1970_nba_finals_lakers_vs_knicks,NYK,Bill Hosket,6,0.0,1.0,2,0.0
1970,1970_nba_finals_lakers_vs_knicks,NYK,John Warren,6,0.0,0.5,4,0.0
1970,1970_nba_finals_lakers_vs_knicks,LAL,Johnny Egan,7,0.0,4.167,6,-4.167
1970,1970_nba_finals_lakers_vs_knicks,LAL,Mel Counts,5,0.0,4.0,3,0.0
1970,1970_nba_finals_lakers_vs_knicks,LAL,Mike Lynn,6,0.0,0.0,1,0.0
1970,1970_nba_finals_lakers_vs_knicks,LAL,Rick Roberson,6,0.0,2.333,3,0.0
1970,1970_nba_finals_lakers_vs_knicks,LAL,Willie McCarter,6,0.0,0.0,1,0.0
1969,1969_nba_finals_celtics_vs_lakers,LAL,Jerry West,7,42.0,37.167,6,4.833
1969,1969_nba_finals_celtics_vs_lakers,BOS,John Havlicek,7,26.0,28.667,6,-2.667
1969,1969_nba_finals_celtics_vs_lakers,BOS,Sam Jones,7,24.0,17.833,6,6.167
1969,1969_nba_finals_celtics_vs_lakers,LAL,Elgin Baylor,7,20.0,17.667,6,2.333
1969,1969_nba_finals_celtics_vs_lakers,BOS,Em Bryant,7,20.0,9.5,6,10.5
1969,1969_nba_finals_celtics_vs_lakers,LAL,Wilt Chamberlain,7,18.0,10.667,6,7.333
1969,1969_nba_finals_celtics_vs_lakers,BOS,Don Nelson,7,16.0,11.167,6,4.833
1969,1969_nba_finals_celtics_vs_lakers,BOS,Bailey Howell,7,9.0,10.833,6,-1.833
1969,1969_nba_finals_celtics_vs_lakers,LAL,Johnny Egan,7,9.0,16.167,6,-7.167
1969,1969_nba_finals_celtics_vs_lakers,LAL,Mel Counts,7,9.0,10.0,6,-1.0
1969,1969_nba_finals_celtics_vs_lakers,BOS,Larry Siegfried,7,7.0,15.167,6,-8.167
1969,1969_nba_finals_celtics_vs_lakers,BOS,Bill Russell,7,6.0,9.667,6,-3.667
1969,1969_nba_finals_celtics_vs_lakers,LAL,Keith Erickson,7,6.0,9.333,6,-3.333
1969,1969_nba_finals_celtics_vs_lakers,LAL,Tom Hawkins,7,2.0,2.667,6,-0.667
1969,1969_nba_finals_celtics_vs_lakers,LAL,Bill Hewitt,4,0.0,4.0,4,0.0
1969,1969_nba_finals_celtics_vs_lakers,BOS,Don Chaney,2,0.0,1.0,2,0.0
1969,1969_nba_finals_celtics_vs_lakers,LAL,Freddie Crawford,1,0.0,0.0,1,0.0
1969,1969_nba_finals_celtics_vs_lakers,BOS,Tom Sanders,6,0.0,2.8,5,0.0
